timestamp,accel_x,accel_y,accel_z,alternator_current,altitude_acc,angle_slip,angle_track,auto_status,batt_volt,brake_pressure,carter_temp,curvature_radius,digital,ect,ecu_temp,engine_in,engine_rpm,front_left_damper,front_left_wheel_speed,front_right_damper,front_right_wheel_speed,fuel_consump,fuel_press,fuel_pump_current,gear,gs_id,iat,ignition_current,imu_status,injection_current,lamda,latitude,latitude_acc,longitude,longitude_acc,main_fan_current,map,node_pcb_temp,non_prior_current,oil_press,oil_temp,pdm_id,pitch_acc,pitch_angle,pitch_rate,prior_current,rear_left_speed,rear_right_speed,roll_acc,roll_angle,roll_rate,steering_wheel_angle,sw_id,temp1,temp2,temp3,temp4,temp_imu,temp_pdm,time_stamp,tp,velocity_x,velocity_y,velocity_z,water_pump_current,yaw_acc,yaw_angle,yaw_rate,name,mode,started_at,ended_at,laps,total_time,best,avg,last,consistency_ms,lap_number,lap_time_s,lap_time_fmt,delta_s,delta_fmt,state
22.656,0,0,0,0,0,0,0,0,0,0,0,0,0,0,0,0,0,0,0,0,0,0,298,0,0,0,0,0,0,0,0,0,0,0,0,0,0,0,0,0,0,0,0,0,0,0,0,0,0,0,0,0,0,0,0,0,0,0,0,0,0,0,0,0,0,0,0,0,,,,,,,,,,,,,,,,
22.656,0,0,0,0,0,0,0,0,0,0,0,0,0,0,0,0,0,0,0,0,0,0,298,0,0,0,0,0,0,0,0,0,0,0,0,0,0,0,0,248,0,0,0,0,0,0,0,0,0,0,0,0,0,0,0,0,0,0,0,0,0,0,0,0,0,0,0,0,,,,,,,,,,,,,,,,
22.656,0,0,0,0,0,0,0,0,0,0,0,0,0,0,0,0,0,0,0,0,0,0,298,0,0,0,0,0,0,0,0,0,0,0,0,0,67,0,0,248,0,0,0,0,0,0,0,0,0,0,0,0,0,0,0,0,0,0,0,0,0,0,0,0,0,0,0,0,,,,,,,,,,,,,,,,
23.223,0,0,0,0,0,0,0,0,0,0,0,0,0,0,0,0,0,0,0,0,0,0,298,0,0,0,21,0,0,0,0,0,0,0,0,0,67,0,0,248,0,0,0,0,0,0,0,0,0,0,0,0,0,0,0,0,0,0,0,0,0,0,0,0,0,0,0,0,,,,,,,,,,,,,,,,
23.223,0,0,0,0,0,0,0,0,0,0,0,0,0,81,0,0,0,0,0,0,0,0,298,0,0,0,21,0,0,0,0,0,0,0,0,0,67,0,0,248,0,0,0,0,0,0,0,0,0,0,0,0,0,0,0,0,0,0,0,0,0,0,0,0,0,0,0,0,,,,,,,,,,,,,,,,
23.223,0,0,0,0,0,0,0,0,0,0,0,0,0,81,0,0,0,0,0,0,0,0,298,0,0,0,21,0,0,0,0,0,0,0,0,0,67,0,0,248,77,0,0,0,0,0,0,0,0,0,0,0,0,0,0,0,0,0,0,0,0,0,0,0,0,0,0,0,,,,,,,,,,,,,,,,
23.769,0,0,0,0,0,0,0,0,0,0,0,0,0,81,0,0,0,0,0,0,0,0,298,0,0,0,21,0,0,0,0,0,0,0,0,0,67,0,0,248,77,0,0,0,0,0,0,0,0,0,0,0,0,0,0,0,0,0,0,0,0,0,0,0,0,0,0,0,,,,,,,,,,,,,,,,
23.769,0,0,0,0,0,0,0,0,0,0,0,0,0,81,0,0,0,0,0,0,0,0,298,0,0,0,21,0,0,0,0,0,0,0,0,0,67,0,0,248,77,0,0,0,0,0,0,0,0,0,0,0,0,0,0,0,0,0,0,0,0,0,0,0,0,0,0,0,,,,,,,,,,,,,,,,
23.769,0,0,0,0,0,0,0,0,0,0,0,0,0,81,0,0,0,0,0,0,0,0,298,0,0,0,21,0,0,0,0,0,0,0,0,0,67,0,0,248,77,0,0,0,0,0,0,0,0,0,0,0,0,0,0,0,0,0,0,0,0,0,0,0,0,0,0,0,,,,,,,,,,,,,,,,
24.338,0,0,0,0,0,0,0,0,12,0,0,0,0,81,0,0,0,0,0,0,0,0,298,0,0,0,21,0,0,0,0,0,0,0,0,0,67,0,0,248,77,0,0,0,0,0,0,0,0,0,0,0,0,0,0,0,0,0,0,0,0,0,0,0,0,0,0,0,,,,,,,,,,,,,,,,
24.338,0,0,0,0,0,0,0,0,12,0,0,0,0,81,29,0,0,0,0,0,0,0,298,0,0,0,21,0,0,0,0,0,0,0,0,0,67,0,0,248,77,0,0,0,0,0,0,0,0,0,0,0,0,0,0,0,0,0,0,0,0,0,0,0,0,0,0,0,,,,,,,,,,,,,,,,
24.338,0,0,0,0,0,0,0,0,12,0,0,0,0,81,29,3,0,0,0,0,0,0,298,0,0,0,21,0,0,0,0,0,0,0,0,0,67,0,0,248,77,0,0,0,0,0,0,0,0,0,0,0,0,0,0,0,0,0,0,0,0,0,0,0,0,0,0,0,,,,,,,,,,,,,,,,
24.338,0,0,0,0,0,0,0,0,12,0,0,0,0,81,29,3,0,0,0,0,0,0,298,0,0,0,21,0,0,0,0,0,0,0,0,0,67,0,0,248,77,0,0,0,0,0,0,0,0,0,0,0,0,0,0,0,0,0,0,0,0,0,0,0,0,0,0,0,,,,,,,,,,,,,,,,
24.922,0,0,0,0,0,0,0,0,12,0,0,0,0,81,29,3,0,0,0,0,0,0,298,0,0,0,21,0,0,0,0,0,0,0,0,0,67,0,0,248,77,0,0,0,0,0,0,0,0,0,0,0,0,0,0,0,0,0,0,0,0,0,0,0,0,0,0,0,,,,,,,,,,,,,,,,
24.922,0,0,0,0,0,0,0,0,12,0,0,0,0,81,29,3,0,0,0,0,0,0,298,0,0,0,21,0,0,0,0,0,0,0,0,0,67,0,0,248,77,0,0,0,0,0,0,0,0,0,0,0,0,0,0,0,0,0,0,0,0,0,0,0,0,0,0,0,,,,,,,,,,,,,,,,
24.922,0,0,0,0,0,0,0,0,12,0,0,0,0,81,29,3,0,0,0,0,0,0,298,0,0,0,21,0,0,0,0,0,0,0,0,0,67,0,0,248,77,0,0,0,0,0,0,0,0,0,0,0,0,0,0,0,0,0,0,0,0,0,0,0,0,0,0,0,,,,,,,,,,,,,,,,
24.922,0,0,0,0,0,0,0,0,12,0,0,0,0,81,29,3,2698,0,0,0,0,0,298,0,0,0,21,0,0,0,0,0,0,0,0,0,67,0,0,248,77,0,0,0,0,0,0,0,0,0,0,0,0,0,0,0,0,0,0,0,0,0,0,0,0,0,0,0,,,,,,,,,,,,,,,,
25.492,0,0,0,0,0,0,0,0,12,0,0,0,0,81,29,3,2698,0,0,0,0,0,298,0,0,0,21,0,0,0,0,0,0,0,0,0,67,0,0,248,77,0,0,0,0,0,0,0,0,0,0,0,0,0,0,0,0,0,0,0,0,0,0,0,0,0,0,0,,,,,,,,,,,,,,,,
25.492,0,0,0,0,0,0,0,0,12,0,0,0,0,81,29,3,2698,0,0,0,0,0,298,0,0,0,21,0,0,0,0,0,0,0,0,0,67,0,0,260,77,0,0,0,0,0,0,0,0,0,0,0,0,0,0,0,0,0,0,0,0,0,0,0,0,0,0,0,,,,,,,,,,,,,,,,
25.492,0,0,0,0,0,0,0,0,12,0,0,0,0,81,29,3,2698,0,0,0,0,0,298,0,0,0,21,0,0,0,0,0,0,0,0,0,67,0,0,260,77,0,0,0,0,0,0,0,0,0,0,0,0,0,0,0,0,0,0,0,0,0,0,0,0,0,0,0,,,,,,,,,,,,,,,,
26.046,0,0,0,0,0,0,0,0,12,0,0,0,0,81,29,3,2698,0,0,0,0,0,298,0,0,0,21,0,0,0,0,0,0,0,0,0,67,0,0,260,77,0,0,0,0,0,0,0,0,0,0,0,0,0,0,0,0,0,0,0,0,0,0,0,0,0,0,0,,,,,,,,,,,,,,,,
26.046,0,0,0,0,0,0,0,0,12,0,0,0,0,81,29,3,2698,0,0,0,0,0,298,0,0,0,21,0,0,0,0,0,0,0,0,0,67,0,0,260,77,0,0,0,0,0,0,0,0,0,0,0,0,0,0,0,0,0,0,0,0,0,0,0,0,0,0,0,,,,,,,,,,,,,,,,
26.046,0,0,0,0,0,0,0,0,12,0,0,0,0,81,29,3,2698,0,0,0,0,0,298,0,0,0,21,0,0,0,0,0,0,0,0,0,67,0,0,260,77,0,0,0,0,0,0,0,0,0,0,0,0,0,0,0,0,0,0,0,0,0,0,0,0,0,0,0,,,,,,,,,,,,,,,,
26.656,0,0,0,0,0,0,0,0,12,0,0,0,0,81,29,3,2698,0,0,0,0,0,301,0,0,0,21,0,0,0,0,0,0,0,0,0,67,0,0,260,77,0,0,0,0,0,0,0,0,0,0,0,0,0,0,0,0,0,0,0,0,0,0,0,0,0,0,0,,,,,,,,,,,,,,,,
26.656,0,0,0,0,0,0,0,0,12,0,0,0,0,81,29,3,2698,0,0,0,0,0,301,0,0,0,21,0,0,0,0,0,0,0,0,0,67,0,0,235,77,0,0,0,0,0,0,0,0,0,0,0,0,0,0,0,0,0,0,0,0,0,0,0,0,0,0,0,,,,,,,,,,,,,,,,
26.656,0,0,0,0,0,0,0,0,12,0,0,0,0,81,29,3,2698,0,0,0,0,0,301,0,0,0,21,0,0,0,0,0,0,0,0,0,70,0,0,235,77,0,0,0,0,0,0,0,0,0,0,0,0,0,0,0,0,0,0,0,0,0,0,0,0,0,0,0,,,,,,,,,,,,,,,,
27.208,0,0,0,0,0,0,0,0,12,0,0,0,0,81,29,3,2698,0,0,0,0,0,301,0,0,0,22,0,0,0,0,0,0,0,0,0,70,0,0,235,77,0,0,0,0,0,0,0,0,0,0,0,0,0,0,0,0,0,0,0,0,0,0,0,0,0,0,0,,,,,,,,,,,,,,,,
27.208,0,0,0,0,0,0,0,0,12,0,0,0,0,82,29,3,2698,0,0,0,0,0,301,0,0,0,22,0,0,0,0,0,0,0,0,0,70,0,0,235,77,0,0,0,0,0,0,0,0,0,0,0,0,0,0,0,0,0,0,0,0,0,0,0,0,0,0,0,,,,,,,,,,,,,,,,
27.208,0,0,0,0,0,0,0,0,12,0,0,0,0,82,29,3,2698,0,0,0,0,0,301,0,0,0,22,0,0,0,0,0,0,0,0,0,70,0,0,235,78,0,0,0,0,0,0,0,0,0,0,0,0,0,0,0,0,0,0,0,0,0,0,0,0,0,0,0,,,,,,,,,,,,,,,,
27.791,0,0,0,0,0,0,0,0,12,0,0,0,0,82,29,3,2698,0,0,0,0,0,301,0,0,0,22,0,0,0,0,0,0,0,0,0,70,0,0,235,78,0,0,0,0,0,0,0,0,0,0,0,0,0,0,0,0,0,0,0,0,0,0,0,0,0,0,0,,,,,,,,,,,,,,,,
27.791,0,0,0,0,0,0,0,0,12,0,0,0,0,82,29,3,2698,0,0,0,0,0,301,0,0,0,22,0,0,0,0,0,0,0,0,0,70,0,0,235,78,0,0,0,0,0,0,0,0,0,0,0,0,0,0,0,0,0,0,0,0,0,0,0,0,0,0,0,,,,,,,,,,,,,,,,
27.791,0,0,0,0,0,0,0,0,12,0,0,0,0,82,29,3,2698,0,0,0,0,0,301,0,0,0,22,0,0,0,0,0,0,0,0,0,70,0,0,235,78,0,0,0,0,0,0,0,0,0,0,0,0,0,0,0,0,0,0,0,0,0,0,0,0,0,0,0,,,,,,,,,,,,,,,,
28.350,0,0,0,0,0,0,0,0,12,0,0,0,0,82,29,3,2698,0,0,0,0,0,301,0,0,0,22,0,0,0,0,0,0,0,0,0,70,0,0,235,78,0,0,0,0,0,0,0,0,0,0,0,0,0,0,0,0,0,0,0,0,0,0,0,0,0,0,0,,,,,,,,,,,,,,,,
28.350,0,0,0,0,0,0,0,0,12,0,0,0,0,82,29,3,2698,0,0,0,0,0,301,0,0,0,22,0,0,0,0,0,0,0,0,0,70,0,0,235,78,0,0,0,0,0,0,0,0,0,0,0,0,0,0,0,0,0,0,0,0,0,0,0,0,0,0,0,,,,,,,,,,,,,,,,
28.350,0,0,0,0,0,0,0,0,12,0,0,0,0,82,29,3,2698,0,0,0,0,0,301,0,0,0,22,0,0,0,0,0,0,0,0,0,70,0,0,235,78,0,0,0,0,0,0,0,0,0,0,0,0,0,0,0,0,0,0,0,0,0,0,0,0,0,0,0,,,,,,,,,,,,,,,,
28.350,0,0,0,0,0,0,0,0,12,0,0,0,0,82,29,3,2698,0,0,0,0,0,301,0,0,0,22,0,0,0,0,0,0,0,0,0,70,0,0,235,78,0,0,0,0,0,0,0,0,0,0,0,0,0,0,0,0,0,0,0,0,0,0,0,0,0,0,0,,,,,,,,,,,,,,,,
28.915,0,0,0,0,0,0,0,0,12,0,0,0,0,82,29,3,2698,0,0,0,0,0,298,0,0,0,22,0,0,0,0,0,0,0,0,0,70,0,0,235,78,0,0,0,0,0,0,0,0,0,0,0,0,0,0,0,0,0,0,0,0,0,0,0,0,0,0,0,,,,,,,,,,,,,,,,
28.915,0,0,0,0,0,0,0,0,12,0,0,0,0,82,29,3,2698,0,0,0,0,0,298,0,0,0,22,0,0,0,0,0,0,0,0,0,70,0,0,260,78,0,0,0,0,0,0,0,0,0,0,0,0,0,0,0,0,0,0,0,0,0,0,0,0,0,0,0,,,,,,,,,,,,,,,,
28.915,0,0,0,0,0,0,0,0,12,0,0,0,0,82,29,3,2698,0,0,0,0,0,298,0,0,0,22,0,0,0,0,0,0,0,0,0,67,0,0,260,78,0,0,0,0,0,0,0,0,0,0,0,0,0,0,0,0,0,0,0,0,0,0,0,0,0,0,0,,,,,,,,,,,,,,,,
29.484,0,0,0,0,0,0,0,0,12,0,0,0,0,82,29,3,2698,0,0,0,0,0,298,0,0,0,21,0,0,0,0,0,0,0,0,0,67,0,0,260,78,0,0,0,0,0,0,0,0,0,0,0,0,0,0,0,0,0,0,0,0,0,0,0,0,0,0,0,,,,,,,,,,,,,,,,
29.484,0,0,0,0,0,0,0,0,12,0,0,0,0,82,29,3,2698,0,0,0,0,0,298,0,0,0,21,0,0,0,0,0,0,0,0,0,67,0,0,260,78,0,0,0,0,0,0,0,0,0,0,0,0,0,0,0,0,0,0,0,0,0,0,0,0,0,0,0,,,,,,,,,,,,,,,,
29.484,0,0,0,0,0,0,0,0,12,0,0,0,0,82,29,3,2698,0,0,0,0,0,298,0,0,0,21,0,0,0,0,0,0,0,0,0,67,0,0,260,78,0,0,0,0,0,0,0,0,0,0,0,0,0,0,0,0,0,0,0,0,0,0,0,0,0,0,0,,,,,,,,,,,,,,,,
30.656,0,0,0,0,0,0,0,0,12,0,0,0,0,82,29,3,2698,0,0,0,0,0,298,0,0,0,21,0,0,0,0,0,0,0,0,0,67,0,0,260,78,0,0,0,0,0,0,0,0,0,0,0,0,0,0,0,0,0,0,0,0,0,0,0,0,0,0,0,,,,,,,,,,,,,,,,
30.656,0,0,0,0,0,0,0,0,12,0,0,0,0,82,29,3,2698,0,0,0,0,0,298,0,0,0,21,0,0,0,0,0,0,0,0,0,67,0,0,251,78,0,0,0,0,0,0,0,0,0,0,0,0,0,0,0,0,0,0,0,0,0,0,0,0,0,0,0,,,,,,,,,,,,,,,,
30.656,0,0,0,0,0,0,0,0,12,0,0,0,0,82,29,3,2698,0,0,0,0,0,298,0,0,0,21,0,0,0,0,0,0,0,0,0,67,0,0,251,78,0,0,0,0,0,0,0,0,0,0,0,0,0,0,0,0,0,0,0,0,0,0,0,0,0,0,0,,,,,,,,,,,,,,,,
31.218,0,0,0,0,0,0,0,0,12,0,0,0,0,82,29,3,2698,0,0,0,0,0,298,0,0,0,21,0,0,0,0,0,0,0,0,0,67,0,0,251,78,0,0,0,0,0,0,0,0,0,0,0,0,0,0,0,0,0,0,0,0,0,0,0,0,0,0,0,,,,,,,,,,,,,,,,
31.218,0,0,0,0,0,0,0,0,12,0,0,0,0,82,29,3,2698,0,0,0,0,0,298,0,0,0,21,0,0,0,0,0,0,0,0,0,67,0,0,251,78,0,0,0,0,0,0,0,0,0,0,0,0,0,0,0,0,0,0,0,0,0,0,0,0,0,0,0,,,,,,,,,,,,,,,,
31.218,0,0,0,0,0,0,0,0,12,0,0,0,0,82,29,3,2698,0,0,0,0,0,298,0,0,0,21,0,0,0,0,0,0,0,0,0,67,0,0,251,78,0,0,0,0,0,0,0,0,0,0,0,0,0,0,0,0,0,0,0,0,0,0,0,0,0,0,0,,,,,,,,,,,,,,,,
31.778,0,0,0,0,0,0,0,0,12,0,0,0,0,82,29,3,2698,0,0,0,0,0,298,0,0,0,21,0,0,0,0,0,0,0,0,0,67,0,0,251,78,0,0,0,0,0,0,0,0,0,0,0,0,0,0,0,0,0,0,0,0,0,0,0,0,0,0,0,,,,,,,,,,,,,,,,
31.778,0,0,0,0,0,0,0,0,12,0,0,0,0,82,29,3,2698,0,0,0,0,0,298,0,0,0,21,0,0,0,0,0,0,0,0,0,67,0,0,251,78,0,0,0,0,0,0,0,0,0,0,0,0,0,0,0,0,0,0,0,0,0,0,0,0,0,0,0,,,,,,,,,,,,,,,,
31.778,0,0,0,0,0,0,0,0,12,0,0,0,0,82,29,3,2698,0,0,0,0,0,298,0,0,0,21,0,0,0,0,0,0,0,0,0,67,0,0,251,78,0,0,0,0,0,0,0,0,0,0,0,0,0,0,0,0,0,0,0,0,0,0,0,0,0,0,0,,,,,,,,,,,,,,,,
31.778,0,0,0,0,0,0,0,0,12,0,0,0,0,82,29,3,2585,0,0,0,0,0,298,0,0,0,21,0,0,0,0,0,0,0,0,0,67,0,0,251,78,0,0,0,0,0,0,0,0,0,0,0,0,0,0,0,0,0,0,0,0,0,0,0,0,0,0,0,,,,,,,,,,,,,,,,
32.341,0,0,0,0,0,0,0,0,12,0,0,0,0,82,29,3,2585,0,0,0,0,0,298,0,0,0,21,0,0,0,0,0,0,0,0,0,67,0,0,251,78,0,0,0,0,0,0,0,0,0,0,0,0,0,0,0,0,0,0,0,0,0,0,0,0,0,0,0,,,,,,,,,,,,,,,,
32.341,0,0,0,0,0,0,0,0,12,0,0,0,0,82,29,3,2585,0,0,0,0,0,298,0,0,0,21,0,0,0,0,0,0,0,0,0,67,0,0,251,78,0,0,0,0,0,0,0,0,0,0,0,0,0,0,0,0,0,0,0,0,0,0,0,0,0,0,0,,,,,,,,,,,,,,,,
32.342,0,0,0,0,0,0,0,0,12,0,0,0,0,82,29,3,2585,0,0,0,0,0,298,0,0,0,21,0,0,0,0,0,0,0,0,0,67,0,0,251,78,0,0,0,0,0,0,0,0,0,0,0,0,0,0,0,0,0,0,0,0,0,0,0,0,0,0,0,,,,,,,,,,,,,,,,
32.911,0,0,0,0,0,0,0,0,12,0,0,0,0,82,29,3,2585,0,0,0,0,0,302,0,0,0,21,0,0,0,0,0,0,0,0,0,67,0,0,251,78,0,0,0,0,0,0,0,0,0,0,0,0,0,0,0,0,0,0,0,0,0,0,0,0,0,0,0,,,,,,,,,,,,,,,,
32.911,0,0,0,0,0,0,0,0,12,0,0,0,0,82,29,3,2585,0,0,0,0,0,302,0,0,0,21,0,0,0,0,0,0,0,0,0,67,0,0,240,78,0,0,0,0,0,0,0,0,0,0,0,0,0,0,0,0,0,0,0,0,0,0,0,0,0,0,0,,,,,,,,,,,,,,,,
32.911,0,0,0,0,0,0,0,0,12,0,0,0,0,82,29,3,2585,0,0,0,0,0,302,0,0,0,21,0,0,0,0,0,0,0,0,0,70,0,0,240,78,0,0,0,0,0,0,0,0,0,0,0,0,0,0,0,0,0,0,0,0,0,0,0,0,0,0,0,,,,,,,,,,,,,,,,
33.486,0,0,0,0,0,0,0,0,12,0,0,0,0,82,29,3,2585,0,0,0,0,0,302,0,0,0,22,0,0,0,0,0,0,0,0,0,70,0,0,240,78,0,0,0,0,0,0,0,0,0,0,0,0,0,0,0,0,0,0,0,0,0,0,0,0,0,0,0,,,,,,,,,,,,,,,,
33.486,0,0,0,0,0,0,0,0,12,0,0,0,0,83,29,3,2585,0,0,0,0,0,302,0,0,0,22,0,0,0,0,0,0,0,0,0,70,0,0,240,78,0,0,0,0,0,0,0,0,0,0,0,0,0,0,0,0,0,0,0,0,0,0,0,0,0,0,0,,,,,,,,,,,,,,,,
33.486,0,0,0,0,0,0,0,0,12,0,0,0,0,83,29,3,2585,0,0,0,0,0,302,0,0,0,22,0,0,0,0,0,0,0,0,0,70,0,0,240,78,0,0,0,0,0,0,0,0,0,0,0,0,0,0,0,0,0,0,0,0,0,0,0,0,0,0,0,,,,,,,,,,,,,,,,
34.065,0,0,0,0,0,0,0,0,12,0,0,0,0,83,29,3,2585,0,0,0,0,0,302,0,0,0,22,0,0,0,0,0,0,0,0,0,70,0,0,240,78,0,0,0,0,0,0,0,0,0,0,0,0,0,0,0,0,0,0,0,0,0,0,0,0,0,0,0,,,,,,,,,,,,,,,,
34.065,0,0,0,0,0,0,0,0,12,0,0,0,0,83,29,3,2585,0,0,0,0,0,302,0,0,0,22,0,0,0,0,0,0,0,0,0,70,0,0,240,78,0,0,0,0,0,0,0,0,0,0,0,0,0,0,0,0,0,0,0,0,0,0,0,0,0,0,0,,,,,,,,,,,,,,,,
34.065,0,0,0,0,0,0,0,0,12,0,0,0,0,83,29,3,2585,0,0,0,0,0,302,0,0,0,22,0,0,0,0,0,0,0,0,0,70,0,0,240,78,0,0,0,0,0,0,0,0,0,0,0,0,0,0,0,0,0,0,0,0,0,0,0,0,0,0,0,,,,,,,,,,,,,,,,
34.065,0,0,0,0,0,0,0,0,12,0,0,0,0,83,29,3,2585,0,0,0,0,0,302,0,0,0,22,0,0,0,0,0,0,0,0,0,70,0,0,240,78,0,0,0,0,0,0,0,0,0,0,0,0,0,0,0,0,0,0,0,0,0,0,0,0,0,0,0,,,,,,,,,,,,,,,,
34.625,0,0,0,0,0,0,0,0,12,0,0,0,0,83,29,3,2585,0,0,0,0,0,299,0,0,0,22,0,0,0,0,0,0,0,0,0,70,0,0,240,78,0,0,0,0,0,0,0,0,0,0,0,0,0,0,0,0,0,0,0,0,0,0,0,0,0,0,0,,,,,,,,,,,,,,,,
34.625,0,0,0,0,0,0,0,0,12,0,0,0,0,83,29,3,2585,0,0,0,0,0,299,0,0,0,22,0,0,0,0,0,0,0,0,0,70,0,0,253,78,0,0,0,0,0,0,0,0,0,0,0,0,0,0,0,0,0,0,0,0,0,0,0,0,0,0,0,,,,,,,,,,,,,,,,
34.625,0,0,0,0,0,0,0,0,12,0,0,0,0,83,29,3,2585,0,0,0,0,0,299,0,0,0,22,0,0,0,0,0,0,0,0,0,67,0,0,253,78,0,0,0,0,0,0,0,0,0,0,0,0,0,0,0,0,0,0,0,0,0,0,0,0,0,0,0,,,,,,,,,,,,,,,,
35.206,0,0,0,0,0,0,0,0,12,0,0,0,0,83,29,3,2585,0,0,0,0,0,299,0,0,0,21,0,0,0,0,0,0,0,0,0,67,0,0,253,78,0,0,0,0,0,0,0,0,0,0,0,0,0,0,0,0,0,0,0,0,0,0,0,0,0,0,0,,,,,,,,,,,,,,,,
35.206,0,0,0,0,0,0,0,0,12,0,0,0,0,83,29,3,2585,0,0,0,0,0,299,0,0,0,21,0,0,0,0,0,0,0,0,0,67,0,0,253,78,0,0,0,0,0,0,0,0,0,0,0,0,0,0,0,0,0,0,0,0,0,0,0,0,0,0,0,,,,,,,,,,,,,,,,
35.206,0,0,0,0,0,0,0,0,12,0,0,0,0,83,29,3,2585,0,0,0,0,0,299,0,0,0,21,0,0,0,0,0,0,0,0,0,67,0,0,253,78,0,0,0,0,0,0,0,0,0,0,0,0,0,0,0,0,0,0,0,0,0,0,0,0,0,0,0,,,,,,,,,,,,,,,,
35.779,0,0,0,0,0,0,0,0,12,0,0,0,0,83,29,3,2585,0,0,0,0,0,299,0,0,0,21,0,0,0,0,0,0,0,0,0,67,0,0,253,78,0,0,0,0,0,0,0,0,0,0,0,0,0,0,0,0,0,0,0,0,0,0,0,0,0,0,0,,,,,,,,,,,,,,,,
35.779,0,0,0,0,0,0,0,0,12,0,0,0,0,83,29,3,2585,0,0,0,0,0,299,0,0,0,21,0,0,0,0,0,0,0,0,0,67,0,0,253,78,0,0,0,0,0,0,0,0,0,0,0,0,0,0,0,0,0,0,0,0,0,0,0,0,0,0,0,,,,,,,,,,,,,,,,
35.779,0,0,0,0,0,0,0,0,12,0,0,0,0,83,29,3,2585,0,0,0,0,0,299,0,0,0,21,0,0,0,0,0,0,0,0,0,67,0,0,253,78,0,0,0,0,0,0,0,0,0,0,0,0,0,0,0,0,0,0,0,0,0,0,0,0,0,0,0,,,,,,,,,,,,,,,,
36.632,0,0,0,0,0,0,0,0,12,0,0,0,0,83,29,3,2585,0,0,0,0,0,298,0,0,0,21,0,0,0,0,0,0,0,0,0,67,0,0,253,78,0,0,0,0,0,0,0,0,0,0,0,0,0,0,0,0,0,0,0,0,0,0,0,0,0,0,0,,,,,,,,,,,,,,,,
36.632,0,0,0,0,0,0,0,0,12,0,0,0,0,83,29,3,2585,0,0,0,0,0,298,0,0,0,21,0,0,0,0,0,0,0,0,0,67,0,0,250,78,0,0,0,0,0,0,0,0,0,0,0,0,0,0,0,0,0,0,0,0,0,0,0,0,0,0,0,,,,,,,,,,,,,,,,
36.632,0,0,0,0,0,0,0,0,12,0,0,0,0,83,29,3,2585,0,0,0,0,0,298,0,0,0,21,0,0,0,0,0,0,0,0,0,67,0,0,250,78,0,0,0,0,0,0,0,0,0,0,0,0,0,0,0,0,0,0,0,0,0,0,0,0,0,0,0,,,,,,,,,,,,,,,,
37.233,0,0,0,0,0,0,0,0,12,0,0,0,0,83,29,3,2585,0,0,0,0,0,298,0,0,0,21,0,0,0,0,0,0,0,0,0,67,0,0,250,78,0,0,0,0,0,0,0,0,0,0,0,0,0,0,0,0,0,0,0,0,0,0,0,0,0,0,0,,,,,,,,,,,,,,,,
37.233,0,0,0,0,0,0,0,0,12,0,0,0,0,83,29,3,2585,0,0,0,0,0,298,0,0,0,21,0,0,0,0,0,0,0,0,0,67,0,0,250,78,0,0,0,0,0,0,0,0,0,0,0,0,0,0,0,0,0,0,0,0,0,0,0,0,0,0,0,,,,,,,,,,,,,,,,
37.233,0,0,0,0,0,0,0,0,12,0,0,0,0,83,29,3,2585,0,0,0,0,0,298,0,0,0,21,0,0,0,0,0,0,0,0,0,67,0,0,250,78,0,0,0,0,0,0,0,0,0,0,0,0,0,0,0,0,0,0,0,0,0,0,0,0,0,0,0,,,,,,,,,,,,,,,,
37.769,0,0,0,0,0,0,0,0,12,0,0,0,0,83,29,3,2585,0,0,0,0,0,298,0,0,0,21,0,0,0,0,0,0,0,0,0,67,0,0,250,78,0,0,0,0,0,0,0,0,0,0,0,0,0,0,0,0,0,0,0,0,0,0,0,0,0,0,0,,,,,,,,,,,,,,,,
37.769,0,0,0,0,0,0,0,0,12,0,0,0,0,83,29,3,2585,0,0,0,0,0,298,0,0,0,21,0,0,0,0,0,0,0,0,0,67,0,0,250,78,0,0,0,0,0,0,0,0,0,0,0,0,0,0,0,0,0,0,0,0,0,0,0,0,0,0,0,,,,,,,,,,,,,,,,
37.769,0,0,0,0,0,0,0,0,12,0,0,0,0,83,29,3,2585,0,0,0,0,0,298,0,0,0,21,0,0,0,0,0,0,0,0,0,67,0,0,250,78,0,0,0,0,0,0,0,0,0,0,0,0,0,0,0,0,0,0,0,0,0,0,0,0,0,0,0,,,,,,,,,,,,,,,,
37.769,0,0,0,0,0,0,0,0,12,0,0,0,0,83,29,3,2585,0,0,0,0,0,298,0,0,0,21,0,0,0,0,0,0,0,0,0,67,0,0,250,78,0,0,0,0,0,0,0,0,0,0,0,0,0,0,0,0,0,0,0,0,0,0,0,0,0,0,0,,,,,,,,,,,,,,,,
38.649,0,0,0,0,0,0,0,0,12,0,0,0,0,83,29,3,2585,0,0,0,0,0,298,0,0,0,21,0,0,0,0,0,0,0,0,0,67,0,0,250,78,0,0,0,0,0,0,0,0,0,0,0,0,0,0,0,0,0,0,0,0,0,0,0,0,0,0,0,,,,,,,,,,,,,,,,
38.649,0,0,0,0,0,0,0,0,12,0,0,0,0,83,29,3,2585,0,0,0,0,0,298,0,0,0,21,0,0,0,0,0,0,0,0,0,67,0,0,254,78,0,0,0,0,0,0,0,0,0,0,0,0,0,0,0,0,0,0,0,0,0,0,0,0,0,0,0,,,,,,,,,,,,,,,,
38.649,0,0,0,0,0,0,0,0,12,0,0,0,0,83,29,3,2585,0,0,0,0,0,298,0,0,0,21,0,0,0,0,0,0,0,0,0,67,0,0,254,78,0,0,0,0,0,0,0,0,0,0,0,0,0,0,0,0,0,0,0,0,0,0,0,0,0,0,0,,,,,,,,,,,,,,,,
39.196,0,0,0,0,0,0,0,0,12,0,0,0,0,83,29,3,2585,0,0,0,0,0,298,0,0,0,21,0,0,0,0,0,0,0,0,0,67,0,0,254,78,0,0,0,0,0,0,0,0,0,0,0,0,0,0,0,0,0,0,0,0,0,0,0,0,0,0,0,,,,,,,,,,,,,,,,
39.196,0,0,0,0,0,0,0,0,12,0,0,0,0,84,29,3,2585,0,0,0,0,0,298,0,0,0,21,0,0,0,0,0,0,0,0,0,67,0,0,254,78,0,0,0,0,0,0,0,0,0,0,0,0,0,0,0,0,0,0,0,0,0,0,0,0,0,0,0,,,,,,,,,,,,,,,,
39.196,0,0,0,0,0,0,0,0,12,0,0,0,0,84,29,3,2585,0,0,0,0,0,298,0,0,0,21,0,0,0,0,0,0,0,0,0,67,0,0,254,78,0,0,0,0,0,0,0,0,0,0,0,0,0,0,0,0,0,0,0,0,0,0,0,0,0,0,0,,,,,,,,,,,,,,,,
39.778,0,0,0,0,0,0,0,0,12,0,0,0,0,84,29,3,2585,0,0,0,0,0,298,0,0,0,21,0,0,0,0,0,0,0,0,0,67,0,0,254,78,0,0,0,0,0,0,0,0,0,0,0,0,0,0,0,0,0,0,0,0,0,0,0,0,0,0,0,,,,,,,,,,,,,,,,
39.778,0,0,0,0,0,0,0,0,12,0,0,0,0,84,29,3,2585,0,0,0,0,0,298,0,0,0,21,0,0,0,0,0,0,0,0,0,67,0,0,254,78,0,0,0,0,0,0,0,0,0,0,0,0,0,0,0,0,0,0,0,0,0,0,0,0,0,0,0,,,,,,,,,,,,,,,,
39.778,0,0,0,0,0,0,0,0,12,0,0,0,0,84,29,3,2585,0,0,0,0,0,298,0,0,0,21,0,0,0,0,0,0,0,0,0,67,0,0,254,78,0,0,0,0,0,0,0,0,0,0,0,0,0,0,0,0,0,0,0,0,0,0,0,0,0,0,0,,,,,,,,,,,,,,,,
39.778,0,0,0,0,0,0,0,0,12,0,0,0,0,84,29,3,2670,0,0,0,0,0,298,0,0,0,21,0,0,0,0,0,0,0,0,0,67,0,0,254,78,0,0,0,0,0,0,0,0,0,0,0,0,0,0,0,0,0,0,0,0,0,0,0,0,0,0,0,,,,,,,,,,,,,,,,
40.353,0,0,0,0,0,0,0,0,12,0,0,0,0,84,29,3,2670,0,0,0,0,0,298,0,0,0,21,0,0,0,0,0,0,0,0,0,67,0,0,254,78,0,0,0,0,0,0,0,0,0,0,0,0,0,0,0,0,0,0,0,0,0,0,0,0,0,0,0,,,,,,,,,,,,,,,,
40.353,0,0,0,0,0,0,0,0,12,0,0,0,0,84,29,3,2670,0,0,0,0,0,298,0,0,0,21,0,0,0,0,0,0,0,0,0,67,0,0,254,78,0,0,0,0,0,0,0,0,0,0,0,0,0,0,0,0,0,0,0,0,0,0,0,0,0,0,0,,,,,,,,,,,,,,,,
40.353,0,0,0,0,0,0,0,0,12,0,0,0,0,84,29,3,2670,0,0,0,0,0,298,0,0,0,21,0,0,0,0,0,0,0,0,0,67,0,0,254,78,0,0,0,0,0,0,0,0,0,0,0,0,0,0,0,0,0,0,0,0,0,0,0,0,0,0,0,,,,,,,,,,,,,,,,
40.905,0,0,0,0,0,0,0,0,12,0,0,0,0,84,29,3,2670,0,0,0,0,0,298,0,0,0,21,0,0,0,0,0,0,0,0,0,67,0,0,254,78,0,0,0,0,0,0,0,0,0,0,0,0,0,0,0,0,0,0,0,0,0,0,0,0,0,0,0,,,,,,,,,,,,,,,,
40.905,0,0,0,0,0,0,0,0,12,0,0,0,0,84,29,3,2670,0,0,0,0,0,298,0,0,0,21,0,0,0,0,0,0,0,0,0,67,0,0,261,78,0,0,0,0,0,0,0,0,0,0,0,0,0,0,0,0,0,0,0,0,0,0,0,0,0,0,0,,,,,,,,,,,,,,,,
40.905,0,0,0,0,0,0,0,0,12,0,0,0,0,84,29,3,2670,0,0,0,0,0,298,0,0,0,21,0,0,0,0,0,0,0,0,0,67,0,0,261,78,0,0,0,0,0,0,0,0,0,0,0,0,0,0,0,0,0,0,0,0,0,0,0,0,0,0,0,,,,,,,,,,,,,,,,
41.479,0,0,0,0,0,0,0,0,12,0,0,0,0,84,29,3,2670,0,0,0,0,0,298,0,0,0,21,0,0,0,0,0,0,0,0,0,67,0,0,261,78,0,0,0,0,0,0,0,0,0,0,0,0,0,0,0,0,0,0,0,0,0,0,0,0,0,0,0,,,,,,,,,,,,,,,,
41.479,0,0,0,0,0,0,0,0,12,0,0,0,0,84,29,3,2670,0,0,0,0,0,298,0,0,0,21,0,0,0,0,0,0,0,0,0,67,0,0,261,78,0,0,0,0,0,0,0,0,0,0,0,0,0,0,0,0,0,0,0,0,0,0,0,0,0,0,0,,,,,,,,,,,,,,,,
41.479,0,0,0,0,0,0,0,0,12,0,0,0,0,84,29,3,2670,0,0,0,0,0,298,0,0,0,21,0,0,0,0,0,0,0,0,0,67,0,0,261,78,0,0,0,0,0,0,0,0,0,0,0,0,0,0,0,0,0,0,0,0,0,0,0,0,0,0,0,,,,,,,,,,,,,,,,
42.639,0,0,0,0,0,0,0,0,12,0,0,0,0,84,29,3,2670,0,0,0,0,0,298,0,0,0,21,0,0,0,0,0,0,0,0,0,67,0,0,261,78,0,0,0,0,0,0,0,0,0,0,0,0,0,0,0,0,0,0,0,0,0,0,0,0,0,0,0,,,,,,,,,,,,,,,,
42.639,0,0,0,0,0,0,0,0,12,0,0,0,0,84,29,3,2670,0,0,0,0,0,298,0,0,0,21,0,0,0,0,0,0,0,0,0,67,0,0,254,78,0,0,0,0,0,0,0,0,0,0,0,0,0,0,0,0,0,0,0,0,0,0,0,0,0,0,0,,,,,,,,,,,,,,,,
42.639,0,0,0,0,0,0,0,0,12,0,0,0,0,84,29,3,2670,0,0,0,0,0,298,0,0,0,21,0,0,0,0,0,0,0,0,0,67,0,0,254,78,0,0,0,0,0,0,0,0,0,0,0,0,0,0,0,0,0,0,0,0,0,0,0,0,0,0,0,,,,,,,,,,,,,,,,
43.208,0,0,0,0,0,0,0,0,12,0,0,0,0,84,29,3,2670,0,0,0,0,0,298,0,0,0,21,0,0,0,0,0,0,0,0,0,67,0,0,254,78,0,0,0,0,0,0,0,0,0,0,0,0,0,0,0,0,0,0,0,0,0,0,0,0,0,0,0,,,,,,,,,,,,,,,,
43.208,0,0,0,0,0,0,0,0,12,0,0,0,0,84,29,3,2670,0,0,0,0,0,298,0,0,0,21,0,0,0,0,0,0,0,0,0,67,0,0,254,78,0,0,0,0,0,0,0,0,0,0,0,0,0,0,0,0,0,0,0,0,0,0,0,0,0,0,0,,,,,,,,,,,,,,,,
43.208,0,0,0,0,0,0,0,0,12,0,0,0,0,84,29,3,2670,0,0,0,0,0,298,0,0,0,21,0,0,0,0,0,0,0,0,0,67,0,0,254,78,0,0,0,0,0,0,0,0,0,0,0,0,0,0,0,0,0,0,0,0,0,0,0,0,0,0,0,,,,,,,,,,,,,,,,
44.655,0,0,0,0,0,0,0,0,12,0,0,0,0,84,29,3,2670,0,0,0,0,0,298,0,0,0,21,0,0,0,0,0,0,0,0,0,67,0,0,254,78,0,0,0,0,0,0,0,0,0,0,0,0,0,0,0,0,0,0,0,0,0,0,0,0,0,0,0,,,,,,,,,,,,,,,,
44.655,0,0,0,0,0,0,0,0,12,0,0,0,0,84,29,3,2670,0,0,0,0,0,298,0,0,0,21,0,0,0,0,0,0,0,0,0,67,0,0,265,78,0,0,0,0,0,0,0,0,0,0,0,0,0,0,0,0,0,0,0,0,0,0,0,0,0,0,0,,,,,,,,,,,,,,,,
44.655,0,0,0,0,0,0,0,0,12,0,0,0,0,84,29,3,2670,0,0,0,0,0,298,0,0,0,21,0,0,0,0,0,0,0,0,0,67,0,0,265,78,0,0,0,0,0,0,0,0,0,0,0,0,0,0,0,0,0,0,0,0,0,0,0,0,0,0,0,,,,,,,,,,,,,,,,
45.202,0,0,0,0,0,0,0,0,12,0,0,0,0,84,29,3,2670,0,0,0,0,0,298,0,0,0,21,0,0,0,0,0,0,0,0,0,67,0,0,265,78,0,0,0,0,0,0,0,0,0,0,0,0,0,0,0,0,0,0,0,0,0,0,0,0,0,0,0,,,,,,,,,,,,,,,,
45.202,0,0,0,0,0,0,0,0,12,0,0,0,0,85,29,3,2670,0,0,0,0,0,298,0,0,0,21,0,0,0,0,0,0,0,0,0,67,0,0,265,78,0,0,0,0,0,0,0,0,0,0,0,0,0,0,0,0,0,0,0,0,0,0,0,0,0,0,0,,,,,,,,,,,,,,,,
45.202,0,0,0,0,0,0,0,0,12,0,0,0,0,85,29,3,2670,0,0,0,0,0,298,0,0,0,21,0,0,0,0,0,0,0,0,0,67,0,0,265,78,0,0,0,0,0,0,0,0,0,0,0,0,0,0,0,0,0,0,0,0,0,0,0,0,0,0,0,,,,,,,,,,,,,,,,
45.791,0,0,0,0,0,0,0,0,12,0,0,0,0,85,29,3,2670,0,0,0,0,0,298,0,0,0,21,0,0,0,0,0,0,0,0,0,67,0,0,265,78,0,0,0,0,0,0,0,0,0,0,0,0,0,0,0,0,0,0,0,0,0,0,0,0,0,0,0,,,,,,,,,,,,,,,,
45.791,0,0,0,0,0,0,0,0,12,0,0,0,0,85,29,3,2670,0,0,0,0,0,298,0,0,0,21,0,0,0,0,0,0,0,0,0,67,0,0,265,78,0,0,0,0,0,0,0,0,0,0,0,0,0,0,0,0,0,0,0,0,0,0,0,0,0,0,0,,,,,,,,,,,,,,,,
45.791,0,0,0,0,0,0,0,0,12,0,0,0,0,85,29,3,2670,0,0,0,0,0,298,0,0,0,21,0,0,0,0,0,0,0,0,0,67,0,0,265,78,0,0,0,0,0,0,0,0,0,0,0,0,0,0,0,0,0,0,0,0,0,0,0,0,0,0,0,,,,,,,,,,,,,,,,
46.358,0,0,0,0,0,0,0,0,12,0,0,0,0,85,29,3,2670,0,0,0,0,0,298,0,0,0,21,0,0,0,0,0,0,0,0,0,67,0,0,265,78,0,0,0,0,0,0,0,0,0,0,0,0,0,0,0,0,0,0,0,0,0,0,0,0,0,0,0,,,,,,,,,,,,,,,,
46.358,0,0,0,0,0,0,0,0,12,0,0,0,0,85,29,3,2670,0,0,0,0,0,298,0,0,0,21,0,0,0,0,0,0,0,0,0,67,0,0,265,78,0,0,0,0,0,0,0,0,0,0,0,0,0,0,0,0,0,0,0,0,0,0,0,0,0,0,0,,,,,,,,,,,,,,,,
46.358,0,0,0,0,0,0,0,0,12,0,0,0,0,85,29,3,2670,0,0,0,0,0,298,0,0,0,21,0,0,0,0,0,0,0,0,0,67,0,0,265,78,0,0,0,0,0,0,0,0,0,0,0,0,0,0,0,0,0,0,0,0,0,0,0,0,0,0,0,,,,,,,,,,,,,,,,
46.358,0,0,0,0,0,0,0,0,12,0,0,0,0,85,29,3,2670,0,0,0,0,0,298,0,0,0,21,0,0,0,0,0,0,0,0,0,67,0,0,265,78,0,0,0,0,0,0,0,0,0,0,0,0,0,0,0,0,0,0,0,0,0,0,0,0,0,0,0,,,,,,,,,,,,,,,,
46.918,0,0,0,0,0,0,0,0,12,0,0,0,0,85,29,3,2670,0,0,0,0,0,298,0,0,0,21,0,0,0,0,0,0,0,0,0,67,0,0,265,78,0,0,0,0,0,0,0,0,0,0,0,0,0,0,0,0,0,0,0,0,0,0,0,0,0,0,0,,,,,,,,,,,,,,,,
46.918,0,0,0,0,0,0,0,0,12,0,0,0,0,85,29,3,2670,0,0,0,0,0,298,0,0,0,21,0,0,0,0,0,0,0,0,0,67,0,0,265,78,0,0,0,0,0,0,0,0,0,0,0,0,0,0,0,0,0,0,0,0,0,0,0,0,0,0,0,,,,,,,,,,,,,,,,
46.918,0,0,0,0,0,0,0,0,12,0,0,0,0,85,29,3,2670,0,0,0,0,0,298,0,0,0,21,0,0,0,0,0,0,0,0,0,67,0,0,265,78,0,0,0,0,0,0,0,0,0,0,0,0,0,0,0,0,0,0,0,0,0,0,0,0,0,0,0,,,,,,,,,,,,,,,,
46.918,0,0,0,0,0,0,0,0,12,0,0,0,0,85,29,3,2723,0,0,0,0,0,298,0,0,0,21,0,0,0,0,0,0,0,0,0,67,0,0,265,78,0,0,0,0,0,0,0,0,0,0,0,0,0,0,0,0,0,0,0,0,0,0,0,0,0,0,0,,,,,,,,,,,,,,,,
47.496,0,0,0,0,0,0,0,0,12,0,0,0,0,85,29,3,2723,0,0,0,0,0,298,0,0,0,21,0,0,0,0,0,0,0,0,0,67,0,0,265,78,0,0,0,0,0,0,0,0,0,0,0,0,0,0,0,0,0,0,0,0,0,0,0,0,0,0,0,,,,,,,,,,,,,,,,
47.496,0,0,0,0,0,0,0,0,12,0,0,0,0,85,29,3,2723,0,0,0,0,0,298,0,0,0,21,0,0,0,0,0,0,0,0,0,67,0,0,251,78,0,0,0,0,0,0,0,0,0,0,0,0,0,0,0,0,0,0,0,0,0,0,0,0,0,0,0,,,,,,,,,,,,,,,,
47.496,0,0,0,0,0,0,0,0,12,0,0,0,0,85,29,3,2723,0,0,0,0,0,298,0,0,0,21,0,0,0,0,0,0,0,0,0,67,0,0,251,78,0,0,0,0,0,0,0,0,0,0,0,0,0,0,0,0,0,0,0,0,0,0,0,0,0,0,0,,,,,,,,,,,,,,,,
48.052,0,0,0,0,0,0,0,0,12,0,0,0,0,85,29,3,2723,0,0,0,0,0,298,0,0,0,21,0,0,0,0,0,0,0,0,0,67,0,0,251,78,0,0,0,0,0,0,0,0,0,0,0,0,0,0,0,0,0,0,0,0,0,0,0,0,0,0,0,,,,,,,,,,,,,,,,
48.052,0,0,0,0,0,0,0,0,12,0,0,0,0,85,29,3,2723,0,0,0,0,0,298,0,0,0,21,0,0,0,0,0,0,0,0,0,67,0,0,251,78,0,0,0,0,0,0,0,0,0,0,0,0,0,0,0,0,0,0,0,0,0,0,0,0,0,0,0,,,,,,,,,,,,,,,,
48.052,0,0,0,0,0,0,0,0,12,0,0,0,0,85,29,3,2723,0,0,0,0,0,298,0,0,0,21,0,0,0,0,0,0,0,0,0,67,0,0,251,78,0,0,0,0,0,0,0,0,0,0,0,0,0,0,0,0,0,0,0,0,0,0,0,0,0,0,0,,,,,,,,,,,,,,,,
48.639,0,0,0,0,0,0,0,0,12,0,0,0,0,85,29,3,2723,0,0,0,0,0,298,0,0,0,21,0,0,0,0,0,0,0,0,0,67,0,0,251,78,0,0,0,0,0,0,0,0,0,0,0,0,0,0,0,0,0,0,0,0,0,0,0,0,0,0,0,,,,,,,,,,,,,,,,
48.639,0,0,0,0,0,0,0,0,12,0,0,0,0,85,29,3,2723,0,0,0,0,0,298,0,0,0,21,0,0,0,0,0,0,0,0,0,67,0,0,248,78,0,0,0,0,0,0,0,0,0,0,0,0,0,0,0,0,0,0,0,0,0,0,0,0,0,0,0,,,,,,,,,,,,,,,,
48.639,0,0,0,0,0,0,0,0,12,0,0,0,0,85,29,3,2723,0,0,0,0,0,298,0,0,0,21,0,0,0,0,0,0,0,0,0,67,0,0,248,78,0,0,0,0,0,0,0,0,0,0,0,0,0,0,0,0,0,0,0,0,0,0,0,0,0,0,0,,,,,,,,,,,,,,,,
49.205,0,0,0,0,0,0,0,0,12,0,0,0,0,85,29,3,2723,0,0,0,0,0,298,0,0,0,21,0,0,0,0,0,0,0,0,0,67,0,0,248,78,0,0,0,0,0,0,0,0,0,0,0,0,0,0,0,0,0,0,0,0,0,0,0,0,0,0,0,,,,,,,,,,,,,,,,
49.205,0,0,0,0,0,0,0,0,12,0,0,0,0,85,29,3,2723,0,0,0,0,0,298,0,0,0,21,0,0,0,0,0,0,0,0,0,67,0,0,248,78,0,0,0,0,0,0,0,0,0,0,0,0,0,0,0,0,0,0,0,0,0,0,0,0,0,0,0,,,,,,,,,,,,,,,,
49.205,0,0,0,0,0,0,0,0,12,0,0,0,0,85,29,3,2723,0,0,0,0,0,298,0,0,0,21,0,0,0,0,0,0,0,0,0,67,0,0,248,79,0,0,0,0,0,0,0,0,0,0,0,0,0,0,0,0,0,0,0,0,0,0,0,0,0,0,0,,,,,,,,,,,,,,,,
49.770,0,0,0,0,0,0,0,0,12,0,0,0,0,85,29,3,2723,0,0,0,0,0,298,0,0,0,21,0,0,0,0,0,0,0,0,0,67,0,0,248,79,0,0,0,0,0,0,0,0,0,0,0,0,0,0,0,0,0,0,0,0,0,0,0,0,0,0,0,,,,,,,,,,,,,,,,
49.770,0,0,0,0,0,0,0,0,12,0,0,0,0,85,29,3,2723,0,0,0,0,0,298,0,0,0,21,0,0,0,0,0,0,0,0,0,67,0,0,248,79,0,0,0,0,0,0,0,0,0,0,0,0,0,0,0,0,0,0,0,0,0,0,0,0,0,0,0,,,,,,,,,,,,,,,,
49.770,0,0,0,0,0,0,0,0,12,0,0,0,0,85,29,3,2723,0,0,0,0,0,298,0,0,0,21,0,0,0,0,0,0,0,0,0,67,0,0,248,79,0,0,0,0,0,0,0,0,0,0,0,0,0,0,0,0,0,0,0,0,0,0,0,0,0,0,0,,,,,,,,,,,,,,,,
50.364,0,0,0,0,0,0,0,0,12,0,0,0,0,85,29,3,2723,0,0,0,0,0,298,0,0,0,21,0,0,0,0,0,0,0,0,0,67,0,0,248,79,0,0,0,0,0,0,0,0,0,0,0,0,0,0,0,0,0,0,0,0,0,0,0,0,0,0,0,,,,,,,,,,,,,,,,
50.364,0,0,0,0,0,0,0,0,12,0,0,0,0,85,29,3,2723,0,0,0,0,0,298,0,0,0,21,0,0,0,0,0,0,0,0,0,67,0,0,248,79,0,0,0,0,0,0,0,0,0,0,0,0,0,0,0,0,0,0,0,0,0,0,0,0,0,0,0,,,,,,,,,,,,,,,,
50.365,0,0,0,0,0,0,0,0,12,0,0,0,0,85,29,3,2723,0,0,0,0,0,298,0,0,0,21,0,0,0,0,0,0,0,0,0,67,0,0,248,79,0,0,0,0,0,0,0,0,0,0,0,0,0,0,0,0,0,0,0,0,0,0,0,0,0,0,0,,,,,,,,,,,,,,,,
50.365,0,0,0,0,0,0,0,0,12,0,0,0,0,85,29,3,2723,0,0,0,0,0,298,0,0,0,21,0,0,0,0,0,0,0,0,0,67,0,0,248,79,0,0,0,0,0,0,0,0,0,0,0,0,0,0,0,0,0,0,0,0,0,0,0,0,0,0,0,,,,,,,,,,,,,,,,
50.908,0,0,0,0,0,0,0,0,12,0,0,0,0,85,29,3,2723,0,0,0,0,0,297,0,0,0,21,0,0,0,0,0,0,0,0,0,67,0,0,248,79,0,0,0,0,0,0,0,0,0,0,0,0,0,0,0,0,0,0,0,0,0,0,0,0,0,0,0,,,,,,,,,,,,,,,,
50.908,0,0,0,0,0,0,0,0,12,0,0,0,0,85,29,3,2723,0,0,0,0,0,297,0,0,0,21,0,0,0,0,0,0,0,0,0,67,0,0,268,79,0,0,0,0,0,0,0,0,0,0,0,0,0,0,0,0,0,0,0,0,0,0,0,0,0,0,0,,,,,,,,,,,,,,,,
50.908,0,0,0,0,0,0,0,0,12,0,0,0,0,85,29,3,2723,0,0,0,0,0,297,0,0,0,21,0,0,0,0,0,0,0,0,0,67,0,0,268,79,0,0,0,0,0,0,0,0,0,0,0,0,0,0,0,0,0,0,0,0,0,0,0,0,0,0,0,,,,,,,,,,,,,,,,
51.505,0,0,0,0,0,0,0,0,12,0,0,0,0,85,29,3,2723,0,0,0,0,0,297,0,0,0,21,0,0,0,0,0,0,0,0,0,67,0,0,268,79,0,0,0,0,0,0,0,0,0,0,0,0,0,0,0,0,0,0,0,0,0,0,0,0,0,0,0,,,,,,,,,,,,,,,,
51.510,0,0,0,0,0,0,0,0,12,0,0,0,0,86,29,3,2723,0,0,0,0,0,297,0,0,0,21,0,0,0,0,0,0,0,0,0,67,0,0,268,79,0,0,0,0,0,0,0,0,0,0,0,0,0,0,0,0,0,0,0,0,0,0,0,0,0,0,0,,,,,,,,,,,,,,,,
51.510,0,0,0,0,0,0,0,0,12,0,0,0,0,86,29,3,2723,0,0,0,0,0,297,0,0,0,21,0,0,0,0,0,0,0,0,0,67,0,0,268,79,0,0,0,0,0,0,0,0,0,0,0,0,0,0,0,0,0,0,0,0,0,0,0,0,0,0,0,,,,,,,,,,,,,,,,
52.641,0,0,0,0,0,0,0,0,12,0,0,0,0,86,29,3,2723,0,0,0,0,0,298,0,0,0,21,0,0,0,0,0,0,0,0,0,67,0,0,268,79,0,0,0,0,0,0,0,0,0,0,0,0,0,0,0,0,0,0,0,0,0,0,0,0,0,0,0,,,,,,,,,,,,,,,,
52.641,0,0,0,0,0,0,0,0,12,0,0,0,0,86,29,3,2723,0,0,0,0,0,298,0,0,0,21,0,0,0,0,0,0,0,0,0,67,0,0,244,79,0,0,0,0,0,0,0,0,0,0,0,0,0,0,0,0,0,0,0,0,0,0,0,0,0,0,0,,,,,,,,,,,,,,,,
52.641,0,0,0,0,0,0,0,0,12,0,0,0,0,86,29,3,2723,0,0,0,0,0,298,0,0,0,21,0,0,0,0,0,0,0,0,0,67,0,0,244,79,0,0,0,0,0,0,0,0,0,0,0,0,0,0,0,0,0,0,0,0,0,0,0,0,0,0,0,,,,,,,,,,,,,,,,
53.217,0,0,0,0,0,0,0,0,12,0,0,0,0,86,29,3,2723,0,0,0,0,0,298,0,0,0,21,0,0,0,0,0,0,0,0,0,67,0,0,244,79,0,0,0,0,0,0,0,0,0,0,0,0,0,0,0,0,0,0,0,0,0,0,0,0,0,0,0,,,,,,,,,,,,,,,,
53.217,0,0,0,0,0,0,0,0,12,0,0,0,0,86,29,3,2723,0,0,0,0,0,298,0,0,0,21,0,0,0,0,0,0,0,0,0,67,0,0,244,79,0,0,0,0,0,0,0,0,0,0,0,0,0,0,0,0,0,0,0,0,0,0,0,0,0,0,0,,,,,,,,,,,,,,,,
53.217,0,0,0,0,0,0,0,0,12,0,0,0,0,86,29,3,2723,0,0,0,0,0,298,0,0,0,21,0,0,0,0,0,0,0,0,0,67,0,0,244,79,0,0,0,0,0,0,0,0,0,0,0,0,0,0,0,0,0,0,0,0,0,0,0,0,0,0,0,,,,,,,,,,,,,,,,
53.787,0,0,0,0,0,0,0,0,12,0,0,0,0,86,29,3,2723,0,0,0,0,0,298,0,0,0,22,0,0,0,0,0,0,0,0,0,67,0,0,244,79,0,0,0,0,0,0,0,0,0,0,0,0,0,0,0,0,0,0,0,0,0,0,0,0,0,0,0,,,,,,,,,,,,,,,,
53.787,0,0,0,0,0,0,0,0,12,0,0,0,0,86,29,3,2723,0,0,0,0,0,298,0,0,0,22,0,0,0,0,0,0,0,0,0,67,0,0,244,79,0,0,0,0,0,0,0,0,0,0,0,0,0,0,0,0,0,0,0,0,0,0,0,0,0,0,0,,,,,,,,,,,,,,,,
53.787,0,0,0,0,0,0,0,0,12,0,0,0,0,86,29,3,2723,0,0,0,0,0,298,0,0,0,22,0,0,0,0,0,0,0,0,0,67,0,0,244,79,0,0,0,0,0,0,0,0,0,0,0,0,0,0,0,0,0,0,0,0,0,0,0,0,0,0,0,,,,,,,,,,,,,,,,
54.356,0,0,0,0,0,0,0,0,12,0,0,0,0,86,29,3,2723,0,0,0,0,0,298,0,0,0,22,0,0,0,0,0,0,0,0,0,67,0,0,244,79,0,0,0,0,0,0,0,0,0,0,0,0,0,0,0,0,0,0,0,0,0,0,0,0,0,0,0,,,,,,,,,,,,,,,,
54.356,0,0,0,0,0,0,0,0,12,0,0,0,0,86,29,3,2723,0,0,0,0,0,298,0,0,0,22,0,0,0,0,0,0,0,0,0,67,0,0,244,79,0,0,0,0,0,0,0,0,0,0,0,0,0,0,0,0,0,0,0,0,0,0,0,0,0,0,0,,,,,,,,,,,,,,,,
54.356,0,0,0,0,0,0,0,0,12,0,0,0,0,86,29,3,2723,0,0,0,0,0,298,0,0,0,22,0,0,0,0,0,0,0,0,0,67,0,0,244,79,0,0,0,0,0,0,0,0,0,0,0,0,0,0,0,0,0,0,0,0,0,0,0,0,0,0,0,,,,,,,,,,,,,,,,
54.356,0,0,0,0,0,0,0,0,12,0,0,0,0,86,29,3,2677,0,0,0,0,0,298,0,0,0,22,0,0,0,0,0,0,0,0,0,67,0,0,244,79,0,0,0,0,0,0,0,0,0,0,0,0,0,0,0,0,0,0,0,0,0,0,0,0,0,0,0,,,,,,,,,,,,,,,,
54.914,0,0,0,0,0,0,0,0,12,0,0,0,0,86,29,3,2677,0,0,0,0,0,297,0,0,0,22,0,0,0,0,0,0,0,0,0,67,0,0,244,79,0,0,0,0,0,0,0,0,0,0,0,0,0,0,0,0,0,0,0,0,0,0,0,0,0,0,0,,,,,,,,,,,,,,,,
54.914,0,0,0,0,0,0,0,0,12,0,0,0,0,86,29,3,2677,0,0,0,0,0,297,0,0,0,22,0,0,0,0,0,0,0,0,0,67,0,0,248,79,0,0,0,0,0,0,0,0,0,0,0,0,0,0,0,0,0,0,0,0,0,0,0,0,0,0,0,,,,,,,,,,,,,,,,
54.914,0,0,0,0,0,0,0,0,12,0,0,0,0,86,29,3,2677,0,0,0,0,0,297,0,0,0,22,0,0,0,0,0,0,0,0,0,67,0,0,248,79,0,0,0,0,0,0,0,0,0,0,0,0,0,0,0,0,0,0,0,0,0,0,0,0,0,0,0,,,,,,,,,,,,,,,,
55.491,0,0,0,0,0,0,0,0,12,0,0,0,0,86,29,3,2677,0,0,0,0,0,297,0,0,0,22,0,0,0,0,0,0,0,0,0,67,0,0,248,79,0,0,0,0,0,0,0,0,0,0,0,0,0,0,0,0,0,0,0,0,0,0,0,0,0,0,0,,,,,,,,,,,,,,,,
55.491,0,0,0,0,0,0,0,0,12,0,0,0,0,86,29,3,2677,0,0,0,0,0,297,0,0,0,22,0,0,0,0,0,0,0,0,0,67,0,0,248,79,0,0,0,0,0,0,0,0,0,0,0,0,0,0,0,0,0,0,0,0,0,0,0,0,0,0,0,,,,,,,,,,,,,,,,
55.491,0,0,0,0,0,0,0,0,12,0,0,0,0,86,29,3,2677,0,0,0,0,0,297,0,0,0,22,0,0,0,0,0,0,0,0,0,67,0,0,248,79,0,0,0,0,0,0,0,0,0,0,0,0,0,0,0,0,0,0,0,0,0,0,0,0,0,0,0,,,,,,,,,,,,,,,,
55.491,0,0,0,0,0,0,0,0,12,0,0,0,0,86,29,3,2677,0,0,0,0,0,297,0,0,0,22,0,0,0,0,0,0,0,0,0,67,0,0,248,79,0,0,0,0,0,0,0,0,0,0,0,0,0,0,0,0,0,0,0,0,0,0,0,0,0,0,0,,,,,,,,,,,,,,,,
56.078,0,0,0,0,0,0,0,0,12,0,0,0,0,86,29,3,2677,0,0,0,0,0,297,0,0,0,21,0,0,0,0,0,0,0,0,0,67,0,0,248,79,0,0,0,0,0,0,0,0,0,0,0,0,0,0,0,0,0,0,0,0,0,0,0,0,0,0,0,,,,,,,,,,,,,,,,
56.078,0,0,0,0,0,0,0,0,12,0,0,0,0,87,29,3,2677,0,0,0,0,0,297,0,0,0,21,0,0,0,0,0,0,0,0,0,67,0,0,248,79,0,0,0,0,0,0,0,0,0,0,0,0,0,0,0,0,0,0,0,0,0,0,0,0,0,0,0,,,,,,,,,,,,,,,,
56.078,0,0,0,0,0,0,0,0,12,0,0,0,0,87,29,3,2677,0,0,0,0,0,297,0,0,0,21,0,0,0,0,0,0,0,0,0,67,0,0,248,79,0,0,0,0,0,0,0,0,0,0,0,0,0,0,0,0,0,0,0,0,0,0,0,0,0,0,0,,,,,,,,,,,,,,,,
56.644,0,0,0,0,0,0,0,0,12,0,0,0,0,87,29,3,2677,0,0,0,0,0,298,0,0,0,21,0,0,0,0,0,0,0,0,0,67,0,0,248,79,0,0,0,0,0,0,0,0,0,0,0,0,0,0,0,0,0,0,0,0,0,0,0,0,0,0,0,,,,,,,,,,,,,,,,
56.644,0,0,0,0,0,0,0,0,12,0,0,0,0,87,29,3,2677,0,0,0,0,0,298,0,0,0,21,0,0,0,0,0,0,0,0,0,67,0,0,250,79,0,0,0,0,0,0,0,0,0,0,0,0,0,0,0,0,0,0,0,0,0,0,0,0,0,0,0,,,,,,,,,,,,,,,,
56.644,0,0,0,0,0,0,0,0,12,0,0,0,0,87,29,3,2677,0,0,0,0,0,298,0,0,0,21,0,0,0,0,0,0,0,0,0,67,0,0,250,79,0,0,0,0,0,0,0,0,0,0,0,0,0,0,0,0,0,0,0,0,0,0,0,0,0,0,0,,,,,,,,,,,,,,,,
57.221,0,0,0,0,0,0,0,0,12,0,0,0,0,87,29,3,2677,0,0,0,0,0,298,0,0,0,21,0,0,0,0,0,0,0,0,0,67,0,0,250,79,0,0,0,0,0,0,0,0,0,0,0,0,0,0,0,0,0,0,0,0,0,0,0,0,0,0,0,,,,,,,,,,,,,,,,
57.226,0,0,0,0,0,0,0,0,12,0,0,0,0,87,29,3,2677,0,0,0,0,0,298,0,0,0,21,0,0,0,0,0,0,0,0,0,67,0,0,250,79,0,0,0,0,0,0,0,0,0,0,0,0,0,0,0,0,0,0,0,0,0,0,0,0,0,0,0,,,,,,,,,,,,,,,,
57.226,0,0,0,0,0,0,0,0,12,0,0,0,0,87,29,3,2677,0,0,0,0,0,298,0,0,0,21,0,0,0,0,0,0,0,0,0,67,0,0,250,79,0,0,0,0,0,0,0,0,0,0,0,0,0,0,0,0,0,0,0,0,0,0,0,0,0,0,0,,,,,,,,,,,,,,,,
57.775,0,0,0,0,0,0,0,0,12,0,0,0,0,87,29,3,2677,0,0,0,0,0,298,0,0,0,22,0,0,0,0,0,0,0,0,0,67,0,0,250,79,0,0,0,0,0,0,0,0,0,0,0,0,0,0,0,0,0,0,0,0,0,0,0,0,0,0,0,,,,,,,,,,,,,,,,
57.775,0,0,0,0,0,0,0,0,12,0,0,0,0,87,29,3,2677,0,0,0,0,0,298,0,0,0,22,0,0,0,0,0,0,0,0,0,67,0,0,250,79,0,0,0,0,0,0,0,0,0,0,0,0,0,0,0,0,0,0,0,0,0,0,0,0,0,0,0,,,,,,,,,,,,,,,,
57.775,0,0,0,0,0,0,0,0,12,0,0,0,0,87,29,3,2677,0,0,0,0,0,298,0,0,0,22,0,0,0,0,0,0,0,0,0,67,0,0,250,79,0,0,0,0,0,0,0,0,0,0,0,0,0,0,0,0,0,0,0,0,0,0,0,0,0,0,0,,,,,,,,,,,,,,,,
58.626,0,0,0,0,0,0,0,0,12,0,0,0,0,87,29,3,2677,0,0,0,0,0,298,0,0,0,22,0,0,0,0,0,0,0,0,0,67,0,0,250,79,0,0,0,0,0,0,0,0,0,0,0,0,0,0,0,0,0,0,0,0,0,0,0,0,0,0,0,,,,,,,,,,,,,,,,
58.626,0,0,0,0,0,0,0,0,12,0,0,0,0,87,29,3,2677,0,0,0,0,0,298,0,0,0,22,0,0,0,0,0,0,0,0,0,67,0,0,245,79,0,0,0,0,0,0,0,0,0,0,0,0,0,0,0,0,0,0,0,0,0,0,0,0,0,0,0,,,,,,,,,,,,,,,,
58.626,0,0,0,0,0,0,0,0,12,0,0,0,0,87,29,3,2677,0,0,0,0,0,298,0,0,0,22,0,0,0,0,0,0,0,0,0,67,0,0,245,79,0,0,0,0,0,0,0,0,0,0,0,0,0,0,0,0,0,0,0,0,0,0,0,0,0,0,0,,,,,,,,,,,,,,,,
59.218,0,0,0,0,0,0,0,0,12,0,0,0,0,87,29,3,2677,0,0,0,0,0,298,0,0,0,22,0,0,0,0,0,0,0,0,0,67,0,0,245,79,0,0,0,0,0,0,0,0,0,0,0,0,0,0,0,0,0,0,0,0,0,0,0,0,0,0,0,,,,,,,,,,,,,,,,
59.218,0,0,0,0,0,0,0,0,12,0,0,0,0,87,29,3,2677,0,0,0,0,0,298,0,0,0,22,0,0,0,0,0,0,0,0,0,67,0,0,245,79,0,0,0,0,0,0,0,0,0,0,0,0,0,0,0,0,0,0,0,0,0,0,0,0,0,0,0,,,,,,,,,,,,,,,,
59.224,0,0,0,0,0,0,0,0,12,0,0,0,0,87,29,3,2677,0,0,0,0,0,298,0,0,0,22,0,0,0,0,0,0,0,0,0,67,0,0,245,79,0,0,0,0,0,0,0,0,0,0,0,0,0,0,0,0,0,0,0,0,0,0,0,0,0,0,0,,,,,,,,,,,,,,,,
59.787,0,0,0,0,0,0,0,0,12,0,0,0,0,87,29,3,2677,0,0,0,0,0,298,0,0,0,22,0,0,0,0,0,0,0,0,0,67,0,0,245,79,0,0,0,0,0,0,0,0,0,0,0,0,0,0,0,0,0,0,0,0,0,0,0,0,0,0,0,,,,,,,,,,,,,,,,
59.787,0,0,0,0,0,0,0,0,12,0,0,0,0,87,29,3,2677,0,0,0,0,0,298,0,0,0,22,0,0,0,0,0,0,0,0,0,67,0,0,245,79,0,0,0,0,0,0,0,0,0,0,0,0,0,0,0,0,0,0,0,0,0,0,0,0,0,0,0,,,,,,,,,,,,,,,,
59.787,0,0,0,0,0,0,0,0,12,0,0,0,0,87,29,3,2677,0,0,0,0,0,298,0,0,0,22,0,0,0,0,0,0,0,0,0,67,0,0,245,79,0,0,0,0,0,0,0,0,0,0,0,0,0,0,0,0,0,0,0,0,0,0,0,0,0,0,0,,,,,,,,,,,,,,,,
59.787,0,0,0,0,0,0,0,0,12,0,0,0,0,87,29,3,2677,0,0,0,0,0,298,0,0,0,22,0,0,0,0,0,0,0,0,0,67,0,0,245,79,0,0,0,0,0,0,0,0,0,0,0,0,0,0,0,0,0,0,0,0,0,0,0,0,0,0,0,,,,,,,,,,,,,,,,
60.650,0,0,0,0,0,0,0,0,12,0,0,0,0,87,29,3,2677,0,0,0,0,0,298,0,0,0,22,0,0,0,0,0,0,0,0,0,67,0,0,245,79,0,0,0,0,0,0,0,0,0,0,0,0,0,0,0,0,0,0,0,0,0,0,0,0,0,0,0,,,,,,,,,,,,,,,,
60.650,0,0,0,0,0,0,0,0,12,0,0,0,0,87,29,3,2677,0,0,0,0,0,298,0,0,0,22,0,0,0,0,0,0,0,0,0,67,0,0,254,79,0,0,0,0,0,0,0,0,0,0,0,0,0,0,0,0,0,0,0,0,0,0,0,0,0,0,0,,,,,,,,,,,,,,,,
60.650,0,0,0,0,0,0,0,0,12,0,0,0,0,87,29,3,2677,0,0,0,0,0,298,0,0,0,22,0,0,0,0,0,0,0,0,0,67,0,0,254,79,0,0,0,0,0,0,0,0,0,0,0,0,0,0,0,0,0,0,0,0,0,0,0,0,0,0,0,,,,,,,,,,,,,,,,
61.210,0,0,0,0,0,0,0,0,12,0,0,0,0,87,29,3,2677,0,0,0,0,0,298,0,0,0,22,0,0,0,0,0,0,0,0,0,67,0,0,254,79,0,0,0,0,0,0,0,0,0,0,0,0,0,0,0,0,0,0,0,0,0,0,0,0,0,0,0,,,,,,,,,,,,,,,,
61.210,0,0,0,0,0,0,0,0,12,0,0,0,0,87,29,3,2677,0,0,0,0,0,298,0,0,0,22,0,0,0,0,0,0,0,0,0,67,0,0,254,79,0,0,0,0,0,0,0,0,0,0,0,0,0,0,0,0,0,0,0,0,0,0,0,0,0,0,0,,,,,,,,,,,,,,,,
61.210,0,0,0,0,0,0,0,0,12,0,0,0,0,87,29,3,2677,0,0,0,0,0,298,0,0,0,22,0,0,0,0,0,0,0,0,0,67,0,0,254,79,0,0,0,0,0,0,0,0,0,0,0,0,0,0,0,0,0,0,0,0,0,0,0,0,0,0,0,,,,,,,,,,,,,,,,
61.772,0,0,0,0,0,0,0,0,12,0,0,0,0,87,29,3,2677,0,0,0,0,0,298,0,0,0,22,0,0,0,0,0,0,0,0,0,67,0,0,254,79,0,0,0,0,0,0,0,0,0,0,0,0,0,0,0,0,0,0,0,0,0,0,0,0,0,0,0,,,,,,,,,,,,,,,,
61.772,0,0,0,0,0,0,0,0,12,0,0,0,0,88,29,3,2677,0,0,0,0,0,298,0,0,0,22,0,0,0,0,0,0,0,0,0,67,0,0,254,79,0,0,0,0,0,0,0,0,0,0,0,0,0,0,0,0,0,0,0,0,0,0,0,0,0,0,0,,,,,,,,,,,,,,,,
61.772,0,0,0,0,0,0,0,0,12,0,0,0,0,88,29,3,2677,0,0,0,0,0,298,0,0,0,22,0,0,0,0,0,0,0,0,0,67,0,0,254,79,0,0,0,0,0,0,0,0,0,0,0,0,0,0,0,0,0,0,0,0,0,0,0,0,0,0,0,,,,,,,,,,,,,,,,
62.369,0,0,0,0,0,0,0,0,12,0,0,0,0,88,29,3,2677,0,0,0,0,0,298,0,0,0,22,0,0,0,0,0,0,0,0,0,67,0,0,254,79,0,0,0,0,0,0,0,0,0,0,0,0,0,0,0,0,0,0,0,0,0,0,0,0,0,0,0,,,,,,,,,,,,,,,,
62.375,0,0,0,0,0,0,0,0,12,0,0,0,0,88,29,3,2677,0,0,0,0,0,298,0,0,0,22,0,0,0,0,0,0,0,0,0,67,0,0,254,79,0,0,0,0,0,0,0,0,0,0,0,0,0,0,0,0,0,0,0,0,0,0,0,0,0,0,0,,,,,,,,,,,,,,,,
62.375,0,0,0,0,0,0,0,0,12,0,0,0,0,88,29,3,2677,0,0,0,0,0,298,0,0,0,22,0,0,0,0,0,0,0,0,0,67,0,0,254,79,0,0,0,0,0,0,0,0,0,0,0,0,0,0,0,0,0,0,0,0,0,0,0,0,0,0,0,,,,,,,,,,,,,,,,
62.375,0,0,0,0,0,0,0,0,12,0,0,0,0,88,29,3,2666,0,0,0,0,0,298,0,0,0,22,0,0,0,0,0,0,0,0,0,67,0,0,254,79,0,0,0,0,0,0,0,0,0,0,0,0,0,0,0,0,0,0,0,0,0,0,0,0,0,0,0,,,,,,,,,,,,,,,,
62.916,0,0,0,0,0,0,0,0,12,0,0,0,0,88,29,3,2666,0,0,0,0,0,296,0,0,0,22,0,0,0,0,0,0,0,0,0,67,0,0,254,79,0,0,0,0,0,0,0,0,0,0,0,0,0,0,0,0,0,0,0,0,0,0,0,0,0,0,0,,,,,,,,,,,,,,,,
62.916,0,0,0,0,0,0,0,0,12,0,0,0,0,88,29,3,2666,0,0,0,0,0,296,0,0,0,22,0,0,0,0,0,0,0,0,0,67,0,0,419,79,0,0,0,0,0,0,0,0,0,0,0,0,0,0,0,0,0,0,0,0,0,0,0,0,0,0,0,,,,,,,,,,,,,,,,
62.916,0,0,0,0,0,0,0,0,12,0,0,0,0,88,29,3,2666,0,0,0,0,0,296,0,0,0,22,0,0,0,0,0,0,0,0,0,67,0,0,419,79,0,0,0,0,0,0,0,0,0,0,0,0,0,0,0,0,0,0,0,0,0,0,0,0,0,0,0,,,,,,,,,,,,,,,,
63.494,0,0,0,0,0,0,0,0,12,0,0,0,0,88,29,3,2666,0,0,0,0,0,296,0,0,0,20,0,0,0,0,0,0,0,0,0,67,0,0,419,79,0,0,0,0,0,0,0,0,0,0,0,0,0,0,0,0,0,0,0,0,0,0,0,0,0,0,0,,,,,,,,,,,,,,,,
63.494,0,0,0,0,0,0,0,0,12,0,0,0,0,88,29,3,2666,0,0,0,0,0,296,0,0,0,20,0,0,0,0,0,0,0,0,0,67,0,0,419,79,0,0,0,0,0,0,0,0,0,0,0,0,0,0,0,0,0,0,0,0,0,0,0,0,0,0,0,,,,,,,,,,,,,,,,
63.494,0,0,0,0,0,0,0,0,12,0,0,0,0,88,29,3,2666,0,0,0,0,0,296,0,0,0,20,0,0,0,0,0,0,0,0,0,67,0,0,419,79,0,0,0,0,0,0,0,0,0,0,0,0,0,0,0,0,0,0,0,0,0,0,0,0,0,0,0,,,,,,,,,,,,,,,,
64.636,0,0,0,0,0,0,0,0,12,0,0,0,0,88,29,3,2666,0,0,0,0,0,296,0,0,0,20,0,0,0,0,0,0,0,0,0,67,0,0,419,79,0,0,0,0,0,0,0,0,0,0,0,0,0,0,0,0,0,0,0,0,0,0,0,0,0,0,0,,,,,,,,,,,,,,,,
64.636,0,0,0,0,0,0,0,0,12,0,0,0,0,88,29,3,2666,0,0,0,0,1,296,0,0,0,20,0,0,0,0,0,0,0,0,0,67,0,0,419,79,0,0,0,0,0,0,0,0,0,0,0,0,0,0,0,0,0,0,0,0,0,0,0,0,0,0,0,,,,,,,,,,,,,,,,
64.636,0,0,0,0,0,0,0,0,12,0,0,0,0,88,29,3,2666,0,0,0,0,1,296,0,0,0,20,0,0,0,0,0,0,0,0,0,67,0,0,419,79,0,0,0,0,0,0,0,0,0,0,0,0,0,0,0,0,0,0,0,0,0,0,0,0,0,0,0,,,,,,,,,,,,,,,,
65.202,0,0,0,0,0,0,0,0,12,0,0,0,0,88,29,3,2666,0,0,0,0,1,296,0,0,0,20,0,0,0,0,0,0,0,0,0,67,0,0,419,79,0,0,0,0,0,0,0,0,0,0,0,0,0,0,0,0,0,0,0,0,0,0,0,0,0,0,0,,,,,,,,,,,,,,,,
65.202,0,0,0,0,0,0,0,0,12,0,0,0,0,88,29,3,2666,0,0,0,0,1,296,0,0,0,20,0,0,0,0,0,0,0,0,0,67,0,0,419,79,0,0,0,0,0,0,0,0,0,0,0,0,0,0,0,0,0,0,0,0,0,0,0,0,0,0,0,,,,,,,,,,,,,,,,
65.202,0,0,0,0,0,0,0,0,12,0,0,0,0,88,29,3,2666,0,0,0,0,1,296,0,0,0,20,0,0,0,0,0,0,0,0,0,67,0,0,419,79,0,0,0,0,0,0,0,0,0,0,0,0,0,0,0,0,0,0,0,0,0,0,0,0,0,0,0,,,,,,,,,,,,,,,,
65.202,0,0,0,0,0,0,0,0,12,0,0,0,0,88,29,3,2666,0,0,0,0,1,296,0,0,0,20,0,0,0,0,0,0,0,0,0,67,0,0,419,79,0,0,0,0,0,0,0,0,0,0,0,0,0,0,0,0,0,0,0,0,0,0,0,0,0,0,0,,,,,,,,,,,,,,,,
65.783,0,0,0,0,0,0,0,0,12,0,0,0,0,88,29,3,2666,0,0,0,0,1,296,0,0,0,24,0,0,0,0,0,0,0,0,0,67,0,0,419,79,0,0,0,0,0,0,0,0,0,0,0,0,0,0,0,0,0,0,0,0,0,0,0,0,0,0,0,,,,,,,,,,,,,,,,
65.783,0,0,0,0,0,0,0,0,12,0,0,0,0,88,29,3,2666,0,0,0,0,1,296,0,0,0,24,0,0,0,0,0,0,0,0,0,67,0,0,419,79,0,0,0,0,0,0,0,0,0,0,0,0,0,0,0,0,0,0,0,0,0,0,0,0,0,0,0,,,,,,,,,,,,,,,,
65.783,0,0,0,0,0,0,0,0,12,0,0,0,0,88,29,3,2666,0,0,0,0,1,296,0,0,0,24,0,0,0,0,0,0,0,0,0,67,0,0,419,79,0,0,0,0,0,0,0,0,0,0,0,0,0,0,0,0,0,0,0,0,0,0,0,0,0,0,0,,,,,,,,,,,,,,,,
66.344,0,0,0,0,0,0,0,0,12,0,0,0,0,88,29,3,2666,0,0,0,0,1,325,0,0,0,24,0,0,0,0,0,0,0,0,0,67,0,0,419,79,0,0,0,0,0,0,0,0,0,0,0,0,0,0,0,0,0,0,0,0,0,0,0,0,0,0,0,,,,,,,,,,,,,,,,
66.344,0,0,0,0,0,0,0,0,12,0,0,0,0,88,29,3,2666,0,0,0,0,1,325,0,0,0,24,0,0,0,0,0,0,0,0,0,67,0,0,1,79,0,0,0,0,0,0,0,0,0,0,0,0,0,0,0,0,0,0,0,0,0,0,0,0,0,0,0,,,,,,,,,,,,,,,,
66.344,0,0,0,0,0,0,0,0,12,0,0,0,0,88,29,3,2666,0,0,0,0,1,325,0,0,0,24,0,0,0,0,0,0,0,0,0,94,0,0,1,79,0,0,0,0,0,0,0,0,0,0,0,0,0,0,0,0,0,0,0,0,0,0,0,0,0,0,0,,,,,,,,,,,,,,,,
67.146,0,0,0,0,0,0,0,0,12,0,0,0,0,88,29,3,2666,0,0,0,0,1,325,0,0,0,25,0,0,0,0,0,0,0,0,0,94,0,0,1,79,0,0,0,0,0,0,0,0,0,0,0,0,0,0,0,0,0,0,0,0,0,0,0,0,0,0,0,,,,,,,,,,,,,,,,
67.146,0,0,0,0,0,0,0,0,12,0,0,0,0,89,29,3,2666,0,0,0,0,1,325,0,0,0,25,0,0,0,0,0,0,0,0,0,94,0,0,1,79,0,0,0,0,0,0,0,0,0,0,0,0,0,0,0,0,0,0,0,0,0,0,0,0,0,0,0,,,,,,,,,,,,,,,,
67.146,0,0,0,0,0,0,0,0,12,0,0,0,0,89,29,3,2666,0,0,0,0,1,325,0,0,0,25,0,0,0,0,0,0,0,0,0,94,0,0,1,79,0,0,0,0,0,0,0,0,0,0,0,0,0,0,0,0,0,0,0,0,0,0,0,0,0,0,0,,,,,,,,,,,,,,,,
67.720,0,0,0,0,0,0,0,0,12,0,0,0,0,89,29,3,2666,0,0,0,0,1,270,0,0,0,25,0,0,0,0,0,0,0,0,0,94,0,0,1,79,0,0,0,0,0,0,0,0,0,0,0,0,0,0,0,0,0,0,0,0,0,0,0,0,0,0,0,,,,,,,,,,,,,,,,
67.720,0,0,0,0,0,0,0,0,12,0,0,0,0,89,29,3,2666,0,0,0,0,1,270,0,0,0,25,0,0,0,0,0,0,0,0,0,94,0,0,1,79,0,0,0,0,0,0,0,0,0,0,0,0,0,0,0,0,0,0,0,0,0,0,0,0,0,0,0,,,,,,,,,,,,,,,,
67.721,0,0,0,0,0,0,0,0,12,0,0,0,0,89,29,3,2666,0,0,0,0,1,270,0,0,0,25,0,0,0,0,0,0,0,0,0,94,0,0,1,79,0,0,0,0,0,0,0,0,0,0,0,0,0,0,0,0,0,0,0,0,0,0,0,0,0,0,0,,,,,,,,,,,,,,,,
68.647,0,0,0,0,0,0,0,0,12,0,0,0,0,89,29,3,2666,0,0,0,0,1,270,0,0,0,25,0,0,0,0,0,0,0,0,0,94,0,0,1,79,0,0,0,0,0,0,0,0,0,0,0,0,0,0,0,0,0,0,0,0,0,0,0,0,0,0,0,,,,,,,,,,,,,,,,
68.647,0,0,0,0,0,0,0,0,12,0,0,0,0,89,29,3,2666,0,0,0,0,1,270,0,0,0,25,0,0,0,0,0,0,0,0,0,94,0,0,1,79,0,0,0,0,0,0,0,0,0,0,0,0,0,0,0,0,0,0,0,0,0,0,0,0,0,0,0,,,,,,,,,,,,,,,,
68.649,0,0,0,0,0,0,0,0,12,0,0,0,0,89,29,3,2666,0,0,0,0,1,270,0,0,0,25,0,0,0,0,0,0,0,0,0,94,0,0,1,79,0,0,0,0,0,0,0,0,0,0,0,0,0,0,0,0,0,0,0,0,0,0,0,0,0,0,0,,,,,,,,,,,,,,,,
69.218,0,0,0,0,0,0,0,0,12,0,0,0,0,89,29,3,2666,0,0,0,0,1,270,0,0,0,25,0,0,0,0,0,0,0,0,0,94,0,0,1,79,0,0,0,0,0,0,0,0,0,0,0,0,0,0,0,0,0,0,0,0,0,0,0,0,0,0,0,,,,,,,,,,,,,,,,
69.218,0,0,0,0,0,0,0,0,12,0,0,0,0,89,29,3,2666,0,0,0,0,1,270,0,0,0,25,0,0,0,0,0,0,0,0,0,94,0,0,1,79,0,0,0,0,0,0,0,0,0,0,0,0,0,0,0,0,0,0,0,0,0,0,0,0,0,0,0,,,,,,,,,,,,,,,,
69.218,0,0,0,0,0,0,0,0,12,0,0,0,0,89,29,3,2666,0,0,0,0,1,270,0,0,0,25,0,0,0,0,0,0,0,0,0,94,0,0,1,79,0,0,0,0,0,0,0,0,0,0,0,0,0,0,0,0,0,0,0,0,0,0,0,0,0,0,0,,,,,,,,,,,,,,,,
69.218,0,0,0,0,0,0,0,0,12,0,0,0,0,89,29,3,0,0,0,0,0,1,270,0,0,0,25,0,0,0,0,0,0,0,0,0,94,0,0,1,79,0,0,0,0,0,0,0,0,0,0,0,0,0,0,0,0,0,0,0,0,0,0,0,0,0,0,0,,,,,,,,,,,,,,,,
69.774,0,0,0,0,0,0,0,0,12,0,0,0,0,89,29,3,0,0,0,0,0,1,270,0,0,0,24,0,0,0,0,0,0,0,0,0,94,0,0,1,79,0,0,0,0,0,0,0,0,0,0,0,0,0,0,0,0,0,0,0,0,0,0,0,0,0,0,0,,,,,,,,,,,,,,,,
69.774,0,0,0,0,0,0,0,0,12,0,0,0,0,89,29,3,0,0,0,0,0,1,270,0,0,0,24,0,0,0,0,0,0,0,0,0,94,0,0,1,79,0,0,0,0,0,0,0,0,0,0,0,0,0,0,0,0,0,0,0,0,0,0,0,0,0,0,0,,,,,,,,,,,,,,,,
69.774,0,0,0,0,0,0,0,0,12,0,0,0,0,89,29,3,0,0,0,0,0,1,270,0,0,0,24,0,0,0,0,0,0,0,0,0,94,0,0,1,79,0,0,0,0,0,0,0,0,0,0,0,0,0,0,0,0,0,0,0,0,0,0,0,0,0,0,0,,,,,,,,,,,,,,,,
70.355,0,0,0,0,0,0,0,0,12,0,0,0,0,89,29,3,0,0,0,0,0,1,267,0,0,0,24,0,0,0,0,0,0,0,0,0,94,0,0,1,79,0,0,0,0,0,0,0,0,0,0,0,0,0,0,0,0,0,0,0,0,0,0,0,0,0,0,0,,,,,,,,,,,,,,,,
70.355,0,0,0,0,0,0,0,0,12,0,0,0,0,89,29,3,0,0,0,0,0,1,267,0,0,0,24,0,0,0,0,0,0,0,0,0,94,0,0,1,79,0,0,0,0,0,0,0,0,0,0,0,0,0,0,0,0,0,0,0,0,0,0,0,0,0,0,0,,,,,,,,,,,,,,,,
70.355,0,0,0,0,0,0,0,0,12,0,0,0,0,89,29,3,0,0,0,0,0,1,267,0,0,0,24,0,0,0,0,0,0,0,0,0,94,0,0,1,79,0,0,0,0,0,0,0,0,0,0,0,0,0,0,0,0,0,0,0,0,0,0,0,0,0,0,0,,,,,,,,,,,,,,,,
70.911,0,0,0,0,0,0,0,0,12,0,0,0,0,89,29,3,0,0,0,0,0,1,267,0,0,0,24,0,0,0,0,0,0,0,0,0,94,0,0,1,79,0,0,0,0,0,0,0,0,0,0,0,0,0,0,0,0,0,0,0,0,0,0,0,0,0,0,0,,,,,,,,,,,,,,,,
70.911,0,0,0,0,0,0,0,0,12,0,0,0,0,89,30,3,0,0,0,0,0,1,267,0,0,0,24,0,0,0,0,0,0,0,0,0,94,0,0,1,79,0,0,0,0,0,0,0,0,0,0,0,0,0,0,0,0,0,0,0,0,0,0,0,0,0,0,0,,,,,,,,,,,,,,,,
70.911,0,0,0,0,0,0,0,0,12,0,0,0,0,89,30,3,0,0,0,0,0,1,267,0,0,0,24,0,0,0,0,0,0,0,0,0,94,0,0,1,79,0,0,0,0,0,0,0,0,0,0,0,0,0,0,0,0,0,0,0,0,0,0,0,0,0,0,0,,,,,,,,,,,,,,,,
70.911,0,0,0,0,0,0,0,0,12,0,0,0,0,89,30,3,0,0,0,0,0,1,267,0,0,0,24,0,0,0,0,0,0,0,0,0,94,0,0,1,79,0,0,0,0,0,0,0,0,0,0,0,0,0,0,0,0,0,0,0,0,0,0,0,0,0,0,0,,,,,,,,,,,,,,,,
71.496,0,0,0,0,0,0,0,0,12,0,0,0,0,89,30,3,0,0,0,0,0,1,267,0,0,0,24,0,0,0,0,0,0,0,0,0,94,0,0,1,79,0,0,0,0,0,0,0,0,0,0,0,0,0,0,0,0,0,0,0,0,0,0,0,0,0,0,0,,,,,,,,,,,,,,,,
71.496,0,0,0,0,0,0,0,0,12,0,0,0,0,89,30,3,0,0,0,0,0,1,267,0,0,0,24,0,0,0,0,0,0,0,0,0,94,0,0,1,79,0,0,0,0,0,0,0,0,0,0,0,0,0,0,0,0,0,0,0,0,0,0,0,0,0,0,0,,,,,,,,,,,,,,,,
71.496,0,0,0,0,0,0,0,0,12,0,0,0,0,89,30,3,0,0,0,0,0,1,267,0,0,0,24,0,0,0,0,0,0,0,0,0,94,0,0,1,80,0,0,0,0,0,0,0,0,0,0,0,0,0,0,0,0,0,0,0,0,0,0,0,0,0,0,0,,,,,,,,,,,,,,,,
72.062,0,0,0,0,0,0,0,0,12,0,0,0,0,89,30,3,0,0,0,0,0,1,264,0,0,0,24,0,0,0,0,0,0,0,0,0,94,0,0,1,80,0,0,0,0,0,0,0,0,0,0,0,0,0,0,0,0,0,0,0,0,0,0,0,0,0,0,0,,,,,,,,,,,,,,,,
72.062,0,0,0,0,0,0,0,0,12,0,0,0,0,89,30,3,0,0,0,0,0,1,264,0,0,0,24,0,0,0,0,0,0,0,0,0,94,0,0,1,80,0,0,0,0,0,0,0,0,0,0,0,0,0,0,0,0,0,0,0,0,0,0,0,0,0,0,0,,,,,,,,,,,,,,,,
72.062,0,0,0,0,0,0,0,0,12,0,0,0,0,89,30,3,0,0,0,0,0,1,264,0,0,0,24,0,0,0,0,0,0,0,0,0,94,0,0,1,80,0,0,0,0,0,0,0,0,0,0,0,0,0,0,0,0,0,0,0,0,0,0,0,0,0,0,0,,,,,,,,,,,,,,,,
72.649,0,0,0,0,0,0,0,0,12,0,0,0,0,89,30,3,0,0,0,0,0,1,264,0,0,0,24,0,0,0,0,0,0,0,0,0,94,0,0,1,80,0,0,0,0,0,0,0,0,0,0,0,0,0,0,0,0,0,0,0,0,0,0,0,0,0,0,0,,,,,,,,,,,,,,,,
72.649,0,0,0,0,0,0,0,0,12,0,0,0,0,89,30,3,0,0,0,0,0,1,264,0,0,0,24,0,0,0,0,0,0,0,0,0,94,0,0,1,80,0,0,0,0,0,0,0,0,0,0,0,0,0,0,0,0,0,0,0,0,0,0,0,0,0,0,0,,,,,,,,,,,,,,,,
72.649,0,0,0,0,0,0,0,0,12,0,0,0,0,89,30,3,0,0,0,0,0,1,264,0,0,0,24,0,0,0,0,0,0,0,0,0,94,0,0,1,80,0,0,0,0,0,0,0,0,0,0,0,0,0,0,0,0,0,0,0,0,0,0,0,0,0,0,0,,,,,,,,,,,,,,,,
73.208,0,0,0,0,0,0,0,0,12,0,0,0,0,89,30,3,0,0,0,0,0,1,264,0,0,0,23,0,0,0,0,0,0,0,0,0,94,0,0,1,80,0,0,0,0,0,0,0,0,0,0,0,0,0,0,0,0,0,0,0,0,0,0,0,0,0,0,0,,,,,,,,,,,,,,,,
73.208,0,0,0,0,0,0,0,0,12,0,0,0,0,89,30,3,0,0,0,0,0,1,264,0,0,0,23,0,0,0,0,0,0,0,0,0,94,0,0,1,80,0,0,0,0,0,0,0,0,0,0,0,0,0,0,0,0,0,0,0,0,0,0,0,0,0,0,0,,,,,,,,,,,,,,,,
73.208,0,0,0,0,0,0,0,0,12,0,0,0,0,89,30,3,0,0,0,0,0,1,264,0,0,0,23,0,0,0,0,0,0,0,0,0,94,0,0,1,80,0,0,0,0,0,0,0,0,0,0,0,0,0,0,0,0,0,0,0,0,0,0,0,0,0,0,0,,,,,,,,,,,,,,,,
73.776,0,0,0,0,0,0,0,0,12,0,0,0,0,89,30,3,0,0,0,0,0,1,262,0,0,0,23,0,0,0,0,0,0,0,0,0,94,0,0,1,80,0,0,0,0,0,0,0,0,0,0,0,0,0,0,0,0,0,0,0,0,0,0,0,0,0,0,0,,,,,,,,,,,,,,,,
73.776,0,0,0,0,0,0,0,0,12,0,0,0,0,89,30,3,0,0,0,0,0,1,262,0,0,0,23,0,0,0,0,0,0,0,0,0,94,0,0,1,80,0,0,0,0,0,0,0,0,0,0,0,0,0,0,0,0,0,0,0,0,0,0,0,0,0,0,0,,,,,,,,,,,,,,,,
73.776,0,0,0,0,0,0,0,0,12,0,0,0,0,89,30,3,0,0,0,0,0,1,262,0,0,0,23,0,0,0,0,0,0,0,0,0,94,0,0,1,80,0,0,0,0,0,0,0,0,0,0,0,0,0,0,0,0,0,0,0,0,0,0,0,0,0,0,0,,,,,,,,,,,,,,,,
74.654,0,0,0,0,0,0,0,0,12,0,0,0,0,89,30,3,0,0,0,0,0,1,262,0,0,0,23,0,0,0,0,0,0,0,0,0,94,0,0,1,80,0,0,0,0,0,0,0,0,0,0,0,0,0,0,0,0,0,0,0,0,0,0,0,0,0,0,0,,,,,,,,,,,,,,,,
74.654,0,0,0,0,0,0,0,0,12,0,0,0,0,89,30,3,0,0,0,0,0,1,262,0,0,0,23,0,0,0,0,0,0,0,0,0,94,0,0,1,80,0,0,0,0,0,0,0,0,0,0,0,0,0,0,0,0,0,0,0,0,0,0,0,0,0,0,0,,,,,,,,,,,,,,,,
74.654,0,0,0,0,0,0,0,0,12,0,0,0,0,89,30,3,0,0,0,0,0,1,262,0,0,0,23,0,0,0,0,0,0,0,0,0,94,0,0,1,80,0,0,0,0,0,0,0,0,0,0,0,0,0,0,0,0,0,0,0,0,0,0,0,0,0,0,0,,,,,,,,,,,,,,,,
74.654,0,0,0,0,0,0,0,0,12,0,0,0,0,89,30,3,0,0,0,0,0,1,262,0,0,0,23,0,0,0,0,0,0,0,0,0,94,0,0,1,80,0,0,0,0,0,0,0,0,0,0,0,0,0,0,0,0,0,0,0,0,0,0,0,0,0,0,0,,,,,,,,,,,,,,,,
75.219,0,0,0,0,0,0,0,0,12,0,0,0,0,89,30,3,0,0,0,0,0,1,262,0,0,0,23,0,0,0,0,0,0,0,0,0,94,0,0,1,80,0,0,0,0,0,0,0,0,0,0,0,0,0,0,0,0,0,0,0,0,0,0,0,0,0,0,0,,,,,,,,,,,,,,,,
75.219,0,0,0,0,0,0,0,0,12,0,0,0,0,90,30,3,0,0,0,0,0,1,262,0,0,0,23,0,0,0,0,0,0,0,0,0,94,0,0,1,80,0,0,0,0,0,0,0,0,0,0,0,0,0,0,0,0,0,0,0,0,0,0,0,0,0,0,0,,,,,,,,,,,,,,,,
75.219,0,0,0,0,0,0,0,0,12,0,0,0,0,90,30,3,0,0,0,0,0,1,262,0,0,0,23,0,0,0,0,0,0,0,0,0,94,0,0,1,80,0,0,0,0,0,0,0,0,0,0,0,0,0,0,0,0,0,0,0,0,0,0,0,0,0,0,0,,,,,,,,,,,,,,,,
75.773,0,0,0,0,0,0,0,0,12,0,0,0,0,90,30,3,0,0,0,0,0,1,259,0,0,0,23,0,0,0,0,0,0,0,0,0,94,0,0,1,80,0,0,0,0,0,0,0,0,0,0,0,0,0,0,0,0,0,0,0,0,0,0,0,0,0,0,0,,,,,,,,,,,,,,,,
75.773,0,0,0,0,0,0,0,0,12,0,0,0,0,90,30,3,0,0,0,0,0,1,259,0,0,0,23,0,0,0,0,0,0,0,0,0,94,0,0,1,80,0,0,0,0,0,0,0,0,0,0,0,0,0,0,0,0,0,0,0,0,0,0,0,0,0,0,0,,,,,,,,,,,,,,,,
75.773,0,0,0,0,0,0,0,0,12,0,0,0,0,90,30,3,0,0,0,0,0,1,259,0,0,0,23,0,0,0,0,0,0,0,0,0,94,0,0,1,80,0,0,0,0,0,0,0,0,0,0,0,0,0,0,0,0,0,0,0,0,0,0,0,0,0,0,0,,,,,,,,,,,,,,,,
76.638,0,0,0,0,0,0,0,0,12,0,0,0,0,90,30,3,0,0,0,0,0,1,259,0,0,0,23,0,0,0,1,0,0,0,0,0,94,0,0,1,80,0,0,0,0,0,0,0,0,0,0,0,0,0,0,0,0,0,0,0,0,0,0,0,0,0,0,0,,,,,,,,,,,,,,,,
76.638,0,0,0,0,0,0,0,0,12,0,0,0,0,90,30,3,0,0,0,0,0,1,259,0,0,0,23,0,0,0,1,0,0,0,0,0,94,0,0,1,80,0,0,0,0,0,0,0,0,0,0,0,0,0,0,0,0,0,0,0,0,0,0,0,0,0,0,0,,,,,,,,,,,,,,,,
76.638,0,0,0,0,0,0,0,0,12,0,0,0,0,90,30,3,0,0,0,0,0,1,259,0,0,0,23,0,0,0,1,0,0,0,0,0,94,0,0,1,80,0,0,0,0,0,0,0,0,0,0,0,0,0,0,0,0,0,0,0,0,0,0,0,0,0,0,0,,,,,,,,,,,,,,,,
77.216,0,0,0,0,0,0,0,0,12,0,0,0,0,90,30,3,0,0,0,0,0,1,259,0,0,0,23,0,0,0,1,0,0,0,0,0,94,0,0,1,80,0,0,0,0,0,0,0,0,0,0,0,0,0,0,0,0,0,0,0,0,0,0,0,0,0,0,0,,,,,,,,,,,,,,,,
77.216,0,0,0,0,0,0,0,0,12,0,0,0,0,90,30,3,0,0,0,0,0,1,259,0,0,0,23,0,0,0,1,0,0,0,0,0,94,0,0,1,80,0,0,0,0,0,0,0,0,0,0,0,0,0,0,0,0,0,0,0,0,0,0,0,0,0,0,0,,,,,,,,,,,,,,,,
77.216,0,0,0,0,0,0,0,0,12,0,0,0,0,90,30,3,0,0,0,0,0,1,259,0,0,0,23,0,0,0,1,0,0,0,0,0,94,0,0,1,80,0,0,0,0,0,0,0,0,0,0,0,0,0,0,0,0,0,0,0,0,0,0,0,0,0,0,0,,,,,,,,,,,,,,,,
77.216,0,0,0,0,0,0,0,0,12,0,0,0,0,90,30,3,0,0,0,0,0,1,259,0,0,0,23,0,0,0,1,0,0,0,0,0,94,0,0,1,80,0,0,0,0,0,0,0,0,0,0,0,0,0,0,0,0,0,0,0,0,0,0,0,0,0,0,0,,,,,,,,,,,,,,,,
77.768,0,0,0,0,0,0,0,0,12,0,0,0,0,90,30,3,0,0,0,0,0,1,259,0,0,0,23,0,0,0,1,0,0,0,0,0,94,0,0,1,80,0,0,0,0,0,0,0,0,0,0,0,0,0,0,0,0,0,0,0,0,0,0,0,0,0,0,0,,,,,,,,,,,,,,,,
77.768,0,0,0,0,0,0,0,0,12,0,0,0,0,90,30,3,0,0,0,0,0,1,259,0,0,0,23,0,0,0,1,0,0,0,0,0,94,0,0,1,80,0,0,0,0,0,0,0,0,0,0,0,0,0,0,0,0,0,0,0,0,0,0,0,0,0,0,0,,,,,,,,,,,,,,,,
77.768,0,0,0,0,0,0,0,0,12,0,0,0,0,90,30,3,0,0,0,0,0,1,259,0,0,0,23,0,0,0,1,0,0,0,0,0,94,0,0,1,80,0,0,0,0,0,0,0,0,0,0,0,0,0,0,0,0,0,0,0,0,0,0,0,0,0,0,0,,,,,,,,,,,,,,,,
78.343,0,0,0,0,0,0,0,0,12,0,0,0,0,90,30,3,0,0,0,0,0,1,257,0,0,0,23,0,0,0,1,0,0,0,0,0,94,0,0,1,80,0,0,0,0,0,0,0,0,0,0,0,0,0,0,0,0,0,0,0,0,0,0,0,0,0,0,0,,,,,,,,,,,,,,,,
78.343,0,0,0,0,0,0,0,0,12,0,0,0,0,90,30,3,0,0,0,0,0,1,257,0,0,0,23,0,0,0,1,0,0,0,0,0,94,0,0,1,80,0,0,0,0,0,0,0,0,0,0,0,0,0,0,0,0,0,0,0,0,0,0,0,0,0,0,0,,,,,,,,,,,,,,,,
78.343,0,0,0,0,0,0,0,0,12,0,0,0,0,90,30,3,0,0,0,0,0,1,257,0,0,0,23,0,0,0,1,0,0,0,0,0,94,0,0,1,80,0,0,0,0,0,0,0,0,0,0,0,0,0,0,0,0,0,0,0,0,0,0,0,0,0,0,0,,,,,,,,,,,,,,,,
79.139,0,0,0,0,0,0,0,0,12,0,0,0,0,90,30,3,0,0,0,0,0,1,257,0,0,0,23,0,0,0,1,0,0,0,0,0,94,0,0,1,80,0,0,0,0,0,0,0,0,0,0,0,0,0,0,0,0,0,0,0,0,0,0,0,0,0,0,0,,,,,,,,,,,,,,,,
79.139,0,0,0,0,0,0,0,0,12,0,0,0,0,90,30,3,0,0,0,0,0,1,257,0,0,0,23,0,0,0,1,0,0,0,0,0,94,0,0,1,80,0,0,0,0,0,0,0,0,0,0,0,0,0,0,0,0,0,0,0,0,0,0,0,0,0,0,0,,,,,,,,,,,,,,,,
79.139,0,0,0,0,0,0,0,0,12,0,0,0,0,90,30,3,0,0,0,0,0,1,257,0,0,0,23,0,0,0,1,0,0,0,0,0,94,0,0,1,80,0,0,0,0,0,0,0,0,0,0,0,0,0,0,0,0,0,0,0,0,0,0,0,0,0,0,0,,,,,,,,,,,,,,,,
79.714,0,0,0,0,0,0,0,0,12,0,0,0,0,90,30,3,0,0,0,0,0,1,255,0,0,0,23,0,0,0,1,0,0,0,0,0,94,0,0,1,80,0,0,0,0,0,0,0,0,0,0,0,0,0,0,0,0,0,0,0,0,0,0,0,0,0,0,0,,,,,,,,,,,,,,,,
79.714,0,0,0,0,0,0,0,0,12,0,0,0,0,90,30,3,0,0,0,0,0,1,255,0,0,0,23,0,0,0,1,0,0,0,0,0,94,0,0,0,80,0,0,0,0,0,0,0,0,0,0,0,0,0,0,0,0,0,0,0,0,0,0,0,0,0,0,0,,,,,,,,,,,,,,,,
79.714,0,0,0,0,0,0,0,0,12,0,0,0,0,90,30,3,0,0,0,0,0,1,255,0,0,0,23,0,0,0,1,0,0,0,0,0,94,0,0,0,80,0,0,0,0,0,0,0,0,0,0,0,0,0,0,0,0,0,0,0,0,0,0,0,0,0,0,0,,,,,,,,,,,,,,,,
80.282,0,0,0,0,0,0,0,0,12,0,0,0,0,90,30,3,0,0,0,0,0,1,255,0,0,0,23,0,0,0,1,0,0,0,0,0,94,0,0,0,80,0,0,0,0,0,0,0,0,0,0,0,0,0,0,0,0,0,0,0,0,0,0,0,0,0,0,0,,,,,,,,,,,,,,,,
80.282,0,0,0,0,0,0,0,0,12,0,0,0,0,90,30,3,0,0,0,0,0,1,255,0,0,0,23,0,0,0,1,0,0,0,0,0,94,0,0,0,80,0,0,0,0,0,0,0,0,0,0,0,0,0,0,0,0,0,0,0,0,0,0,0,0,0,0,0,,,,,,,,,,,,,,,,
80.282,0,0,0,0,0,0,0,0,12,0,0,0,0,90,30,3,0,0,0,0,0,1,255,0,0,0,23,0,0,0,1,0,0,0,0,0,94,0,0,0,80,0,0,0,0,0,0,0,0,0,0,0,0,0,0,0,0,0,0,0,0,0,0,0,0,0,0,0,,,,,,,,,,,,,,,,
80.282,0,0,0,0,0,0,0,0,12,0,0,0,0,90,30,3,0,0,0,0,0,1,255,0,0,0,23,0,0,0,1,0,0,0,0,0,94,0,0,0,80,0,0,0,0,0,0,0,0,0,0,0,0,0,0,0,0,0,0,0,0,0,0,0,0,0,0,0,,,,,,,,,,,,,,,,
81.134,0,0,0,0,0,0,0,0,12,0,0,0,0,90,30,3,0,0,0,0,0,1,255,0,0,0,23,0,0,0,1,0,0,0,0,0,94,0,0,0,80,0,0,0,0,0,0,0,0,0,0,0,0,0,0,0,0,0,0,0,0,0,0,0,0,0,0,0,,,,,,,,,,,,,,,,
81.134,0,0,0,0,0,0,0,0,12,0,0,0,0,90,30,3,0,0,0,0,0,1,255,0,0,0,23,0,0,0,1,0,0,0,0,0,94,0,0,0,80,0,0,0,0,0,0,0,0,0,0,0,0,0,0,0,0,0,0,0,0,0,0,0,0,0,0,0,,,,,,,,,,,,,,,,
81.134,0,0,0,0,0,0,0,0,12,0,0,0,0,90,30,3,0,0,0,0,0,1,255,0,0,0,23,0,0,0,1,0,0,0,0,0,94,0,0,0,80,0,0,0,0,0,0,0,0,0,0,0,0,0,0,0,0,0,0,0,0,0,0,0,0,0,0,0,,,,,,,,,,,,,,,,
81.713,0,0,0,0,0,0,0,0,12,0,0,0,0,90,30,3,0,0,0,0,0,1,253,0,0,0,23,0,0,0,1,0,0,0,0,0,94,0,0,0,80,0,0,0,0,0,0,0,0,0,0,0,0,0,0,0,0,0,0,0,0,0,0,0,0,0,0,0,,,,,,,,,,,,,,,,
81.713,0,0,0,0,0,0,0,0,12,0,0,0,0,90,30,3,0,0,0,0,0,1,253,0,0,0,23,0,0,0,1,0,0,0,0,0,94,0,0,1,80,0,0,0,0,0,0,0,0,0,0,0,0,0,0,0,0,0,0,0,0,0,0,0,0,0,0,0,,,,,,,,,,,,,,,,
81.713,0,0,0,0,0,0,0,0,12,0,0,0,0,90,30,3,0,0,0,0,0,1,253,0,0,0,23,0,0,0,1,0,0,0,0,0,94,0,0,1,80,0,0,0,0,0,0,0,0,0,0,0,0,0,0,0,0,0,0,0,0,0,0,0,0,0,0,0,,,,,,,,,,,,,,,,
82.277,0,0,0,0,0,0,0,0,12,0,0,0,0,90,30,3,0,0,0,0,0,1,253,0,0,0,23,0,0,0,1,0,0,0,0,0,94,0,0,1,80,0,0,0,0,0,0,0,0,0,0,0,0,0,0,0,0,0,0,0,0,0,0,0,0,0,0,0,,,,,,,,,,,,,,,,
82.277,0,0,0,0,0,0,0,0,12,0,0,0,0,90,30,3,0,0,0,0,0,1,253,0,0,0,23,0,0,0,1,0,0,0,0,0,94,0,0,1,80,0,0,0,0,0,0,0,0,0,0,0,0,0,0,0,0,0,0,0,0,0,0,0,0,0,0,0,,,,,,,,,,,,,,,,
82.277,0,0,0,0,0,0,0,0,12,0,0,0,0,90,30,3,0,0,0,0,0,1,253,0,0,0,23,0,0,0,1,0,0,0,0,0,94,0,0,1,80,0,0,0,0,0,0,0,0,0,0,0,0,0,0,0,0,0,0,0,0,0,0,0,0,0,0,0,,,,,,,,,,,,,,,,
83.153,0,0,0,0,0,0,0,0,12,0,0,0,0,90,30,3,0,0,0,0,0,1,253,0,0,0,23,0,0,0,1,0,0,0,0,0,94,0,0,1,80,0,0,0,0,0,0,0,0,0,0,0,0,0,0,0,0,0,0,0,0,0,0,0,0,0,0,0,,,,,,,,,,,,,,,,
83.161,0,0,0,0,0,0,0,0,12,0,0,0,0,90,30,3,0,0,0,0,0,1,253,0,0,0,23,0,0,0,1,0,0,0,0,0,94,0,0,1,80,0,0,0,0,0,0,0,0,0,0,0,0,0,0,0,0,0,0,0,0,0,0,0,0,0,0,0,,,,,,,,,,,,,,,,
83.161,0,0,0,0,0,0,0,0,12,0,0,0,0,90,30,3,0,0,0,0,0,1,253,0,0,0,23,0,0,0,1,0,0,0,0,0,94,0,0,1,80,0,0,0,0,0,0,0,0,0,0,0,0,0,0,0,0,0,0,0,0,0,0,0,0,0,0,0,,,,,,,,,,,,,,,,
83.719,0,0,0,0,0,0,0,0,12,0,0,0,0,90,30,3,0,0,0,0,0,1,250,0,0,0,23,0,0,0,1,0,0,0,0,0,94,0,0,1,80,0,0,0,0,0,0,0,0,0,0,0,0,0,0,0,0,0,0,0,0,0,0,0,0,0,0,0,,,,,,,,,,,,,,,,
83.719,0,0,0,0,0,0,0,0,12,0,0,0,0,90,30,3,0,0,0,0,0,1,250,0,0,0,23,0,0,0,1,0,0,0,0,0,94,0,0,0,80,0,0,0,0,0,0,0,0,0,0,0,0,0,0,0,0,0,0,0,0,0,0,0,0,0,0,0,,,,,,,,,,,,,,,,
83.719,0,0,0,0,0,0,0,0,12,0,0,0,0,90,30,3,0,0,0,0,0,1,250,0,0,0,23,0,0,0,1,0,0,0,0,0,94,0,0,0,80,0,0,0,0,0,0,0,0,0,0,0,0,0,0,0,0,0,0,0,0,0,0,0,0,0,0,0,,,,,,,,,,,,,,,,
84.646,0,0,0,0,0,0,0,0,12,0,0,0,0,90,30,3,0,0,0,0,0,1,250,0,0,0,23,0,0,0,1,0,0,0,0,0,94,0,0,0,80,0,0,0,0,0,0,0,0,0,0,0,0,0,0,0,0,0,0,0,0,0,0,0,0,0,0,0,,,,,,,,,,,,,,,,
84.646,0,0,0,0,0,0,0,0,12,0,0,0,0,90,30,3,0,0,0,0,0,1,250,0,0,0,23,0,0,0,1,0,0,0,0,0,94,0,0,0,80,0,0,0,0,0,0,0,0,0,0,0,0,0,0,0,0,0,0,0,0,0,0,0,0,0,0,0,,,,,,,,,,,,,,,,
84.646,0,0,0,0,0,0,0,0,12,0,0,0,0,90,30,3,0,0,0,0,0,1,250,0,0,0,23,0,0,0,1,0,0,0,0,0,94,0,0,0,80,0,0,0,0,0,0,0,0,0,0,0,0,0,0,0,0,0,0,0,0,0,0,0,0,0,0,0,,,,,,,,,,,,,,,,
84.646,0,0,0,0,0,0,0,0,12,0,0,0,0,90,30,3,0,0,0,0,0,1,250,0,0,0,23,0,0,0,1,0,0,0,0,0,94,0,0,0,80,0,0,0,0,0,0,0,0,0,0,0,0,0,0,0,0,0,0,0,0,0,0,0,0,0,0,0,,,,,,,,,,,,,,,,
85.202,0,0,0,0,0,0,0,0,12,0,0,0,0,90,30,3,0,0,0,0,0,1,250,0,0,0,23,0,0,0,1,0,0,0,0,0,94,0,0,0,80,0,0,0,0,0,0,0,0,0,0,0,0,0,0,0,0,0,0,0,0,0,0,0,0,0,0,0,,,,,,,,,,,,,,,,
85.202,0,0,0,0,0,0,0,0,12,0,0,0,0,90,30,3,0,0,0,0,0,1,250,0,0,0,23,0,0,0,1,0,0,0,0,0,94,0,0,0,80,0,0,0,0,0,0,0,0,0,0,0,0,0,0,0,0,0,0,0,0,0,0,0,0,0,0,0,,,,,,,,,,,,,,,,
85.202,0,0,0,0,0,0,0,0,12,0,0,0,0,90,30,3,0,0,0,0,0,1,250,0,0,0,23,0,0,0,1,0,0,0,0,0,94,0,0,0,80,0,0,0,0,0,0,0,0,0,0,0,0,0,0,0,0,0,0,0,0,0,0,0,0,0,0,0,,,,,,,,,,,,,,,,
85.202,0,0,0,0,0,0,0,0,12,0,0,0,0,90,30,3,0,0,0,0,0,1,250,0,0,0,23,0,0,0,1,0,0,0,0,0,94,0,0,0,80,0,0,0,0,0,0,0,0,0,0,0,0,0,0,0,0,0,0,0,0,0,0,0,0,0,0,0,,,,,,,,,,,,,,,,
85.779,0,0,0,0,0,0,0,0,12,0,0,0,0,90,30,3,0,0,0,0,0,1,250,0,0,0,23,0,0,0,1,0,0,0,0,0,94,0,0,0,80,0,0,0,0,0,0,0,0,0,0,0,0,0,0,0,0,0,0,0,0,0,0,0,0,0,0,0,,,,,,,,,,,,,,,,
85.779,0,0,0,0,0,0,0,0,12,0,0,0,0,91,30,3,0,0,0,0,0,1,250,0,0,0,23,0,0,0,1,0,0,0,0,0,94,0,0,0,80,0,0,0,0,0,0,0,0,0,0,0,0,0,0,0,0,0,0,0,0,0,0,0,0,0,0,0,,,,,,,,,,,,,,,,
85.779,0,0,0,0,0,0,0,0,12,0,0,0,0,91,30,3,0,0,0,0,0,1,250,0,0,0,23,0,0,0,1,0,0,0,0,0,94,0,0,0,80,0,0,0,0,0,0,0,0,0,0,0,0,0,0,0,0,0,0,0,0,0,0,0,0,0,0,0,,,,,,,,,,,,,,,,
86.368,0,0,0,0,0,0,0,0,12,0,0,0,0,91,30,3,0,0,0,0,0,1,248,0,0,0,23,0,0,0,1,0,0,0,0,0,94,0,0,0,80,0,0,0,0,0,0,0,0,0,0,0,0,0,0,0,0,0,0,0,0,0,0,0,0,0,0,0,,,,,,,,,,,,,,,,
86.368,0,0,0,0,0,0,0,0,12,0,0,0,0,91,30,3,0,0,0,0,0,1,248,0,0,0,23,0,0,0,1,0,0,0,0,0,94,0,0,1,80,0,0,0,0,0,0,0,0,0,0,0,0,0,0,0,0,0,0,0,0,0,0,0,0,0,0,0,,,,,,,,,,,,,,,,
86.368,0,0,0,0,0,0,0,0,12,0,0,0,0,91,30,3,0,0,0,0,0,1,248,0,0,0,23,0,0,0,1,0,0,0,0,0,94,0,0,1,80,0,0,0,0,0,0,0,0,0,0,0,0,0,0,0,0,0,0,0,0,0,0,0,0,0,0,0,,,,,,,,,,,,,,,,
86.936,0,0,0,0,0,0,0,0,12,0,0,0,0,91,30,3,0,0,0,0,0,1,248,0,0,0,23,0,0,0,1,0,0,0,0,0,94,0,0,1,80,0,0,0,0,0,0,0,0,0,0,0,0,0,0,0,0,0,0,0,0,0,0,0,0,0,0,0,,,,,,,,,,,,,,,,
86.936,0,0,0,0,0,0,0,0,12,0,0,0,0,91,30,3,0,0,0,0,0,1,248,0,0,0,23,0,0,0,1,0,0,0,0,0,94,0,0,1,80,0,0,0,0,0,0,0,0,0,0,0,0,0,0,0,0,0,0,0,0,0,0,0,0,0,0,0,,,,,,,,,,,,,,,,
86.936,0,0,0,0,0,0,0,0,12,0,0,0,0,91,30,3,0,0,0,0,0,1,248,0,0,0,23,0,0,0,1,0,0,0,0,0,94,0,0,1,80,0,0,0,0,0,0,0,0,0,0,0,0,0,0,0,0,0,0,0,0,0,0,0,0,0,0,0,,,,,,,,,,,,,,,,
87.484,0,0,0,0,0,0,0,0,12,0,0,0,0,91,30,3,0,0,0,0,0,1,248,0,0,0,23,0,0,0,1,0,0,0,0,0,94,0,0,1,80,0,0,0,0,0,0,0,0,0,0,0,0,0,0,0,0,0,0,0,0,0,0,0,0,0,0,0,,,,,,,,,,,,,,,,
87.484,0,0,0,0,0,0,0,0,12,0,0,0,0,91,30,3,0,0,0,0,0,1,248,0,0,0,23,0,0,0,1,0,0,0,0,0,94,0,0,1,80,0,0,0,0,0,0,0,0,0,0,0,0,0,0,0,0,0,0,0,0,0,0,0,0,0,0,0,,,,,,,,,,,,,,,,
87.484,0,0,0,0,0,0,0,0,12,0,0,0,0,91,30,3,0,0,0,0,0,1,248,0,0,0,23,0,0,0,1,0,0,0,0,0,94,0,0,1,80,0,0,0,0,0,0,0,0,0,0,0,0,0,0,0,0,0,0,0,0,0,0,0,0,0,0,0,,,,,,,,,,,,,,,,
88.068,0,0,0,0,0,0,0,0,12,0,0,0,0,91,30,3,0,0,0,0,0,1,246,0,0,0,23,0,0,0,1,0,0,0,0,0,94,0,0,1,80,0,0,0,0,0,0,0,0,0,0,0,0,0,0,0,0,0,0,0,0,0,0,0,0,0,0,0,,,,,,,,,,,,,,,,
88.068,0,0,0,0,0,0,0,0,12,0,0,0,0,91,30,3,0,0,0,0,0,1,246,0,0,0,23,0,0,0,1,0,0,0,0,0,94,0,0,1,80,0,0,0,0,0,0,0,0,0,0,0,0,0,0,0,0,0,0,0,0,0,0,0,0,0,0,0,,,,,,,,,,,,,,,,
88.068,0,0,0,0,0,0,0,0,12,0,0,0,0,91,30,3,0,0,0,0,0,1,246,0,0,0,23,0,0,0,1,0,0,0,0,0,94,0,0,1,80,0,0,0,0,0,0,0,0,0,0,0,0,0,0,0,0,0,0,0,0,0,0,0,0,0,0,0,,,,,,,,,,,,,,,,
89.136,0,0,0,0,0,0,0,0,12,0,0,0,0,91,30,3,0,0,0,0,0,1,246,0,0,0,23,0,0,0,1,0,0,0,0,0,94,0,0,1,80,0,0,0,0,0,0,0,0,0,0,0,0,0,0,0,0,0,0,0,0,0,0,0,0,0,0,0,,,,,,,,,,,,,,,,
89.136,0,0,0,0,0,0,0,0,12,0,0,0,0,91,30,3,0,0,0,0,0,1,246,0,0,0,23,0,0,0,1,0,0,0,0,0,94,0,0,1,80,0,0,0,0,0,0,0,0,0,0,0,0,0,0,0,0,0,0,0,0,0,0,0,0,0,0,0,,,,,,,,,,,,,,,,
89.136,0,0,0,0,0,0,0,0,12,0,0,0,0,91,30,3,0,0,0,0,0,1,246,0,0,0,23,0,0,0,1,0,0,0,0,0,94,0,0,1,80,0,0,0,0,0,0,0,0,0,0,0,0,0,0,0,0,0,0,0,0,0,0,0,0,0,0,0,,,,,,,,,,,,,,,,
89.699,0,0,0,0,0,0,0,0,12,0,0,0,0,91,30,3,0,0,0,0,0,1,244,0,0,0,23,0,0,0,1,0,0,0,0,0,94,0,0,1,80,0,0,0,0,0,0,0,0,0,0,0,0,0,0,0,0,0,0,0,0,0,0,0,0,0,0,0,,,,,,,,,,,,,,,,
89.699,0,0,0,0,0,0,0,0,12,0,0,0,0,91,30,3,0,0,0,0,0,1,244,0,0,0,23,0,0,0,1,0,0,0,0,0,94,0,0,0,80,0,0,0,0,0,0,0,0,0,0,0,0,0,0,0,0,0,0,0,0,0,0,0,0,0,0,0,,,,,,,,,,,,,,,,
89.699,0,0,0,0,0,0,0,0,12,0,0,0,0,91,30,3,0,0,0,0,0,1,244,0,0,0,23,0,0,0,1,0,0,0,0,0,94,0,0,0,80,0,0,0,0,0,0,0,0,0,0,0,0,0,0,0,0,0,0,0,0,0,0,0,0,0,0,0,,,,,,,,,,,,,,,,
90.282,0,0,0,0,0,0,0,0,12,0,0,0,0,91,30,3,0,0,0,0,0,1,244,0,0,0,23,0,0,0,1,0,0,0,0,0,94,0,0,0,80,0,0,0,0,0,0,0,0,0,0,0,0,0,0,0,0,0,0,0,0,0,0,0,0,0,0,0,,,,,,,,,,,,,,,,
90.282,0,0,0,0,0,0,0,0,12,0,0,0,0,91,30,3,0,0,0,0,0,1,244,0,0,0,23,0,0,0,1,0,0,0,0,0,94,0,0,0,80,0,0,0,0,0,0,0,0,0,0,0,0,0,0,0,0,0,0,0,0,0,0,0,0,0,0,0,,,,,,,,,,,,,,,,
90.282,0,0,0,0,0,0,0,0,12,0,0,0,0,91,30,3,0,0,0,0,0,1,244,0,0,0,23,0,0,0,1,0,0,0,0,0,94,0,0,0,80,0,0,0,0,0,0,0,0,0,0,0,0,0,0,0,0,0,0,0,0,0,0,0,0,0,0,0,,,,,,,,,,,,,,,,
90.847,0,0,0,0,0,0,0,0,12,0,0,0,0,91,30,3,0,0,0,0,0,1,244,0,0,0,23,0,0,0,1,0,0,0,0,0,94,0,0,0,80,0,0,0,0,0,0,0,0,0,0,0,0,0,0,0,0,0,0,0,0,0,0,0,0,0,0,0,,,,,,,,,,,,,,,,
90.847,0,0,0,0,0,0,0,0,12,0,0,0,0,91,30,3,0,0,0,0,0,1,244,0,0,0,23,0,0,0,1,0,0,0,0,0,94,0,0,0,80,0,0,0,0,0,0,0,0,0,0,0,0,0,0,0,0,0,0,0,0,0,0,0,0,0,0,0,,,,,,,,,,,,,,,,
90.847,0,0,0,0,0,0,0,0,12,0,0,0,0,91,30,3,0,0,0,0,0,1,244,0,0,0,23,0,0,0,1,0,0,0,0,0,94,0,0,0,80,0,0,0,0,0,0,0,0,0,0,0,0,0,0,0,0,0,0,0,0,0,0,0,0,0,0,0,,,,,,,,,,,,,,,,
90.847,0,0,0,0,0,0,0,0,12,0,0,0,0,91,30,3,0,0,0,0,0,1,244,0,0,0,23,0,0,0,1,0,0,0,0,0,94,0,0,0,80,0,0,0,0,0,0,0,0,0,0,0,0,0,0,0,0,0,0,0,0,0,0,0,0,0,0,0,,,,,,,,,,,,,,,,
91.411,0,0,0,0,0,0,0,0,12,0,0,0,0,91,30,3,0,0,0,0,0,1,244,0,0,0,23,0,0,0,1,0,0,0,0,0,94,0,0,0,80,0,0,0,0,0,0,0,0,0,0,0,0,0,0,0,0,0,0,0,0,0,0,0,0,0,0,0,,,,,,,,,,,,,,,,
91.411,0,0,0,0,0,0,0,0,12,0,0,0,0,91,30,3,0,0,0,0,0,1,244,0,0,0,23,0,0,0,1,0,0,0,0,0,94,0,0,0,80,0,0,0,0,0,0,0,0,0,0,0,0,0,0,0,0,0,0,0,0,0,0,0,0,0,0,0,,,,,,,,,,,,,,,,
91.411,0,0,0,0,0,0,0,0,12,0,0,0,0,91,30,3,0,0,0,0,0,1,244,0,0,0,23,0,0,0,1,0,0,0,0,0,94,0,0,0,81,0,0,0,0,0,0,0,0,0,0,0,0,0,0,0,0,0,0,0,0,0,0,0,0,0,0,0,,,,,,,,,,,,,,,,
91.999,0,0,0,0,0,0,0,0,12,0,0,0,0,91,30,3,0,0,0,0,0,1,242,0,0,0,23,0,0,0,1,0,0,0,0,0,94,0,0,0,81,0,0,0,0,0,0,0,0,0,0,0,0,0,0,0,0,0,0,0,0,0,0,0,0,0,0,0,,,,,,,,,,,,,,,,
91.999,0,0,0,0,0,0,0,0,12,0,0,0,0,91,30,3,0,0,0,0,0,1,242,0,0,0,23,0,0,0,1,0,0,0,0,0,94,0,0,0,81,0,0,0,0,0,0,0,0,0,0,0,0,0,0,0,0,0,0,0,0,0,0,0,0,0,0,0,,,,,,,,,,,,,,,,
91.999,0,0,0,0,0,0,0,0,12,0,0,0,0,91,30,3,0,0,0,0,0,1,242,0,0,0,23,0,0,0,1,0,0,0,0,0,94,0,0,0,81,0,0,0,0,0,0,0,0,0,0,0,0,0,0,0,0,0,0,0,0,0,0,0,0,0,0,0,,,,,,,,,,,,,,,,
93.134,0,0,0,0,0,0,0,0,12,0,0,0,0,91,30,3,0,0,0,0,0,1,242,0,0,0,23,0,0,0,1,0,0,0,0,0,94,0,0,0,81,0,0,0,0,0,0,0,0,0,0,0,0,0,0,0,0,0,0,0,0,0,0,0,0,0,0,0,,,,,,,,,,,,,,,,
93.134,0,0,0,0,0,0,0,0,12,0,0,0,0,91,30,3,0,0,0,0,0,1,242,0,0,0,23,0,0,0,1,0,0,0,0,0,94,0,0,0,81,0,0,0,0,0,0,0,0,0,0,0,0,0,0,0,0,0,0,0,0,0,0,0,0,0,0,0,,,,,,,,,,,,,,,,
93.134,0,0,0,0,0,0,0,0,12,0,0,0,0,91,30,3,0,0,0,0,0,1,242,0,0,0,23,0,0,0,1,0,0,0,0,0,94,0,0,0,81,0,0,0,0,0,0,0,0,0,0,0,0,0,0,0,0,0,0,0,0,0,0,0,0,0,0,0,,,,,,,,,,,,,,,,
93.704,0,0,0,0,0,0,0,0,12,0,0,0,0,91,30,3,0,0,0,0,0,1,240,0,0,0,23,0,0,0,1,0,0,0,0,0,94,0,0,0,81,0,0,0,0,0,0,0,0,0,0,0,0,0,0,0,0,0,0,0,0,0,0,0,0,0,0,0,,,,,,,,,,,,,,,,
93.704,0,0,0,0,0,0,0,0,12,0,0,0,0,91,30,3,0,0,0,0,0,1,240,0,0,0,23,0,0,0,1,0,0,0,0,0,94,0,0,0,81,0,0,0,0,0,0,0,0,0,0,0,0,0,0,0,0,0,0,0,0,0,0,0,0,0,0,0,,,,,,,,,,,,,,,,
93.704,0,0,0,0,0,0,0,0,12,0,0,0,0,91,30,3,0,0,0,0,0,1,240,0,0,0,23,0,0,0,1,0,0,0,0,0,94,0,0,0,81,0,0,0,0,0,0,0,0,0,0,0,0,0,0,0,0,0,0,0,0,0,0,0,0,0,0,0,,,,,,,,,,,,,,,,
94.298,0,0,0,0,0,0,0,0,12,0,0,0,0,91,30,3,0,0,0,0,0,1,240,0,0,0,23,0,0,0,1,0,0,0,0,0,94,0,0,0,81,0,0,0,0,0,0,0,0,0,0,0,0,0,0,0,0,0,0,0,0,0,0,0,0,0,0,0,,,,,,,,,,,,,,,,
94.298,0,0,0,0,0,0,0,0,12,0,0,0,0,91,30,3,0,0,0,0,0,1,240,0,0,0,23,0,0,0,1,0,0,0,0,0,94,0,0,0,81,0,0,0,0,0,0,0,0,0,0,0,0,0,0,0,0,0,0,0,0,0,0,0,0,0,0,0,,,,,,,,,,,,,,,,
94.298,0,0,0,0,0,0,0,0,12,0,0,0,0,91,30,3,0,0,0,0,0,1,240,0,0,0,23,0,0,0,1,0,0,0,0,0,94,0,0,0,81,0,0,0,0,0,0,0,0,0,0,0,0,0,0,0,0,0,0,0,0,0,0,0,0,0,0,0,,,,,,,,,,,,,,,,
94.850,0,0,0,0,0,0,0,0,12,0,0,0,0,91,30,3,0,0,0,0,0,1,240,0,0,0,23,0,0,0,1,0,0,0,0,0,94,0,0,0,81,0,0,0,0,0,0,0,0,0,0,0,0,0,0,0,0,0,0,0,0,0,0,0,0,0,0,0,,,,,,,,,,,,,,,,
94.850,0,0,0,0,0,0,0,0,12,0,0,0,0,91,30,3,0,0,0,0,0,1,240,0,0,0,23,0,0,0,1,0,0,0,0,0,94,0,0,0,81,0,0,0,0,0,0,0,0,0,0,0,0,0,0,0,0,0,0,0,0,0,0,0,0,0,0,0,,,,,,,,,,,,,,,,
94.850,0,0,0,0,0,0,0,0,12,0,0,0,0,91,30,3,0,0,0,0,0,1,240,0,0,0,23,0,0,0,1,0,0,0,0,0,94,0,0,0,81,0,0,0,0,0,0,0,0,0,0,0,0,0,0,0,0,0,0,0,0,0,0,0,0,0,0,0,,,,,,,,,,,,,,,,
94.850,0,0,0,0,0,0,0,0,12,0,0,0,0,91,30,3,0,0,0,0,0,1,240,0,0,0,23,0,0,0,1,0,0,0,0,0,94,0,0,0,81,0,0,0,0,0,0,0,0,0,0,0,0,0,0,0,0,0,0,0,0,0,0,0,0,0,0,0,,,,,,,,,,,,,,,,
95.436,0,0,0,0,0,0,0,0,12,0,0,0,0,91,30,3,0,0,0,0,0,1,240,0,0,0,23,0,0,0,1,0,0,0,0,0,94,0,0,0,81,0,0,0,0,0,0,0,0,0,0,0,0,0,0,0,0,0,0,0,0,0,0,0,0,0,0,0,,,,,,,,,,,,,,,,
95.436,0,0,0,0,0,0,0,0,12,0,0,0,0,91,30,3,0,0,0,0,0,1,240,0,0,0,23,0,0,0,1,0,0,0,0,0,94,0,0,0,81,0,0,0,0,0,0,0,0,0,0,0,0,0,0,0,0,0,0,0,0,0,0,0,0,0,0,0,,,,,,,,,,,,,,,,
95.436,0,0,0,0,0,0,0,0,12,0,0,0,0,91,30,3,0,0,0,0,0,1,240,0,0,0,23,0,0,0,1,0,0,0,0,0,94,0,0,0,81,0,0,0,0,0,0,0,0,0,0,0,0,0,0,0,0,0,0,0,0,0,0,0,0,0,0,0,,,,,,,,,,,,,,,,
95.436,0,0,0,0,0,0,0,0,12,0,0,0,0,91,30,3,0,0,0,0,0,1,240,0,0,0,23,0,0,0,1,0,0,0,0,0,94,0,0,0,81,0,0,0,0,0,0,0,0,0,0,0,0,0,0,0,0,0,0,0,0,0,0,0,0,0,0,0,,,,,,,,,,,,,,,,
96.000,0,0,0,0,0,0,0,0,12,0,0,0,0,91,30,3,0,0,0,0,0,1,240,0,0,0,23,0,0,0,1,0,0,0,0,0,94,0,0,0,81,0,0,0,0,0,0,0,0,0,0,0,0,0,0,0,0,0,0,0,0,0,0,0,0,0,0,0,,,,,,,,,,,,,,,,
96.000,0,0,0,0,0,0,0,0,12,0,0,0,0,91,30,3,0,0,0,0,0,1,240,0,0,0,23,0,0,0,1,0,0,0,0,0,94,0,0,0,81,0,0,0,0,0,0,0,0,0,0,0,0,0,0,0,0,0,0,0,0,0,0,0,0,0,0,0,,,,,,,,,,,,,,,,
96.000,0,0,0,0,0,0,0,0,12,0,0,0,0,91,30,3,0,0,0,0,0,1,240,0,0,0,23,0,0,0,1,0,0,0,0,0,94,0,0,0,81,0,0,0,0,0,0,0,0,0,0,0,0,0,0,0,0,0,0,0,0,0,0,0,0,0,0,0,,,,,,,,,,,,,,,,
96.573,0,0,0,0,0,0,0,0,12,0,0,0,0,91,30,3,0,0,0,0,0,1,238,0,0,0,23,0,0,0,1,0,0,0,0,0,94,0,0,0,81,0,0,0,0,0,0,0,0,0,0,0,0,0,0,0,0,0,0,0,0,0,0,0,0,0,0,0,,,,,,,,,,,,,,,,
96.573,0,0,0,0,0,0,0,0,12,0,0,0,0,91,30,3,0,0,0,0,0,1,238,0,0,0,23,0,0,0,1,0,0,0,0,0,94,0,0,0,81,0,0,0,0,0,0,0,0,0,0,0,0,0,0,0,0,0,0,0,0,0,0,0,0,0,0,0,,,,,,,,,,,,,,,,
96.573,0,0,0,0,0,0,0,0,12,0,0,0,0,91,30,3,0,0,0,0,0,1,238,0,0,0,23,0,0,0,1,0,0,0,0,0,94,0,0,0,81,0,0,0,0,0,0,0,0,0,0,0,0,0,0,0,0,0,0,0,0,0,0,0,0,0,0,0,,,,,,,,,,,,,,,,
97.141,0,0,0,0,0,0,0,0,12,0,0,0,0,91,30,3,0,0,0,0,0,1,238,0,0,0,23,0,0,0,1,0,0,0,0,0,94,0,0,0,81,0,0,0,0,0,0,0,0,0,0,0,0,0,0,0,0,0,0,0,0,0,0,0,0,0,0,0,,,,,,,,,,,,,,,,
97.141,0,0,0,0,0,0,0,0,12,0,0,0,0,90,30,3,0,0,0,0,0,1,238,0,0,0,23,0,0,0,1,0,0,0,0,0,94,0,0,0,81,0,0,0,0,0,0,0,0,0,0,0,0,0,0,0,0,0,0,0,0,0,0,0,0,0,0,0,,,,,,,,,,,,,,,,
97.141,0,0,0,0,0,0,0,0,12,0,0,0,0,90,30,3,0,0,0,0,0,1,238,0,0,0,23,0,0,0,1,0,0,0,0,0,94,0,0,0,81,0,0,0,0,0,0,0,0,0,0,0,0,0,0,0,0,0,0,0,0,0,0,0,0,0,0,0,,,,,,,,,,,,,,,,
97.735,0,0,0,0,0,0,0,0,12,0,0,0,0,90,30,3,0,0,0,0,0,1,236,0,0,0,23,0,0,0,1,0,0,0,0,0,94,0,0,0,81,0,0,0,0,0,0,0,0,0,0,0,0,0,0,0,0,0,0,0,0,0,0,0,0,0,0,0,,,,,,,,,,,,,,,,
97.735,0,0,0,0,0,0,0,0,12,0,0,0,0,90,30,3,0,0,0,0,0,1,236,0,0,0,23,0,0,0,1,0,0,0,0,0,94,0,0,0,81,0,0,0,0,0,0,0,0,0,0,0,0,0,0,0,0,0,0,0,0,0,0,0,0,0,0,0,,,,,,,,,,,,,,,,
97.736,0,0,0,0,0,0,0,0,12,0,0,0,0,90,30,3,0,0,0,0,0,1,236,0,0,0,23,0,0,0,1,0,0,0,0,0,94,0,0,0,81,0,0,0,0,0,0,0,0,0,0,0,0,0,0,0,0,0,0,0,0,0,0,0,0,0,0,0,,,,,,,,,,,,,,,,
98.270,0,0,0,0,0,0,0,0,12,0,0,0,0,90,30,3,0,0,0,0,0,1,236,0,0,0,23,0,0,0,1,0,0,0,0,0,94,0,0,0,81,0,0,0,0,0,0,0,0,0,0,0,0,0,0,0,0,0,0,0,0,0,0,0,0,0,0,0,,,,,,,,,,,,,,,,
98.270,0,0,0,0,0,0,0,0,12,0,0,0,0,90,30,3,0,0,0,0,0,1,236,0,0,0,23,0,0,0,1,0,0,0,0,0,94,0,0,0,81,0,0,0,0,0,0,0,0,0,0,0,0,0,0,0,0,0,0,0,0,0,0,0,0,0,0,0,,,,,,,,,,,,,,,,
98.270,0,0,0,0,0,0,0,0,12,0,0,0,0,90,30,3,0,0,0,0,0,1,236,0,0,0,23,0,0,0,1,0,0,0,0,0,94,0,0,0,81,0,0,0,0,0,0,0,0,0,0,0,0,0,0,0,0,0,0,0,0,0,0,0,0,0,0,0,,,,,,,,,,,,,,,,
99.134,0,0,0,0,0,0,0,0,12,0,0,0,0,90,30,3,0,0,0,0,0,1,236,0,0,0,23,0,0,0,1,0,0,0,0,0,94,0,0,0,81,0,0,0,0,0,0,0,0,0,0,0,0,0,0,0,0,0,0,0,0,0,0,0,0,0,0,0,,,,,,,,,,,,,,,,
99.134,0,0,0,0,0,0,0,0,12,0,0,0,0,90,30,3,0,0,0,0,0,1,236,0,0,0,23,0,0,0,1,0,0,0,0,0,94,0,0,0,81,0,0,0,0,0,0,0,0,0,0,0,0,0,0,0,0,0,0,0,0,0,0,0,0,0,0,0,,,,,,,,,,,,,,,,
99.134,0,0,0,0,0,0,0,0,12,0,0,0,0,90,30,3,0,0,0,0,0,1,236,0,0,0,23,0,0,0,1,0,0,0,0,0,94,0,0,0,81,0,0,0,0,0,0,0,0,0,0,0,0,0,0,0,0,0,0,0,0,0,0,0,0,0,0,0,,,,,,,,,,,,,,,,
99.718,0,0,0,0,0,0,0,0,12,0,0,0,0,90,30,3,0,0,0,0,0,1,234,0,0,0,23,0,0,0,1,0,0,0,0,0,94,0,0,0,81,0,0,0,0,0,0,0,0,0,0,0,0,0,0,0,0,0,0,0,0,0,0,0,0,0,0,0,,,,,,,,,,,,,,,,
99.718,0,0,0,0,0,0,0,0,12,0,0,0,0,90,30,3,0,0,0,0,0,1,234,0,0,0,23,0,0,0,1,0,0,0,0,0,94,0,0,0,81,0,0,0,0,0,0,0,0,0,0,0,0,0,0,0,0,0,0,0,0,0,0,0,0,0,0,0,,,,,,,,,,,,,,,,
99.718,0,0,0,0,0,0,0,0,12,0,0,0,0,90,30,3,0,0,0,0,0,1,234,0,0,0,23,0,0,0,1,0,0,0,0,0,94,0,0,0,81,0,0,0,0,0,0,0,0,0,0,0,0,0,0,0,0,0,0,0,0,0,0,0,0,0,0,0,,,,,,,,,,,,,,,,
100.276,0,0,0,0,0,0,0,0,12,0,0,0,0,90,30,3,0,0,0,0,0,1,234,0,0,0,23,0,0,0,1,0,0,0,0,0,94,0,0,0,81,0,0,0,0,0,0,0,0,0,0,0,0,0,0,0,0,0,0,0,0,0,0,0,0,0,0,0,,,,,,,,,,,,,,,,
100.276,0,0,0,0,0,0,0,0,12,0,0,0,0,90,30,3,0,0,0,0,0,1,234,0,0,0,23,0,0,0,1,0,0,0,0,0,94,0,0,0,81,0,0,0,0,0,0,0,0,0,0,0,0,0,0,0,0,0,0,0,0,0,0,0,0,0,0,0,,,,,,,,,,,,,,,,
100.276,0,0,0,0,0,0,0,0,12,0,0,0,0,90,30,3,0,0,0,0,0,1,234,0,0,0,23,0,0,0,1,0,0,0,0,0,94,0,0,0,81,0,0,0,0,0,0,0,0,0,0,0,0,0,0,0,0,0,0,0,0,0,0,0,0,0,0,0,,,,,,,,,,,,,,,,
100.276,0,0,0,0,0,0,0,0,12,0,0,0,0,90,30,3,0,0,0,0,0,1,234,0,0,0,23,0,0,0,1,0,0,0,0,0,94,0,0,0,81,0,0,0,0,0,0,0,0,0,0,0,0,0,0,0,0,0,0,0,0,0,0,0,0,0,0,0,,,,,,,,,,,,,,,,
101.139,0,0,0,0,0,0,0,0,12,0,0,0,0,90,30,3,0,0,0,0,0,1,234,0,0,0,23,0,0,0,1,0,0,0,0,0,94,0,0,0,81,0,0,0,0,0,0,0,0,0,0,0,0,0,0,0,0,0,0,0,0,0,0,0,0,0,0,0,,,,,,,,,,,,,,,,
101.139,0,0,0,0,0,0,0,0,12,0,0,0,0,90,30,3,0,0,0,0,0,1,234,0,0,0,23,0,0,0,1,0,0,0,0,0,94,0,0,0,81,0,0,0,0,0,0,0,0,0,0,0,0,0,0,0,0,0,0,0,0,0,0,0,0,0,0,0,,,,,,,,,,,,,,,,
101.139,0,0,0,0,0,0,0,0,12,0,0,0,0,90,30,3,0,0,0,0,0,1,234,0,0,0,23,0,0,0,1,0,0,0,0,0,94,0,0,0,81,0,0,0,0,0,0,0,0,0,0,0,0,0,0,0,0,0,0,0,0,0,0,0,0,0,0,0,,,,,,,,,,,,,,,,
101.710,0,0,0,0,0,0,0,0,12,0,0,0,0,90,30,3,0,0,0,0,0,1,232,0,0,0,23,0,0,0,1,0,0,0,0,0,94,0,0,0,81,0,0,0,0,0,0,0,0,0,0,0,0,0,0,0,0,0,0,0,0,0,0,0,0,0,0,0,,,,,,,,,,,,,,,,
101.710,0,0,0,0,0,0,0,0,12,0,0,0,0,90,30,3,0,0,0,0,0,1,232,0,0,0,23,0,0,0,1,0,0,0,0,0,94,0,0,0,81,0,0,0,0,0,0,0,0,0,0,0,0,0,0,0,0,0,0,0,0,0,0,0,0,0,0,0,,,,,,,,,,,,,,,,
101.715,0,0,0,0,0,0,0,0,12,0,0,0,0,90,30,3,0,0,0,0,0,1,232,0,0,0,23,0,0,0,1,0,0,0,0,0,94,0,0,0,81,0,0,0,0,0,0,0,0,0,0,0,0,0,0,0,0,0,0,0,0,0,0,0,0,0,0,0,,,,,,,,,,,,,,,,
102.282,0,0,0,0,0,0,0,0,12,0,0,0,0,90,30,3,0,0,0,0,0,1,232,0,0,0,23,0,0,0,1,0,0,0,0,0,94,0,0,0,81,0,0,0,0,0,0,0,0,0,0,0,0,0,0,0,0,0,0,0,0,0,0,0,0,0,0,0,,,,,,,,,,,,,,,,
102.282,0,0,0,0,0,0,0,0,12,0,0,0,0,90,30,3,0,0,0,0,0,1,232,0,0,0,23,0,0,0,1,0,0,0,0,0,94,0,0,0,81,0,0,0,0,0,0,0,0,0,0,0,0,0,0,0,0,0,0,0,0,0,0,0,0,0,0,0,,,,,,,,,,,,,,,,
102.282,0,0,0,0,0,0,0,0,12,0,0,0,0,90,30,3,0,0,0,0,0,1,232,0,0,0,23,0,0,0,1,0,0,0,0,0,94,0,0,0,81,0,0,0,0,0,0,0,0,0,0,0,0,0,0,0,0,0,0,0,0,0,0,0,0,0,0,0,,,,,,,,,,,,,,,,
102.856,0,0,0,0,0,0,0,0,12,0,0,0,0,90,30,3,0,0,0,0,0,1,232,0,0,0,23,0,0,0,1,0,0,0,0,0,94,0,0,0,81,0,0,0,0,0,0,0,0,0,0,0,0,0,0,0,0,0,0,0,0,0,0,0,0,0,0,0,,,,,,,,,,,,,,,,
102.856,0,0,0,0,0,0,0,0,12,0,0,0,0,90,30,3,0,0,0,0,0,1,232,0,0,0,23,0,0,0,1,0,0,0,0,0,94,0,0,0,81,0,0,0,0,0,0,0,0,0,0,0,0,0,0,0,0,0,0,0,0,0,0,0,0,0,0,0,,,,,,,,,,,,,,,,
102.856,0,0,0,0,0,0,0,0,12,0,0,0,0,90,30,3,0,0,0,0,0,1,232,0,0,0,23,0,0,0,1,0,0,0,0,0,94,0,0,0,81,0,0,0,0,0,0,0,0,0,0,0,0,0,0,0,0,0,0,0,0,0,0,0,0,0,0,0,,,,,,,,,,,,,,,,
102.856,0,0,0,0,0,0,0,0,12,0,0,0,0,90,30,3,0,0,0,0,0,1,232,0,0,0,23,0,0,0,1,0,0,0,0,0,94,0,0,0,81,0,0,0,0,0,0,0,0,0,0,0,0,0,0,0,0,0,0,0,0,0,0,0,0,0,0,0,,,,,,,,,,,,,,,,
103.422,0,0,0,0,0,0,0,0,12,0,0,0,0,90,30,3,0,0,0,0,0,1,232,0,0,0,23,0,0,0,1,0,0,0,0,0,94,0,0,0,81,0,0,0,0,0,0,0,0,0,0,0,0,0,0,0,0,0,0,0,0,0,0,0,0,0,0,0,,,,,,,,,,,,,,,,
103.422,0,0,0,0,0,0,0,0,12,0,0,0,0,89,30,3,0,0,0,0,0,1,232,0,0,0,23,0,0,0,1,0,0,0,0,0,94,0,0,0,81,0,0,0,0,0,0,0,0,0,0,0,0,0,0,0,0,0,0,0,0,0,0,0,0,0,0,0,,,,,,,,,,,,,,,,
103.422,0,0,0,0,0,0,0,0,12,0,0,0,0,89,30,3,0,0,0,0,0,1,232,0,0,0,23,0,0,0,1,0,0,0,0,0,94,0,0,0,81,0,0,0,0,0,0,0,0,0,0,0,0,0,0,0,0,0,0,0,0,0,0,0,0,0,0,0,,,,,,,,,,,,,,,,
103.989,0,0,0,0,0,0,0,0,12,0,0,0,0,89,30,3,0,0,0,0,0,1,222,0,0,0,23,0,0,0,1,0,0,0,0,0,94,0,0,0,81,0,0,0,0,0,0,0,0,0,0,0,0,0,0,0,0,0,0,0,0,0,0,0,0,0,0,0,,,,,,,,,,,,,,,,
103.989,0,0,0,0,0,0,0,0,12,0,0,0,0,89,30,3,0,0,0,0,0,1,222,0,0,0,23,0,0,0,1,0,0,0,0,0,94,0,0,0,81,0,0,0,0,0,0,0,0,0,0,0,0,0,0,0,0,0,0,0,0,0,0,0,0,0,0,0,,,,,,,,,,,,,,,,
103.989,0,0,0,0,0,0,0,0,12,0,0,0,0,89,30,3,0,0,0,0,0,1,222,0,0,0,23,0,0,0,1,0,0,0,0,0,94,0,0,0,81,0,0,0,0,0,0,0,0,0,0,0,0,0,0,0,0,0,0,0,0,0,0,0,0,0,0,0,,,,,,,,,,,,,,,,
104.641,0,0,0,0,0,0,0,0,12,0,0,0,0,89,30,3,0,0,0,0,0,1,222,0,0,0,23,0,0,0,1,0,0,0,0,0,94,0,0,0,81,0,0,0,0,0,0,0,0,0,0,0,0,0,0,0,0,0,0,0,0,0,0,0,0,0,0,0,,,,,,,,,,,,,,,,
104.641,0,0,0,0,0,0,0,0,12,0,0,0,0,89,30,3,0,0,0,0,0,1,222,0,0,0,23,0,0,0,1,0,0,0,0,0,94,0,0,0,81,0,0,0,0,0,0,0,0,0,0,0,0,0,0,0,0,0,0,0,0,0,0,0,0,0,0,0,,,,,,,,,,,,,,,,
104.641,0,0,0,0,0,0,0,0,12,0,0,0,0,89,30,3,0,0,0,0,0,1,222,0,0,0,23,0,0,0,1,0,0,0,0,0,94,0,0,0,81,0,0,0,0,0,0,0,0,0,0,0,0,0,0,0,0,0,0,0,0,0,0,0,0,0,0,0,,,,,,,,,,,,,,,,
104.641,0,0,0,0,0,0,0,0,12,0,0,0,0,89,30,3,0,0,0,0,0,1,222,0,0,0,23,0,0,0,1,0,0,0,0,0,94,0,0,0,81,0,0,0,0,0,0,0,0,0,0,0,0,0,0,0,0,0,0,0,0,0,0,0,0,0,0,0,,,,,,,,,,,,,,,,
105.206,0,0,0,0,0,0,0,0,12,0,0,0,0,89,30,3,0,0,0,0,0,1,222,0,0,0,23,0,0,0,1,0,0,0,0,0,94,0,0,0,81,0,0,0,0,0,0,0,0,0,0,0,0,0,0,0,0,0,0,0,0,0,0,0,0,0,0,0,,,,,,,,,,,,,,,,
105.206,0,0,0,0,0,0,0,0,12,0,0,0,0,83,30,3,0,0,0,0,0,1,222,0,0,0,23,0,0,0,1,0,0,0,0,0,94,0,0,0,81,0,0,0,0,0,0,0,0,0,0,0,0,0,0,0,0,0,0,0,0,0,0,0,0,0,0,0,,,,,,,,,,,,,,,,
105.206,0,0,0,0,0,0,0,0,12,0,0,0,0,83,30,3,0,0,0,0,0,1,222,0,0,0,23,0,0,0,1,0,0,0,0,0,94,0,0,0,81,0,0,0,0,0,0,0,0,0,0,0,0,0,0,0,0,0,0,0,0,0,0,0,0,0,0,0,,,,,,,,,,,,,,,,
105.779,0,0,0,0,0,0,0,0,12,0,0,0,0,83,30,3,0,0,0,0,0,1,216,0,0,0,23,0,0,0,1,0,0,0,0,0,94,0,0,0,81,0,0,0,0,0,0,0,0,0,0,0,0,0,0,0,0,0,0,0,0,0,0,0,0,0,0,0,,,,,,,,,,,,,,,,
105.779,0,0,0,0,0,0,0,0,12,0,0,0,0,83,30,3,0,0,0,0,0,1,216,0,0,0,23,0,0,0,1,0,0,0,0,0,94,0,0,0,81,0,0,0,0,0,0,0,0,0,0,0,0,0,0,0,0,0,0,0,0,0,0,0,0,0,0,0,,,,,,,,,,,,,,,,
105.779,0,0,0,0,0,0,0,0,12,0,0,0,0,83,30,3,0,0,0,0,0,1,216,0,0,0,23,0,0,0,1,0,0,0,0,0,94,0,0,0,81,0,0,0,0,0,0,0,0,0,0,0,0,0,0,0,0,0,0,0,0,0,0,0,0,0,0,0,,,,,,,,,,,,,,,,
106.355,0,0,0,0,0,0,0,0,12,0,0,0,0,83,30,3,0,0,0,0,0,1,216,0,0,0,23,0,0,0,1,0,0,0,0,0,94,0,0,0,81,0,0,0,0,0,0,0,0,0,0,0,0,0,0,0,0,0,0,0,0,0,0,0,0,0,0,0,,,,,,,,,,,,,,,,
106.355,0,0,0,0,0,0,0,0,12,0,0,0,0,83,30,3,0,0,0,0,0,1,216,0,0,0,23,0,0,0,1,0,0,0,0,0,94,0,0,0,81,0,0,0,0,0,0,0,0,0,0,0,0,0,0,0,0,0,0,0,0,0,0,0,0,0,0,0,,,,,,,,,,,,,,,,
106.355,0,0,0,0,0,0,0,0,12,0,0,0,0,83,30,3,0,0,0,0,0,1,216,0,0,0,23,0,0,0,1,0,0,0,0,0,94,0,0,0,81,0,0,0,0,0,0,0,0,0,0,0,0,0,0,0,0,0,0,0,0,0,0,0,0,0,0,0,,,,,,,,,,,,,,,,
107.136,0,0,0,0,0,0,0,0,12,0,0,0,0,83,30,3,0,0,0,0,0,1,216,0,0,0,23,0,0,0,1,0,0,0,0,0,94,0,0,0,81,0,0,0,0,0,0,0,0,0,0,0,0,0,0,0,0,0,0,0,0,0,0,0,0,0,0,0,,,,,,,,,,,,,,,,
107.136,0,0,0,0,0,0,0,0,12,0,0,0,0,77,30,3,0,0,0,0,0,1,216,0,0,0,23,0,0,0,1,0,0,0,0,0,94,0,0,0,81,0,0,0,0,0,0,0,0,0,0,0,0,0,0,0,0,0,0,0,0,0,0,0,0,0,0,0,,,,,,,,,,,,,,,,
107.136,0,0,0,0,0,0,0,0,12,0,0,0,0,77,30,3,0,0,0,0,0,1,216,0,0,0,23,0,0,0,1,0,0,0,0,0,94,0,0,0,81,0,0,0,0,0,0,0,0,0,0,0,0,0,0,0,0,0,0,0,0,0,0,0,0,0,0,0,,,,,,,,,,,,,,,,
107.702,0,0,0,0,0,0,0,0,12,0,0,0,0,77,30,3,0,0,0,0,0,1,212,0,0,0,23,0,0,0,1,0,0,0,0,0,94,0,0,0,81,0,0,0,0,0,0,0,0,0,0,0,0,0,0,0,0,0,0,0,0,0,0,0,0,0,0,0,,,,,,,,,,,,,,,,
107.702,0,0,0,0,0,0,0,0,12,0,0,0,0,77,30,3,0,0,0,0,0,1,212,0,0,0,23,0,0,0,1,0,0,0,0,0,94,0,0,0,81,0,0,0,0,0,0,0,0,0,0,0,0,0,0,0,0,0,0,0,0,0,0,0,0,0,0,0,,,,,,,,,,,,,,,,
107.702,0,0,0,0,0,0,0,0,12,0,0,0,0,77,30,3,0,0,0,0,0,1,212,0,0,0,23,0,0,0,1,0,0,0,0,0,94,0,0,0,81,0,0,0,0,0,0,0,0,0,0,0,0,0,0,0,0,0,0,0,0,0,0,0,0,0,0,0,,,,,,,,,,,,,,,,
109.151,0,0,0,0,0,0,0,0,12,0,0,0,0,77,30,3,0,0,0,0,0,1,212,0,0,0,23,0,0,0,1,0,0,0,0,0,94,0,0,0,81,0,0,0,0,0,0,0,0,0,0,0,0,0,0,0,0,0,0,0,0,0,0,0,0,0,0,0,,,,,,,,,,,,,,,,
109.151,0,0,0,0,0,0,0,0,12,0,0,0,0,73,30,3,0,0,0,0,0,1,212,0,0,0,23,0,0,0,1,0,0,0,0,0,94,0,0,0,81,0,0,0,0,0,0,0,0,0,0,0,0,0,0,0,0,0,0,0,0,0,0,0,0,0,0,0,,,,,,,,,,,,,,,,
109.151,0,0,0,0,0,0,0,0,12,0,0,0,0,73,30,3,0,0,0,0,0,1,212,0,0,0,23,0,0,0,1,0,0,0,0,0,94,0,0,0,81,0,0,0,0,0,0,0,0,0,0,0,0,0,0,0,0,0,0,0,0,0,0,0,0,0,0,0,,,,,,,,,,,,,,,,
109.709,0,0,0,0,0,0,0,0,12,0,0,0,0,73,30,3,0,0,0,0,0,1,209,0,0,0,23,0,0,0,1,0,0,0,0,0,94,0,0,0,81,0,0,0,0,0,0,0,0,0,0,0,0,0,0,0,0,0,0,0,0,0,0,0,0,0,0,0,,,,,,,,,,,,,,,,
109.709,0,0,0,0,0,0,0,0,12,0,0,0,0,73,30,3,0,0,0,0,0,1,209,0,0,0,23,0,0,0,1,0,0,0,0,0,94,0,0,0,81,0,0,0,0,0,0,0,0,0,0,0,0,0,0,0,0,0,0,0,0,0,0,0,0,0,0,0,,,,,,,,,,,,,,,,
109.709,0,0,0,0,0,0,0,0,12,0,0,0,0,73,30,3,0,0,0,0,0,1,209,0,0,0,23,0,0,0,1,0,0,0,0,0,94,0,0,0,81,0,0,0,0,0,0,0,0,0,0,0,0,0,0,0,0,0,0,0,0,0,0,0,0,0,0,0,,,,,,,,,,,,,,,,
110.270,0,0,0,0,0,0,0,0,12,0,0,0,0,73,30,3,0,0,0,0,0,1,209,0,0,0,23,0,0,0,1,0,0,0,0,0,94,0,0,0,81,0,0,0,0,0,0,0,0,0,0,0,0,0,0,0,0,0,0,0,0,0,0,0,0,0,0,0,,,,,,,,,,,,,,,,
110.270,0,0,0,0,0,0,0,0,12,0,0,0,0,73,30,3,0,0,0,0,0,1,209,0,0,0,23,0,0,0,1,0,0,0,0,0,94,0,0,0,81,0,0,0,0,0,0,0,0,0,0,0,0,0,0,0,0,0,0,0,0,0,0,0,0,0,0,0,,,,,,,,,,,,,,,,
110.270,0,0,0,0,0,0,0,0,12,0,0,0,0,73,30,3,0,0,0,0,0,1,209,0,0,0,23,0,0,0,1,0,0,0,0,0,94,0,0,0,81,0,0,0,0,0,0,0,0,0,0,0,0,0,0,0,0,0,0,0,0,0,0,0,0,0,0,0,,,,,,,,,,,,,,,,
110.855,0,0,0,0,0,0,0,0,12,0,0,0,0,73,30,3,0,0,0,0,0,1,209,0,0,0,23,0,0,0,1,0,0,0,0,0,94,0,0,0,81,0,0,0,0,0,0,0,0,0,0,0,0,0,0,0,0,0,0,0,0,0,0,0,0,0,0,0,,,,,,,,,,,,,,,,
110.855,0,0,0,0,0,0,0,0,12,0,0,0,0,73,30,3,0,0,0,0,0,1,209,0,0,0,23,0,0,0,1,0,0,0,0,0,94,0,0,0,81,0,0,0,0,0,0,0,0,0,0,0,0,0,0,0,0,0,0,0,0,0,0,0,0,0,0,0,,,,,,,,,,,,,,,,
110.855,0,0,0,0,0,0,0,0,12,0,0,0,0,73,30,3,0,0,0,0,0,1,209,0,0,0,23,0,0,0,1,0,0,0,0,0,94,0,0,0,81,0,0,0,0,0,0,0,0,0,0,0,0,0,0,0,0,0,0,0,0,0,0,0,0,0,0,0,,,,,,,,,,,,,,,,
110.855,0,0,0,0,0,0,0,0,12,0,0,0,0,73,30,3,0,0,0,0,0,1,209,0,0,0,23,0,0,0,1,0,0,0,0,0,94,0,0,0,81,0,0,0,0,0,0,0,0,0,0,0,0,0,0,0,0,0,0,0,0,0,0,0,0,0,0,0,,,,,,,,,,,,,,,,
111.424,0,0,0,0,0,0,0,0,12,0,0,0,0,73,30,3,0,0,0,0,0,1,209,0,0,0,23,0,0,0,1,0,0,0,0,0,94,0,0,0,81,0,0,0,0,0,0,0,0,0,0,0,0,0,0,0,0,0,0,0,0,0,0,0,0,0,0,0,,,,,,,,,,,,,,,,
111.424,0,0,0,0,0,0,0,0,12,0,0,0,0,73,30,3,0,0,0,0,0,1,209,0,0,0,23,0,0,0,1,0,0,0,0,0,94,0,0,0,81,0,0,0,0,0,0,0,0,0,0,0,0,0,0,0,0,0,0,0,0,0,0,0,0,0,0,0,,,,,,,,,,,,,,,,
111.424,0,0,0,0,0,0,0,0,12,0,0,0,0,73,30,3,0,0,0,0,0,1,209,0,0,0,23,0,0,0,1,0,0,0,0,0,94,0,0,0,81,0,0,0,0,0,0,0,0,0,0,0,0,0,0,0,0,0,0,0,0,0,0,0,0,0,0,0,,,,,,,,,,,,,,,,
111.424,0,0,0,0,0,0,0,0,12,0,0,0,0,73,30,3,0,0,0,0,0,1,209,0,0,0,23,0,0,0,1,0,0,0,0,0,94,0,0,0,81,0,0,0,0,0,0,0,0,0,0,0,0,0,0,0,0,0,0,0,0,0,0,0,0,0,0,0,,,,,,,,,,,,,,,,
111.986,0,0,0,0,0,0,0,0,12,0,0,0,0,73,30,3,0,0,0,0,0,1,209,0,0,0,23,0,0,0,1,0,0,0,0,0,94,0,0,0,81,0,0,0,0,0,0,0,0,0,0,0,0,0,0,0,0,0,0,0,0,0,0,0,0,0,0,0,,,,,,,,,,,,,,,,
111.986,0,0,0,0,0,0,0,0,12,0,0,0,0,70,30,3,0,0,0,0,0,1,209,0,0,0,23,0,0,0,1,0,0,0,0,0,94,0,0,0,81,0,0,0,0,0,0,0,0,0,0,0,0,0,0,0,0,0,0,0,0,0,0,0,0,0,0,0,,,,,,,,,,,,,,,,
111.986,0,0,0,0,0,0,0,0,12,0,0,0,0,70,30,3,0,0,0,0,0,1,209,0,0,0,23,0,0,0,1,0,0,0,0,0,94,0,0,0,81,0,0,0,0,0,0,0,0,0,0,0,0,0,0,0,0,0,0,0,0,0,0,0,0,0,0,0,,,,,,,,,,,,,,,,
112.578,0,0,0,0,0,0,0,0,12,0,0,0,0,70,30,3,0,0,0,0,0,1,206,0,0,0,23,0,0,0,1,0,0,0,0,0,94,0,0,0,81,0,0,0,0,0,0,0,0,0,0,0,0,0,0,0,0,0,0,0,0,0,0,0,0,0,0,0,,,,,,,,,,,,,,,,
112.578,0,0,0,0,0,0,0,0,12,0,0,0,0,70,30,3,0,0,0,0,0,1,206,0,0,0,23,0,0,0,1,0,0,0,0,0,94,0,0,0,81,0,0,0,0,0,0,0,0,0,0,0,0,0,0,0,0,0,0,0,0,0,0,0,0,0,0,0,,,,,,,,,,,,,,,,
112.578,0,0,0,0,0,0,0,0,12,0,0,0,0,70,30,3,0,0,0,0,0,1,206,0,0,0,23,0,0,0,1,0,0,0,0,0,94,0,0,0,81,0,0,0,0,0,0,0,0,0,0,0,0,0,0,0,0,0,0,0,0,0,0,0,0,0,0,0,,,,,,,,,,,,,,,,
113.127,0,0,0,0,0,0,0,0,12,0,0,0,0,70,30,3,0,0,0,0,0,1,206,0,0,0,23,0,0,0,1,0,0,0,0,0,94,0,0,0,81,0,0,0,0,0,0,0,0,0,0,0,0,0,0,0,0,0,0,0,0,0,0,0,0,0,0,0,,,,,,,,,,,,,,,,
113.127,0,0,0,0,0,0,0,0,12,0,0,0,0,69,30,3,0,0,0,0,0,1,206,0,0,0,23,0,0,0,1,0,0,0,0,0,94,0,0,0,81,0,0,0,0,0,0,0,0,0,0,0,0,0,0,0,0,0,0,0,0,0,0,0,0,0,0,0,,,,,,,,,,,,,,,,
113.127,0,0,0,0,0,0,0,0,12,0,0,0,0,69,30,3,0,0,0,0,0,1,206,0,0,0,23,0,0,0,1,0,0,0,0,0,94,0,0,0,81,0,0,0,0,0,0,0,0,0,0,0,0,0,0,0,0,0,0,0,0,0,0,0,0,0,0,0,,,,,,,,,,,,,,,,
113.697,0,0,0,0,0,0,0,0,12,0,0,0,0,69,30,3,0,0,0,0,0,1,204,0,0,0,23,0,0,0,1,0,0,0,0,0,94,0,0,0,81,0,0,0,0,0,0,0,0,0,0,0,0,0,0,0,0,0,0,0,0,0,0,0,0,0,0,0,,,,,,,,,,,,,,,,
113.697,0,0,0,0,0,0,0,0,12,0,0,0,0,69,30,3,0,0,0,0,0,1,204,0,0,0,23,0,0,0,1,0,0,0,0,0,94,0,0,0,81,0,0,0,0,0,0,0,0,0,0,0,0,0,0,0,0,0,0,0,0,0,0,0,0,0,0,0,,,,,,,,,,,,,,,,
113.697,0,0,0,0,0,0,0,0,12,0,0,0,0,69,30,3,0,0,0,0,0,1,204,0,0,0,23,0,0,0,1,0,0,0,0,0,94,0,0,0,81,0,0,0,0,0,0,0,0,0,0,0,0,0,0,0,0,0,0,0,0,0,0,0,0,0,0,0,,,,,,,,,,,,,,,,
114.269,0,0,0,0,0,0,0,0,12,0,0,0,0,69,30,3,0,0,0,0,0,1,204,0,0,0,23,0,0,0,1,0,0,0,0,0,94,0,0,0,81,0,0,0,0,0,0,0,0,0,0,0,0,0,0,0,0,0,0,0,0,0,0,0,0,0,0,0,,,,,,,,,,,,,,,,
114.269,0,0,0,0,0,0,0,0,12,0,0,0,0,69,30,3,0,0,0,0,0,1,204,0,0,0,23,0,0,0,1,0,0,0,0,0,94,0,0,0,81,0,0,0,0,0,0,0,0,0,0,0,0,0,0,0,0,0,0,0,0,0,0,0,0,0,0,0,,,,,,,,,,,,,,,,
114.269,0,0,0,0,0,0,0,0,12,0,0,0,0,69,30,3,0,0,0,0,0,1,204,0,0,0,23,0,0,0,1,0,0,0,0,0,94,0,0,0,81,0,0,0,0,0,0,0,0,0,0,0,0,0,0,0,0,0,0,0,0,0,0,0,0,0,0,0,,,,,,,,,,,,,,,,
115.146,0,0,0,0,0,0,0,0,12,0,0,0,0,69,30,3,0,0,0,0,0,1,204,0,0,0,23,0,0,0,1,0,0,0,0,0,94,0,0,0,81,0,0,0,0,0,0,0,0,0,0,0,0,0,0,0,0,0,0,0,0,0,0,0,0,0,0,0,,,,,,,,,,,,,,,,
115.146,0,0,0,0,0,0,0,0,12,0,0,0,0,69,30,3,0,0,0,0,0,1,204,0,0,0,23,0,0,0,1,0,0,0,0,0,94,0,0,0,81,0,0,0,0,0,0,0,0,0,0,0,0,0,0,0,0,0,0,0,0,0,0,0,0,0,0,0,,,,,,,,,,,,,,,,
115.146,0,0,0,0,0,0,0,0,12,0,0,0,0,69,30,3,0,0,0,0,0,1,204,0,0,0,23,0,0,0,1,0,0,0,0,0,94,0,0,0,81,0,0,0,0,0,0,0,0,0,0,0,0,0,0,0,0,0,0,0,0,0,0,0,0,0,0,0,,,,,,,,,,,,,,,,
115.702,0,0,0,0,0,0,0,0,12,0,0,0,0,69,30,3,0,0,0,0,0,1,202,0,0,0,23,0,0,0,1,0,0,0,0,0,94,0,0,0,81,0,0,0,0,0,0,0,0,0,0,0,0,0,0,0,0,0,0,0,0,0,0,0,0,0,0,0,,,,,,,,,,,,,,,,
115.702,0,0,0,0,0,0,0,0,12,0,0,0,0,69,30,3,0,0,0,0,0,1,202,0,0,0,23,0,0,0,1,0,0,0,0,0,94,0,0,0,81,0,0,0,0,0,0,0,0,0,0,0,0,0,0,0,0,0,0,0,0,0,0,0,0,0,0,0,,,,,,,,,,,,,,,,
115.702,0,0,0,0,0,0,0,0,12,0,0,0,0,69,30,3,0,0,0,0,0,1,202,0,0,0,23,0,0,0,1,0,0,0,0,0,94,0,0,0,81,0,0,0,0,0,0,0,0,0,0,0,0,0,0,0,0,0,0,0,0,0,0,0,0,0,0,0,,,,,,,,,,,,,,,,
116.272,0,0,0,0,0,0,0,0,12,0,0,0,0,69,30,3,0,0,0,0,0,1,202,0,0,0,23,0,0,0,1,0,0,0,0,0,94,0,0,0,81,0,0,0,0,0,0,0,0,0,0,0,0,0,0,0,0,0,0,0,0,0,0,0,0,0,0,0,,,,,,,,,,,,,,,,
116.272,0,0,0,0,0,0,0,0,12,0,0,0,0,69,30,3,0,0,0,0,0,1,202,0,0,0,23,0,0,0,1,0,0,0,0,0,94,0,0,0,81,0,0,0,0,0,0,0,0,0,0,0,0,0,0,0,0,0,0,0,0,0,0,0,0,0,0,0,,,,,,,,,,,,,,,,
116.272,0,0,0,0,0,0,0,0,12,0,0,0,0,69,30,3,0,0,0,0,0,1,202,0,0,0,23,0,0,0,1,0,0,0,0,0,94,0,0,0,81,0,0,0,0,0,0,0,0,0,0,0,0,0,0,0,0,0,0,0,0,0,0,0,0,0,0,0,,,,,,,,,,,,,,,,
116.272,0,0,0,0,0,0,0,0,12,0,0,0,0,69,30,3,0,0,0,0,0,1,202,0,0,0,23,0,0,0,1,0,0,0,0,0,94,0,0,0,81,0,0,0,0,0,0,0,0,0,0,0,0,0,0,0,0,0,0,0,0,0,0,0,0,0,0,0,,,,,,,,,,,,,,,,
117.641,0,0,0,0,0,0,0,0,12,0,0,0,0,69,30,3,0,0,0,0,0,1,200,0,0,0,23,0,0,0,1,0,0,0,0,0,94,0,0,0,81,0,0,0,0,0,0,0,0,0,0,0,0,0,0,0,0,0,0,0,0,0,0,0,0,0,0,0,,,,,,,,,,,,,,,,
117.641,0,0,0,0,0,0,0,0,12,0,0,0,0,69,30,3,0,0,0,0,0,1,200,0,0,0,23,0,0,0,1,0,0,0,0,0,94,0,0,0,81,0,0,0,0,0,0,0,0,0,0,0,0,0,0,0,0,0,0,0,0,0,0,0,0,0,0,0,,,,,,,,,,,,,,,,
117.641,0,0,0,0,0,0,0,0,12,0,0,0,0,69,30,3,0,0,0,0,0,1,200,0,0,0,23,0,0,0,1,0,0,0,0,0,94,0,0,0,81,0,0,0,0,0,0,0,0,0,0,0,0,0,0,0,0,0,0,0,0,0,0,0,0,0,0,0,,,,,,,,,,,,,,,,
118.202,0,0,0,0,0,0,0,0,12,0,0,0,0,69,30,3,0,0,0,0,0,1,200,0,0,0,23,0,0,0,1,0,0,0,0,0,94,0,0,0,81,0,0,0,0,0,0,0,0,0,0,0,0,0,0,0,0,0,0,0,0,0,0,0,0,0,0,0,,,,,,,,,,,,,,,,
118.202,0,0,0,0,0,0,0,0,12,0,0,0,0,69,30,3,0,0,0,0,0,1,200,0,0,0,23,0,0,0,1,0,0,0,0,0,94,0,0,0,81,0,0,0,0,0,0,0,0,0,0,0,0,0,0,0,0,0,0,0,0,0,0,0,0,0,0,0,,,,,,,,,,,,,,,,
118.202,0,0,0,0,0,0,0,0,12,0,0,0,0,69,30,3,0,0,0,0,0,1,200,0,0,0,23,0,0,0,1,0,0,0,0,0,94,0,0,0,81,0,0,0,0,0,0,0,0,0,0,0,0,0,0,0,0,0,0,0,0,0,0,0,0,0,0,0,,,,,,,,,,,,,,,,
118.798,0,0,0,0,0,0,0,0,12,0,0,0,0,69,30,3,0,0,0,0,0,1,200,0,0,0,23,0,0,0,1,0,0,0,0,0,94,0,0,0,81,0,0,0,0,0,0,0,0,0,0,0,0,0,0,0,0,0,0,0,0,0,0,0,0,0,0,0,,,,,,,,,,,,,,,,
118.803,0,0,0,0,0,0,0,0,12,0,0,0,0,69,30,3,0,0,0,0,0,1,200,0,0,0,23,0,0,0,1,0,0,0,0,0,94,0,0,0,81,0,0,0,0,0,0,0,0,0,0,0,0,0,0,0,0,0,0,0,0,0,0,0,0,0,0,0,,,,,,,,,,,,,,,,
118.803,0,0,0,0,0,0,0,0,12,0,0,0,0,69,30,3,0,0,0,0,0,1,200,0,0,0,23,0,0,0,1,0,0,0,0,0,94,0,0,0,81,0,0,0,0,0,0,0,0,0,0,0,0,0,0,0,0,0,0,0,0,0,0,0,0,0,0,0,,,,,,,,,,,,,,,,
119.346,0,0,0,0,0,0,0,0,12,0,0,0,0,69,30,3,0,0,0,0,0,1,200,0,0,0,23,0,0,0,1,0,0,0,0,0,94,0,0,0,81,0,0,0,0,0,0,0,0,0,0,0,0,0,0,0,0,0,0,0,0,0,0,0,0,0,0,0,,,,,,,,,,,,,,,,
119.346,0,0,0,0,0,0,0,0,12,0,0,0,0,69,30,3,0,0,0,0,0,1,200,0,0,0,23,0,0,0,1,0,0,0,0,0,94,0,0,0,81,0,0,0,0,0,0,0,0,0,0,0,0,0,0,0,0,0,0,0,0,0,0,0,0,0,0,0,,,,,,,,,,,,,,,,
119.346,0,0,0,0,0,0,0,0,12,0,0,0,0,69,30,3,0,0,0,0,0,1,200,0,0,0,23,0,0,0,1,0,0,0,0,0,94,0,0,0,81,0,0,0,0,0,0,0,0,0,0,0,0,0,0,0,0,0,0,0,0,0,0,0,0,0,0,0,,,,,,,,,,,,,,,,
119.346,0,0,0,0,0,0,0,0,12,0,0,0,0,69,30,3,0,0,0,0,0,1,200,0,0,0,23,0,0,0,1,0,0,0,0,0,94,0,0,0,81,0,0,0,0,0,0,0,0,0,0,0,0,0,0,0,0,0,0,0,0,0,0,0,0,0,0,0,,,,,,,,,,,,,,,,
119.908,0,0,0,0,0,0,0,0,12,0,0,0,0,69,30,3,0,0,0,0,0,1,199,0,0,0,23,0,0,0,1,0,0,0,0,0,94,0,0,0,81,0,0,0,0,0,0,0,0,0,0,0,0,0,0,0,0,0,0,0,0,0,0,0,0,0,0,0,,,,,,,,,,,,,,,,
119.908,0,0,0,0,0,0,0,0,12,0,0,0,0,69,30,3,0,0,0,0,0,1,199,0,0,0,23,0,0,0,1,0,0,0,0,0,94,0,0,0,81,0,0,0,0,0,0,0,0,0,0,0,0,0,0,0,0,0,0,0,0,0,0,0,0,0,0,0,,,,,,,,,,,,,,,,
119.908,0,0,0,0,0,0,0,0,12,0,0,0,0,69,30,3,0,0,0,0,0,1,199,0,0,0,23,0,0,0,1,0,0,0,0,0,94,0,0,0,81,0,0,0,0,0,0,0,0,0,0,0,0,0,0,0,0,0,0,0,0,0,0,0,0,0,0,0,,,,,,,,,,,,,,,,
120.487,0,0,0,0,0,0,0,0,12,0,0,0,0,69,30,3,0,0,0,0,0,1,199,0,0,0,23,0,0,0,1,0,0,0,0,0,94,0,0,0,81,0,0,0,0,0,0,0,0,0,0,0,0,0,0,0,0,0,0,0,0,0,0,0,0,0,0,0,,,,,,,,,,,,,,,,
120.487,0,0,0,0,0,0,0,0,12,0,0,0,0,69,30,3,0,0,0,0,0,1,199,0,0,0,23,0,0,0,1,0,0,0,0,0,94,0,0,0,81,0,0,0,0,0,0,0,0,0,0,0,0,0,0,0,0,0,0,0,0,0,0,0,0,0,0,0,,,,,,,,,,,,,,,,
120.487,0,0,0,0,0,0,0,0,12,0,0,0,0,69,30,3,0,0,0,0,0,1,199,0,0,0,23,0,0,0,1,0,0,0,0,0,94,0,0,0,81,0,0,0,0,0,0,0,0,0,0,0,0,0,0,0,0,0,0,0,0,0,0,0,0,0,0,0,,,,,,,,,,,,,,,,
121.055,0,0,0,0,0,0,0,0,12,0,0,0,0,69,30,3,0,0,0,0,0,1,199,0,0,0,23,0,0,0,1,0,0,0,0,0,94,0,0,0,81,0,0,0,0,0,0,0,0,0,0,0,0,0,0,0,0,0,0,0,0,0,0,0,0,0,0,0,,,,,,,,,,,,,,,,
121.055,0,0,0,0,0,0,0,0,12,0,0,0,0,69,30,3,0,0,0,0,0,1,199,0,0,0,23,0,0,0,1,0,0,0,0,0,94,0,0,0,81,0,0,0,0,0,0,0,0,0,0,0,0,0,0,0,0,0,0,0,0,0,0,0,0,0,0,0,,,,,,,,,,,,,,,,
121.055,0,0,0,0,0,0,0,0,12,0,0,0,0,69,30,3,0,0,0,0,0,1,199,0,0,0,23,0,0,0,1,0,0,0,0,0,94,0,0,0,81,0,0,0,0,0,0,0,0,0,0,0,0,0,0,0,0,0,0,0,0,0,0,0,0,0,0,0,,,,,,,,,,,,,,,,
121.055,0,0,0,0,0,0,0,0,12,0,0,0,0,69,30,3,0,0,0,0,0,1,199,0,0,0,23,0,0,0,1,0,0,0,0,0,94,0,0,0,81,0,0,0,0,0,0,0,0,0,0,0,0,0,0,0,0,0,0,0,0,0,0,0,0,0,0,0,,,,,,,,,,,,,,,,
121.634,0,0,0,0,0,0,0,0,12,0,0,0,0,69,30,3,0,0,0,0,0,1,197,0,0,0,23,0,0,0,1,0,0,0,0,0,94,0,0,0,81,0,0,0,0,0,0,0,0,0,0,0,0,0,0,0,0,0,0,0,0,0,0,0,0,0,0,0,,,,,,,,,,,,,,,,
121.634,0,0,0,0,0,0,0,0,12,0,0,0,0,69,30,3,0,0,0,0,0,1,197,0,0,0,23,0,0,0,1,0,0,0,0,0,94,0,0,0,81,0,0,0,0,0,0,0,0,0,0,0,0,0,0,0,0,0,0,0,0,0,0,0,0,0,0,0,,,,,,,,,,,,,,,,
121.634,0,0,0,0,0,0,0,0,12,0,0,0,0,69,30,3,0,0,0,0,0,1,197,0,0,0,23,0,0,0,1,0,0,0,0,0,94,0,0,0,81,0,0,0,0,0,0,0,0,0,0,0,0,0,0,0,0,0,0,0,0,0,0,0,0,0,0,0,,,,,,,,,,,,,,,,
122.198,0,0,0,0,0,0,0,0,12,0,0,0,0,69,30,3,0,0,0,0,0,1,197,0,0,0,23,0,0,0,1,0,0,0,0,0,94,0,0,0,81,0,0,0,0,0,0,0,0,0,0,0,0,0,0,0,0,0,0,0,0,0,0,0,0,0,0,0,,,,,,,,,,,,,,,,
122.198,0,0,0,0,0,0,0,0,12,0,0,0,0,69,30,3,0,0,0,0,0,1,197,0,0,0,23,0,0,0,1,0,0,0,0,0,94,0,0,0,81,0,0,0,0,0,0,0,0,0,0,0,0,0,0,0,0,0,0,0,0,0,0,0,0,0,0,0,,,,,,,,,,,,,,,,
122.198,0,0,0,0,0,0,0,0,12,0,0,0,0,69,30,3,0,0,0,0,0,1,197,0,0,0,23,0,0,0,1,0,0,0,0,0,94,0,0,0,81,0,0,0,0,0,0,0,0,0,0,0,0,0,0,0,0,0,0,0,0,0,0,0,0,0,0,0,,,,,,,,,,,,,,,,
122.765,0,0,0,0,0,0,0,0,12,0,0,0,0,69,30,3,0,0,0,0,0,1,197,0,0,0,23,0,0,0,1,0,0,0,0,0,94,0,0,0,81,0,0,0,0,0,0,0,0,0,0,0,0,0,0,0,0,0,0,0,0,0,0,0,0,0,0,0,,,,,,,,,,,,,,,,
122.765,0,0,0,0,0,0,0,0,12,0,0,0,0,69,30,3,0,0,0,0,0,1,197,0,0,0,23,0,0,0,1,0,0,0,0,0,94,0,0,0,81,0,0,0,0,0,0,0,0,0,0,0,0,0,0,0,0,0,0,0,0,0,0,0,0,0,0,0,,,,,,,,,,,,,,,,
122.765,0,0,0,0,0,0,0,0,12,0,0,0,0,69,30,3,0,0,0,0,0,1,197,0,0,0,23,0,0,0,1,0,0,0,0,0,94,0,0,0,81,0,0,0,0,0,0,0,0,0,0,0,0,0,0,0,0,0,0,0,0,0,0,0,0,0,0,0,,,,,,,,,,,,,,,,
123.629,0,0,0,0,0,0,0,0,12,0,0,0,0,69,30,3,0,0,0,0,0,1,196,0,0,0,23,0,0,0,1,0,0,0,0,0,94,0,0,0,81,0,0,0,0,0,0,0,0,0,0,0,0,0,0,0,0,0,0,0,0,0,0,0,0,0,0,0,,,,,,,,,,,,,,,,
123.629,0,0,0,0,0,0,0,0,12,0,0,0,0,69,30,3,0,0,0,0,0,1,196,0,0,0,23,0,0,0,1,0,0,0,0,0,94,0,0,0,81,0,0,0,0,0,0,0,0,0,0,0,0,0,0,0,0,0,0,0,0,0,0,0,0,0,0,0,,,,,,,,,,,,,,,,
123.629,0,0,0,0,0,0,0,0,12,0,0,0,0,69,30,3,0,0,0,0,0,1,196,0,0,0,23,0,0,0,1,0,0,0,0,0,94,0,0,0,81,0,0,0,0,0,0,0,0,0,0,0,0,0,0,0,0,0,0,0,0,0,0,0,0,0,0,0,,,,,,,,,,,,,,,,
124.199,0,0,0,0,0,0,0,0,12,0,0,0,0,69,30,3,0,0,0,0,0,1,196,0,0,0,23,0,0,0,1,0,0,0,0,0,94,0,0,0,81,0,0,0,0,0,0,0,0,0,0,0,0,0,0,0,0,0,0,0,0,0,0,0,0,0,0,0,,,,,,,,,,,,,,,,
124.199,0,0,0,0,0,0,0,0,12,0,0,0,0,69,30,3,0,0,0,0,0,1,196,0,0,0,23,0,0,0,1,0,0,0,0,0,94,0,0,0,81,0,0,0,0,0,0,0,0,0,0,0,0,0,0,0,0,0,0,0,0,0,0,0,0,0,0,0,,,,,,,,,,,,,,,,
124.199,0,0,0,0,0,0,0,0,12,0,0,0,0,69,30,3,0,0,0,0,0,1,196,0,0,0,23,0,0,0,1,0,0,0,0,0,94,0,0,0,81,0,0,0,0,0,0,0,0,0,0,0,0,0,0,0,0,0,0,0,0,0,0,0,0,0,0,0,,,,,,,,,,,,,,,,
125.634,0,0,0,0,0,0,0,0,12,0,0,0,0,69,30,3,0,0,0,0,0,1,195,0,0,0,23,0,0,0,1,0,0,0,0,0,94,0,0,0,81,0,0,0,0,0,0,0,0,0,0,0,0,0,0,0,0,0,0,0,0,0,0,0,0,0,0,0,,,,,,,,,,,,,,,,
125.634,0,0,0,0,0,0,0,0,12,0,0,0,0,69,30,3,0,0,0,0,0,1,195,0,0,0,23,0,0,0,1,0,0,0,0,0,94,0,0,0,81,0,0,0,0,0,0,0,0,0,0,0,0,0,0,0,0,0,0,0,0,0,0,0,0,0,0,0,,,,,,,,,,,,,,,,
125.634,0,0,0,0,0,0,0,0,12,0,0,0,0,69,30,3,0,0,0,0,0,1,195,0,0,0,23,0,0,0,1,0,0,0,0,0,94,0,0,0,81,0,0,0,0,0,0,0,0,0,0,0,0,0,0,0,0,0,0,0,0,0,0,0,0,0,0,0,,,,,,,,,,,,,,,,
126.213,0,0,0,0,0,0,0,0,12,0,0,0,0,69,30,3,0,0,0,0,0,1,195,0,0,0,23,0,0,0,1,0,0,0,0,0,94,0,0,0,81,0,0,0,0,0,0,0,0,0,0,0,0,0,0,0,0,0,0,0,0,0,0,0,0,0,0,0,,,,,,,,,,,,,,,,
126.218,0,0,0,0,0,0,0,0,12,0,0,0,0,68,30,3,0,0,0,0,0,1,195,0,0,0,23,0,0,0,1,0,0,0,0,0,94,0,0,0,81,0,0,0,0,0,0,0,0,0,0,0,0,0,0,0,0,0,0,0,0,0,0,0,0,0,0,0,,,,,,,,,,,,,,,,
126.218,0,0,0,0,0,0,0,0,12,0,0,0,0,68,30,3,0,0,0,0,0,1,195,0,0,0,23,0,0,0,1,0,0,0,0,0,94,0,0,0,81,0,0,0,0,0,0,0,0,0,0,0,0,0,0,0,0,0,0,0,0,0,0,0,0,0,0,0,,,,,,,,,,,,,,,,
126.778,0,0,0,0,0,0,0,0,12,0,0,0,0,68,30,3,0,0,0,0,0,1,195,0,0,0,23,0,0,0,1,0,0,0,0,0,94,0,0,0,81,0,0,0,0,0,0,0,0,0,0,0,0,0,0,0,0,0,0,0,0,0,0,0,0,0,0,0,,,,,,,,,,,,,,,,
126.778,0,0,0,0,0,0,0,0,12,0,0,0,0,68,30,3,0,0,0,0,0,1,195,0,0,0,23,0,0,0,1,0,0,0,0,0,94,0,0,0,81,0,0,0,0,0,0,0,0,0,0,0,0,0,0,0,0,0,0,0,0,0,0,0,0,0,0,0,,,,,,,,,,,,,,,,
126.778,0,0,0,0,0,0,0,0,12,0,0,0,0,68,30,3,0,0,0,0,0,1,195,0,0,0,23,0,0,0,1,0,0,0,0,0,94,0,0,0,81,0,0,0,0,0,0,0,0,0,0,0,0,0,0,0,0,0,0,0,0,0,0,0,0,0,0,0,,,,,,,,,,,,,,,,
127.346,0,0,0,0,0,0,0,0,12,0,0,0,0,68,30,3,0,0,0,0,0,1,195,0,0,0,23,0,0,0,1,0,0,0,0,0,94,0,0,0,81,0,0,0,0,0,0,0,0,0,0,0,0,0,0,0,0,0,0,0,0,0,0,0,0,0,0,0,,,,,,,,,,,,,,,,
127.346,0,0,0,0,0,0,0,0,12,0,0,0,0,68,30,3,0,0,0,0,0,1,195,0,0,0,23,0,0,0,1,0,0,0,0,0,94,0,0,0,81,0,0,0,0,0,0,0,0,0,0,0,0,0,0,0,0,0,0,0,0,0,0,0,0,0,0,0,,,,,,,,,,,,,,,,
127.346,0,0,0,0,0,0,0,0,12,0,0,0,0,68,30,3,0,0,0,0,0,1,195,0,0,0,23,0,0,0,1,0,0,0,0,0,94,0,0,0,81,0,0,0,0,0,0,0,0,0,0,0,0,0,0,0,0,0,0,0,0,0,0,0,0,0,0,0,,,,,,,,,,,,,,,,
127.346,0,0,0,0,0,0,0,0,12,0,0,0,0,68,30,3,0,0,0,0,0,1,195,0,0,0,23,0,0,0,1,0,0,0,0,0,94,0,0,0,81,0,0,0,0,0,0,0,0,0,0,0,0,0,0,0,0,0,0,0,0,0,0,0,0,0,0,0,,,,,,,,,,,,,,,,
127.906,0,0,0,0,0,0,0,0,12,0,0,0,0,68,30,3,0,0,0,0,0,1,195,0,0,0,23,0,0,0,1,0,0,0,0,0,94,0,0,0,81,0,0,0,0,0,0,0,0,0,0,0,0,0,0,0,0,0,0,0,0,0,0,0,0,0,0,0,,,,,,,,,,,,,,,,
127.906,0,0,0,0,0,0,0,0,12,0,0,0,0,68,30,3,0,0,0,0,0,1,195,0,0,0,23,0,0,0,1,0,0,0,0,0,94,0,0,0,81,0,0,0,0,0,0,0,0,0,0,0,0,0,0,0,0,0,0,0,0,0,0,0,0,0,0,0,,,,,,,,,,,,,,,,
127.906,0,0,0,0,0,0,0,0,12,0,0,0,0,68,30,3,0,0,0,0,0,1,195,0,0,0,23,0,0,0,1,0,0,0,0,0,94,0,0,0,81,0,0,0,0,0,0,0,0,0,0,0,0,0,0,0,0,0,0,0,0,0,0,0,0,0,0,0,,,,,,,,,,,,,,,,
127.906,0,0,0,0,0,0,0,0,12,0,0,0,0,68,30,3,0,0,0,0,0,1,195,0,0,0,23,0,0,0,1,0,0,0,0,0,94,0,0,0,81,0,0,0,0,0,0,0,0,0,0,0,0,0,0,0,0,0,0,0,0,0,0,0,0,0,0,0,,,,,,,,,,,,,,,,
128.491,0,0,0,0,0,0,0,0,12,0,0,0,0,68,30,3,0,0,0,0,0,1,194,0,0,0,23,0,0,0,1,0,0,0,0,0,94,0,0,0,81,0,0,0,0,0,0,0,0,0,0,0,0,0,0,0,0,0,0,0,0,0,0,0,0,0,0,0,,,,,,,,,,,,,,,,
128.491,0,0,0,0,0,0,0,0,12,0,0,0,0,68,30,3,0,0,0,0,0,1,194,0,0,0,23,0,0,0,1,0,0,0,0,0,94,0,0,0,81,0,0,0,0,0,0,0,0,0,0,0,0,0,0,0,0,0,0,0,0,0,0,0,0,0,0,0,,,,,,,,,,,,,,,,
128.491,0,0,0,0,0,0,0,0,12,0,0,0,0,68,30,3,0,0,0,0,0,1,194,0,0,0,23,0,0,0,1,0,0,0,0,0,94,0,0,0,81,0,0,0,0,0,0,0,0,0,0,0,0,0,0,0,0,0,0,0,0,0,0,0,0,0,0,0,,,,,,,,,,,,,,,,
129.058,0,0,0,0,0,0,0,0,12,0,0,0,0,68,30,3,0,0,0,0,0,1,194,0,0,0,23,0,0,0,1,0,0,0,0,0,94,0,0,0,81,0,0,0,0,0,0,0,0,0,0,0,0,0,0,0,0,0,0,0,0,0,0,0,0,0,0,0,,,,,,,,,,,,,,,,
129.058,0,0,0,0,0,0,0,0,12,0,0,0,0,68,30,3,0,0,0,0,0,1,194,0,0,0,23,0,0,0,1,0,0,0,0,0,94,0,0,0,81,0,0,0,0,0,0,0,0,0,0,0,0,0,0,0,0,0,0,0,0,0,0,0,0,0,0,0,,,,,,,,,,,,,,,,
129.058,0,0,0,0,0,0,0,0,12,0,0,0,0,68,30,3,0,0,0,0,0,1,194,0,0,0,23,0,0,0,1,0,0,0,0,0,94,0,0,0,81,0,0,0,0,0,0,0,0,0,0,0,0,0,0,0,0,0,0,0,0,0,0,0,0,0,0,0,,,,,,,,,,,,,,,,
129.631,0,0,0,0,0,0,0,0,12,0,0,0,0,68,30,3,0,0,0,0,0,1,193,0,0,0,23,0,0,0,1,0,0,0,0,0,94,0,0,0,81,0,0,0,0,0,0,0,0,0,0,0,0,0,0,0,0,0,0,0,0,0,0,0,0,0,0,0,,,,,,,,,,,,,,,,
129.631,0,0,0,0,0,0,0,0,12,0,0,0,0,68,30,3,0,0,0,0,0,1,193,0,0,0,23,0,0,0,1,0,0,0,0,0,94,0,0,0,81,0,0,0,0,0,0,0,0,0,0,0,0,0,0,0,0,0,0,0,0,0,0,0,0,0,0,0,,,,,,,,,,,,,,,,
129.631,0,0,0,0,0,0,0,0,12,0,0,0,0,68,30,3,0,0,0,0,0,1,193,0,0,0,23,0,0,0,1,0,0,0,0,0,94,0,0,0,81,0,0,0,0,0,0,0,0,0,0,0,0,0,0,0,0,0,0,0,0,0,0,0,0,0,0,0,,,,,,,,,,,,,,,,
130.202,0,0,0,0,0,0,0,0,12,0,0,0,0,68,30,3,0,0,0,0,0,1,193,0,0,0,23,0,0,0,1,0,0,0,0,0,94,0,0,0,81,0,0,0,0,0,0,0,0,0,0,0,0,0,0,0,0,0,0,0,0,0,0,0,0,0,0,0,,,,,,,,,,,,,,,,
130.202,0,0,0,0,0,0,0,0,12,0,0,0,0,67,30,3,0,0,0,0,0,1,193,0,0,0,23,0,0,0,1,0,0,0,0,0,94,0,0,0,81,0,0,0,0,0,0,0,0,0,0,0,0,0,0,0,0,0,0,0,0,0,0,0,0,0,0,0,,,,,,,,,,,,,,,,
130.202,0,0,0,0,0,0,0,0,12,0,0,0,0,67,30,3,0,0,0,0,0,1,193,0,0,0,23,0,0,0,1,0,0,0,0,0,94,0,0,0,81,0,0,0,0,0,0,0,0,0,0,0,0,0,0,0,0,0,0,0,0,0,0,0,0,0,0,0,,,,,,,,,,,,,,,,
130.805,0,0,0,0,0,0,0,0,12,0,0,0,0,67,30,3,0,0,0,0,0,1,193,0,0,0,23,0,0,0,1,0,0,0,0,0,94,0,0,0,81,0,0,0,0,0,0,0,0,0,0,0,0,0,0,0,0,0,0,0,0,0,0,0,0,0,0,0,,,,,,,,,,,,,,,,
130.805,0,0,0,0,0,0,0,0,12,0,0,0,0,67,30,3,0,0,0,0,0,1,193,0,0,0,23,0,0,0,1,0,0,0,0,0,94,0,0,0,81,0,0,0,0,0,0,0,0,0,0,0,0,0,0,0,0,0,0,0,0,0,0,0,0,0,0,0,,,,,,,,,,,,,,,,
130.810,0,0,0,0,0,0,0,0,12,0,0,0,0,67,30,3,0,0,0,0,0,1,193,0,0,0,23,0,0,0,1,0,0,0,0,0,94,0,0,0,81,0,0,0,0,0,0,0,0,0,0,0,0,0,0,0,0,0,0,0,0,0,0,0,0,0,0,0,,,,,,,,,,,,,,,,
131.355,0,0,0,0,0,0,0,0,12,0,0,0,0,67,30,3,0,0,0,0,0,1,193,0,0,0,23,0,0,0,1,0,0,0,0,0,94,0,0,0,81,0,0,0,0,0,0,0,0,0,0,0,0,0,0,0,0,0,0,0,0,0,0,0,0,0,0,0,,,,,,,,,,,,,,,,
131.355,0,0,0,0,0,0,0,0,12,0,0,0,0,67,30,3,0,0,0,0,0,1,193,0,0,0,23,0,0,0,1,0,0,0,0,0,94,0,0,0,81,0,0,0,0,0,0,0,0,0,0,0,0,0,0,0,0,0,0,0,0,0,0,0,0,0,0,0,,,,,,,,,,,,,,,,
131.355,0,0,0,0,0,0,0,0,12,0,0,0,0,67,30,3,0,0,0,0,0,1,193,0,0,0,23,0,0,0,1,0,0,0,0,0,94,0,0,0,81,0,0,0,0,0,0,0,0,0,0,0,0,0,0,0,0,0,0,0,0,0,0,0,0,0,0,0,,,,,,,,,,,,,,,,
131.355,0,0,0,0,0,0,0,0,12,0,0,0,0,67,30,3,0,0,0,0,0,1,193,0,0,0,23,0,0,0,1,0,0,0,0,0,94,0,0,0,81,0,0,0,0,0,0,0,0,0,0,0,0,0,0,0,0,0,0,0,0,0,0,0,0,0,0,0,,,,,,,,,,,,,,,,
131.915,0,0,0,0,0,0,0,0,12,0,0,0,0,67,30,3,0,0,0,0,0,1,193,0,0,0,23,0,0,0,1,0,0,0,0,0,94,0,0,0,81,0,0,0,0,0,0,0,0,0,0,0,0,0,0,0,0,0,0,0,0,0,0,0,0,0,0,0,,,,,,,,,,,,,,,,
131.915,0,0,0,0,0,0,0,0,12,0,0,0,0,67,30,3,0,0,0,0,0,1,193,0,0,0,23,0,0,0,1,0,0,0,0,0,94,0,0,0,81,0,0,0,0,0,0,0,0,0,0,0,0,0,0,0,0,0,0,0,0,0,0,0,0,0,0,0,,,,,,,,,,,,,,,,
131.915,0,0,0,0,0,0,0,0,12,0,0,0,0,67,30,3,0,0,0,0,0,1,193,0,0,0,23,0,0,0,1,0,0,0,0,0,94,0,0,0,81,0,0,0,0,0,0,0,0,0,0,0,0,0,0,0,0,0,0,0,0,0,0,0,0,0,0,0,,,,,,,,,,,,,,,,
132.642,0,0,0,0,0,0,0,0,12,0,0,0,0,67,30,3,0,0,0,0,0,1,192,0,0,0,23,0,0,0,1,0,0,0,0,0,94,0,0,0,81,0,0,0,0,0,0,0,0,0,0,0,0,0,0,0,0,0,0,0,0,0,0,0,0,0,0,0,,,,,,,,,,,,,,,,
132.642,0,0,0,0,0,0,0,0,12,0,0,0,0,67,30,3,0,0,0,0,0,1,192,0,0,0,23,0,0,0,1,0,0,0,0,0,94,0,0,0,81,0,0,0,0,0,0,0,0,0,0,0,0,0,0,0,0,0,0,0,0,0,0,0,0,0,0,0,,,,,,,,,,,,,,,,
132.642,0,0,0,0,0,0,0,0,12,0,0,0,0,67,30,3,0,0,0,0,0,1,192,0,0,0,23,0,0,0,1,0,0,0,0,0,94,0,0,0,81,0,0,0,0,0,0,0,0,0,0,0,0,0,0,0,0,0,0,0,0,0,0,0,0,0,0,0,,,,,,,,,,,,,,,,
133.641,0,0,0,0,0,0,0,0,12,0,0,0,0,67,30,3,0,0,0,0,0,1,192,0,0,0,23,0,0,0,1,0,0,0,0,0,94,0,0,0,81,0,0,0,0,0,0,0,0,0,0,0,0,0,0,0,0,0,0,0,0,0,0,0,0,0,0,0,,,,,,,,,,,,,,,,
133.641,0,0,0,0,0,0,0,0,12,0,0,0,0,66,30,3,0,0,0,0,0,1,192,0,0,0,23,0,0,0,1,0,0,0,0,0,94,0,0,0,81,0,0,0,0,0,0,0,0,0,0,0,0,0,0,0,0,0,0,0,0,0,0,0,0,0,0,0,,,,,,,,,,,,,,,,
133.641,0,0,0,0,0,0,0,0,12,0,0,0,0,66,30,3,0,0,0,0,0,1,192,0,0,0,23,0,0,0,1,0,0,0,0,0,94,0,0,0,81,0,0,0,0,0,0,0,0,0,0,0,0,0,0,0,0,0,0,0,0,0,0,0,0,0,0,0,,,,,,,,,,,,,,,,
134.209,0,0,0,0,0,0,0,0,12,0,0,0,0,66,30,3,0,0,0,0,0,1,192,0,0,0,23,0,0,0,1,0,0,0,0,0,94,0,0,0,81,0,0,0,0,0,0,0,0,0,0,0,0,0,0,0,0,0,0,0,0,0,0,0,0,0,0,0,,,,,,,,,,,,,,,,
134.209,0,0,0,0,0,0,0,0,12,0,0,0,0,66,30,3,0,0,0,0,0,1,192,0,0,0,23,0,0,0,1,0,0,0,0,0,94,0,0,0,81,0,0,0,0,0,0,0,0,0,0,0,0,0,0,0,0,0,0,0,0,0,0,0,0,0,0,0,,,,,,,,,,,,,,,,
134.209,0,0,0,0,0,0,0,0,12,0,0,0,0,66,30,3,0,0,0,0,0,1,192,0,0,0,23,0,0,0,1,0,0,0,0,0,94,0,0,0,81,0,0,0,0,0,0,0,0,0,0,0,0,0,0,0,0,0,0,0,0,0,0,0,0,0,0,0,,,,,,,,,,,,,,,,
134.764,0,0,0,0,0,0,0,0,12,0,0,0,0,66,30,3,0,0,0,0,0,1,192,0,0,0,23,0,0,0,1,0,0,0,0,0,94,0,0,0,81,0,0,0,0,0,0,0,0,0,0,0,0,0,0,0,0,0,0,0,0,0,0,0,0,0,0,0,,,,,,,,,,,,,,,,
134.764,0,0,0,0,0,0,0,0,12,0,0,0,0,66,30,3,0,0,0,0,0,1,192,0,0,0,23,0,0,0,1,0,0,0,0,0,94,0,0,0,81,0,0,0,0,0,0,0,0,0,0,0,0,0,0,0,0,0,0,0,0,0,0,0,0,0,0,0,,,,,,,,,,,,,,,,
134.764,0,0,0,0,0,0,0,0,12,0,0,0,0,66,30,3,0,0,0,0,0,1,192,0,0,0,23,0,0,0,1,0,0,0,0,0,94,0,0,0,81,0,0,0,0,0,0,0,0,0,0,0,0,0,0,0,0,0,0,0,0,0,0,0,0,0,0,0,,,,,,,,,,,,,,,,
134.764,0,0,0,0,0,0,0,0,12,0,0,0,0,66,30,3,0,0,0,0,0,1,192,0,0,0,23,0,0,0,1,0,0,0,0,0,94,0,0,0,81,0,0,0,0,0,0,0,0,0,0,0,0,0,0,0,0,0,0,0,0,0,0,0,0,0,0,0,,,,,,,,,,,,,,,,
135.337,0,0,0,0,0,0,0,0,12,0,0,0,0,66,30,3,0,0,0,0,0,1,193,0,0,0,23,0,0,0,1,0,0,0,0,0,94,0,0,0,81,0,0,0,0,0,0,0,0,0,0,0,0,0,0,0,0,0,0,0,0,0,0,0,0,0,0,0,,,,,,,,,,,,,,,,
135.337,0,0,0,0,0,0,0,0,12,0,0,0,0,66,30,3,0,0,0,0,0,1,193,0,0,0,23,0,0,0,1,0,0,0,0,0,94,0,0,0,81,0,0,0,0,0,0,0,0,0,0,0,0,0,0,0,0,0,0,0,0,0,0,0,0,0,0,0,,,,,,,,,,,,,,,,
135.337,0,0,0,0,0,0,0,0,12,0,0,0,0,66,30,3,0,0,0,0,0,1,193,0,0,0,23,0,0,0,1,0,0,0,0,0,94,0,0,0,81,0,0,0,0,0,0,0,0,0,0,0,0,0,0,0,0,0,0,0,0,0,0,0,0,0,0,0,,,,,,,,,,,,,,,,
135.917,0,0,0,0,0,0,0,0,12,0,0,0,0,66,30,3,0,0,0,0,0,1,193,0,0,0,23,0,0,0,1,0,0,0,0,0,94,0,0,0,81,0,0,0,0,0,0,0,0,0,0,0,0,0,0,0,0,0,0,0,0,0,0,0,0,0,0,0,,,,,,,,,,,,,,,,
135.917,0,0,0,0,0,0,0,0,12,0,0,0,0,66,30,3,0,0,0,0,0,1,193,0,0,0,23,0,0,0,1,0,0,0,0,0,94,0,0,0,81,0,0,0,0,0,0,0,0,0,0,0,0,0,0,0,0,0,0,0,0,0,0,0,0,0,0,0,,,,,,,,,,,,,,,,
135.917,0,0,0,0,0,0,0,0,12,0,0,0,0,66,30,3,0,0,0,0,0,1,193,0,0,0,23,0,0,0,1,0,0,0,0,0,94,0,0,0,81,0,0,0,0,0,0,0,0,0,0,0,0,0,0,0,0,0,0,0,0,0,0,0,0,0,0,0,,,,,,,,,,,,,,,,
136.497,0,0,0,0,0,0,0,0,12,0,0,0,0,66,30,3,0,0,0,0,0,1,193,0,0,0,23,0,0,0,1,0,0,0,0,0,94,0,0,0,81,0,0,0,0,0,0,0,0,0,0,0,0,0,0,0,0,0,0,0,0,0,0,0,0,0,0,0,,,,,,,,,,,,,,,,
136.503,0,0,0,0,0,0,0,0,12,0,0,0,0,66,30,3,0,0,0,0,0,1,193,0,0,0,23,0,0,0,1,0,0,0,0,0,94,0,0,0,81,0,0,0,0,0,0,0,0,0,0,0,0,0,0,0,0,0,0,0,0,0,0,0,0,0,0,0,,,,,,,,,,,,,,,,
136.503,0,0,0,0,0,0,0,0,12,0,0,0,0,66,30,3,0,0,0,0,0,1,193,0,0,0,23,0,0,0,1,0,0,0,0,0,94,0,0,0,81,0,0,0,0,0,0,0,0,0,0,0,0,0,0,0,0,0,0,0,0,0,0,0,0,0,0,0,,,,,,,,,,,,,,,,
136.503,0,0,0,0,0,0,0,0,12,0,0,0,0,66,30,3,0,0,0,0,0,1,193,0,0,0,23,0,0,0,1,0,0,0,0,0,94,0,0,0,81,0,0,0,0,0,0,0,0,0,0,0,0,0,0,0,0,0,0,0,0,0,0,0,0,0,0,0,,,,,,,,,,,,,,,,
137.046,0,0,0,0,0,0,0,0,12,0,0,0,0,66,30,3,0,0,0,0,0,1,192,0,0,0,23,0,0,0,1,0,0,0,0,0,94,0,0,0,81,0,0,0,0,0,0,0,0,0,0,0,0,0,0,0,0,0,0,0,0,0,0,0,0,0,0,0,,,,,,,,,,,,,,,,
137.046,0,0,0,0,0,0,0,0,12,0,0,0,0,66,30,3,0,0,0,0,0,1,192,0,0,0,23,0,0,0,1,0,0,0,0,0,94,0,0,0,81,0,0,0,0,0,0,0,0,0,0,0,0,0,0,0,0,0,0,0,0,0,0,0,0,0,0,0,,,,,,,,,,,,,,,,
137.046,0,0,0,0,0,0,0,0,12,0,0,0,0,66,30,3,0,0,0,0,0,1,192,0,0,0,23,0,0,0,1,0,0,0,0,0,94,0,0,0,81,0,0,0,0,0,0,0,0,0,0,0,0,0,0,0,0,0,0,0,0,0,0,0,0,0,0,0,,,,,,,,,,,,,,,,
137.637,0,0,0,0,0,0,0,0,12,0,0,0,0,66,30,3,0,0,0,0,0,1,192,0,0,0,23,0,0,0,1,0,0,0,0,0,94,0,0,0,81,0,0,0,0,0,0,0,0,0,0,0,0,0,0,0,0,0,0,0,0,0,0,0,0,0,0,0,,,,,,,,,,,,,,,,
137.637,0,0,0,0,0,0,0,0,12,0,0,0,0,66,30,3,0,0,0,0,0,1,192,0,0,0,23,0,0,0,1,0,0,0,0,0,94,0,0,0,81,0,0,0,0,0,0,0,0,0,0,0,0,0,0,0,0,0,0,0,0,0,0,0,0,0,0,0,,,,,,,,,,,,,,,,
137.637,0,0,0,0,0,0,0,0,12,0,0,0,0,66,30,3,0,0,0,0,0,1,192,0,0,0,23,0,0,0,1,0,0,0,0,0,94,0,0,0,81,0,0,0,0,0,0,0,0,0,0,0,0,0,0,0,0,0,0,0,0,0,0,0,0,0,0,0,,,,,,,,,,,,,,,,
138.212,0,0,0,0,0,0,0,0,12,0,0,0,0,66,30,3,0,0,0,0,0,1,192,0,0,0,23,0,0,0,1,0,0,0,0,0,94,0,0,0,81,0,0,0,0,0,0,0,0,0,0,0,0,0,0,0,0,0,0,0,0,0,0,0,0,0,0,0,,,,,,,,,,,,,,,,
138.212,0,0,0,0,0,0,0,0,12,0,0,0,0,66,30,3,0,0,0,0,0,1,192,0,0,0,23,0,0,0,1,0,0,0,0,0,94,0,0,0,81,0,0,0,0,0,0,0,0,0,0,0,0,0,0,0,0,0,0,0,0,0,0,0,0,0,0,0,,,,,,,,,,,,,,,,
138.212,0,0,0,0,0,0,0,0,12,0,0,0,0,66,30,3,0,0,0,0,0,1,192,0,0,0,23,0,0,0,1,0,0,0,0,0,94,0,0,0,81,0,0,0,0,0,0,0,0,0,0,0,0,0,0,0,0,0,0,0,0,0,0,0,0,0,0,0,,,,,,,,,,,,,,,,
138.776,0,0,0,0,0,0,0,0,12,0,0,0,0,66,30,3,0,0,0,0,0,1,194,0,0,0,23,0,0,0,1,0,0,0,0,0,94,0,0,0,81,0,0,0,0,0,0,0,0,0,0,0,0,0,0,0,0,0,0,0,0,0,0,0,0,0,0,0,,,,,,,,,,,,,,,,
138.776,0,0,0,0,0,0,0,0,12,0,0,0,0,66,30,3,0,0,0,0,0,1,194,0,0,0,23,0,0,0,1,0,0,0,0,0,94,0,0,0,81,0,0,0,0,0,0,0,0,0,0,0,0,0,0,0,0,0,0,0,0,0,0,0,0,0,0,0,,,,,,,,,,,,,,,,
138.776,0,0,0,0,0,0,0,0,12,0,0,0,0,66,30,3,0,0,0,0,0,1,194,0,0,0,23,0,0,0,1,0,0,0,0,0,94,0,0,0,81,0,0,0,0,0,0,0,0,0,0,0,0,0,0,0,0,0,0,0,0,0,0,0,0,0,0,0,,,,,,,,,,,,,,,,
139.627,0,0,0,0,0,0,0,0,12,0,0,0,0,66,30,3,0,0,0,0,0,1,194,0,0,0,23,0,0,0,1,0,0,0,0,0,94,0,0,0,81,0,0,0,0,0,0,0,0,0,0,0,0,0,0,0,0,0,0,0,0,0,0,0,0,0,0,0,,,,,,,,,,,,,,,,
139.627,0,0,0,0,0,0,0,0,12,0,0,0,0,66,30,3,0,0,0,0,0,1,194,0,0,0,23,0,0,0,1,0,0,0,0,0,94,0,0,0,81,0,0,0,0,0,0,0,0,0,0,0,0,0,0,0,0,0,0,0,0,0,0,0,0,0,0,0,,,,,,,,,,,,,,,,
139.627,0,0,0,0,0,0,0,0,12,0,0,0,0,66,30,3,0,0,0,0,0,1,194,0,0,0,23,0,0,0,1,0,0,0,0,0,94,0,0,0,81,0,0,0,0,0,0,0,0,0,0,0,0,0,0,0,0,0,0,0,0,0,0,0,0,0,0,0,,,,,,,,,,,,,,,,
140.668,0,0,0,0,0,0,0,0,12,0,0,0,0,66,30,3,0,0,0,0,0,1,192,0,0,0,23,0,0,0,1,0,0,0,0,0,94,0,0,0,81,0,0,0,0,0,0,0,0,0,0,0,0,0,0,0,0,0,0,0,0,0,0,0,0,0,0,0,,,,,,,,,,,,,,,,
140.668,0,0,0,0,0,0,0,0,12,0,0,0,0,66,30,3,0,0,0,0,0,1,192,0,0,0,23,0,0,0,1,0,0,0,0,0,94,0,0,0,81,0,0,0,0,0,0,0,0,0,0,0,0,0,0,0,0,0,0,0,0,0,0,0,0,0,0,0,,,,,,,,,,,,,,,,
140.668,0,0,0,0,0,0,0,0,12,0,0,0,0,66,30,3,0,0,0,0,0,1,192,0,0,0,23,0,0,0,1,0,0,0,0,0,94,0,0,0,81,0,0,0,0,0,0,0,0,0,0,0,0,0,0,0,0,0,0,0,0,0,0,0,0,0,0,0,,,,,,,,,,,,,,,,
141.221,0,0,0,0,0,0,0,0,12,0,0,0,0,66,30,3,0,0,0,0,0,1,192,0,0,0,23,0,0,0,1,0,0,0,0,0,94,0,0,0,81,0,0,0,0,0,0,0,0,0,0,0,0,0,0,0,0,0,0,0,0,0,0,0,0,0,0,0,,,,,,,,,,,,,,,,
141.221,0,0,0,0,0,0,0,0,12,0,0,0,0,66,30,3,0,0,0,0,0,1,192,0,0,0,23,0,0,0,1,0,0,0,0,0,94,0,0,0,81,0,0,0,0,0,0,0,0,0,0,0,0,0,0,0,0,0,0,0,0,0,0,0,0,0,0,0,,,,,,,,,,,,,,,,
141.221,0,0,0,0,0,0,0,0,12,0,0,0,0,66,30,3,0,0,0,0,0,1,192,0,0,0,23,0,0,0,1,0,0,0,0,0,94,0,0,0,81,0,0,0,0,0,0,0,0,0,0,0,0,0,0,0,0,0,0,0,0,0,0,0,0,0,0,0,,,,,,,,,,,,,,,,
141.221,0,0,0,0,0,0,0,0,12,0,0,0,0,66,30,3,0,0,0,0,0,1,192,0,0,0,23,0,0,0,1,0,0,0,0,0,94,0,0,0,81,0,0,0,0,0,0,0,0,0,0,0,0,0,0,0,0,0,0,0,0,0,0,0,0,0,0,0,,,,,,,,,,,,,,,,
141.773,0,0,0,0,0,0,0,0,12,0,0,0,0,66,30,3,0,0,0,0,0,1,192,0,0,0,23,0,0,0,1,0,0,0,0,0,94,0,0,0,81,0,0,0,0,0,0,0,0,0,0,0,0,0,0,0,0,0,0,0,0,0,0,0,0,0,0,0,,,,,,,,,,,,,,,,
141.773,0,0,0,0,0,0,0,0,12,0,0,0,0,66,30,3,0,0,0,0,0,1,192,0,0,0,23,0,0,0,1,0,0,0,0,0,94,0,0,0,81,0,0,0,0,0,0,0,0,0,0,0,0,0,0,0,0,0,0,0,0,0,0,0,0,0,0,0,,,,,,,,,,,,,,,,
141.773,0,0,0,0,0,0,0,0,12,0,0,0,0,66,30,3,0,0,0,0,0,1,192,0,0,0,23,0,0,0,1,0,0,0,0,0,94,0,0,0,81,0,0,0,0,0,0,0,0,0,0,0,0,0,0,0,0,0,0,0,0,0,0,0,0,0,0,0,,,,,,,,,,,,,,,,
142.348,0,0,0,0,0,0,0,0,12,0,0,0,0,66,30,3,0,0,0,0,0,1,192,0,0,0,23,0,0,0,1,0,0,0,0,0,94,0,0,0,81,0,0,0,0,0,0,0,0,0,0,0,0,0,0,0,0,0,0,0,0,0,0,0,0,0,0,0,,,,,,,,,,,,,,,,
142.348,0,0,0,0,0,0,0,0,12,0,0,0,0,66,30,3,0,0,0,0,0,1,192,0,0,0,23,0,0,0,1,0,0,0,0,0,94,0,0,0,81,0,0,0,0,0,0,0,0,0,0,0,0,0,0,0,0,0,0,0,0,0,0,0,0,0,0,0,,,,,,,,,,,,,,,,
142.348,0,0,0,0,0,0,0,0,12,0,0,0,0,66,30,3,0,0,0,0,0,1,192,0,0,0,23,0,0,0,1,0,0,0,0,0,94,0,0,0,81,0,0,0,0,0,0,0,0,0,0,0,0,0,0,0,0,0,0,0,0,0,0,0,0,0,0,0,,,,,,,,,,,,,,,,
142.348,0,0,0,0,0,0,0,0,12,0,0,0,0,66,30,3,0,0,0,0,0,1,192,0,0,0,23,0,0,0,1,0,0,0,0,0,94,0,0,0,81,0,0,0,0,0,0,0,0,0,0,0,0,0,0,0,0,0,0,0,0,0,0,0,0,0,0,0,,,,,,,,,,,,,,,,
142.929,0,0,0,0,0,0,0,0,12,0,0,0,0,66,30,3,0,0,0,0,0,1,192,0,0,0,23,0,0,0,1,0,0,0,0,0,94,0,0,0,81,0,0,0,0,0,0,0,0,0,0,0,0,0,0,0,0,0,0,0,0,0,0,0,0,0,0,0,,,,,,,,,,,,,,,,
142.929,0,0,0,0,0,0,0,0,12,0,0,0,0,66,30,3,0,0,0,0,0,1,192,0,0,0,23,0,0,0,1,0,0,0,0,0,94,0,0,0,81,0,0,0,0,0,0,0,0,0,0,0,0,0,0,0,0,0,0,0,0,0,0,0,0,0,0,0,,,,,,,,,,,,,,,,
142.929,0,0,0,0,0,0,0,0,12,0,0,0,0,66,30,3,0,0,0,0,0,1,192,0,0,0,23,0,0,0,1,0,0,0,0,0,94,0,0,0,81,0,0,0,0,0,0,0,0,0,0,0,0,0,0,0,0,0,0,0,0,0,0,0,0,0,0,0,,,,,,,,,,,,,,,,
143.487,0,0,0,0,0,0,0,0,12,0,0,0,0,66,30,3,0,0,0,0,0,1,192,0,0,0,23,0,0,0,1,0,0,0,0,0,94,0,0,0,81,0,0,0,0,0,0,0,0,0,0,0,0,0,0,0,0,0,0,0,0,0,0,0,0,0,0,0,,,,,,,,,,,,,,,,
143.487,0,0,0,0,0,0,0,0,12,0,0,0,0,66,30,3,0,0,0,0,0,1,192,0,0,0,23,0,0,0,1,0,0,0,0,0,94,0,0,0,81,0,0,0,0,0,0,0,0,0,0,0,0,0,0,0,0,0,0,0,0,0,0,0,0,0,0,0,,,,,,,,,,,,,,,,
143.487,0,0,0,0,0,0,0,0,12,0,0,0,0,66,30,3,0,0,0,0,0,1,192,0,0,0,23,0,0,0,1,0,0,0,0,0,94,0,0,0,81,0,0,0,0,0,0,0,0,0,0,0,0,0,0,0,0,0,0,0,0,0,0,0,0,0,0,0,,,,,,,,,,,,,,,,
144.052,0,0,0,0,0,0,0,0,12,0,0,0,0,66,30,3,0,0,0,0,0,1,192,0,0,0,23,0,0,0,1,0,0,0,0,0,94,0,0,0,81,0,0,0,0,0,0,0,0,0,0,0,0,0,0,0,0,0,0,0,0,0,0,0,0,0,0,0,,,,,,,,,,,,,,,,
144.052,0,0,0,0,0,0,0,0,12,0,0,0,0,67,30,3,0,0,0,0,0,1,192,0,0,0,23,0,0,0,1,0,0,0,0,0,94,0,0,0,81,0,0,0,0,0,0,0,0,0,0,0,0,0,0,0,0,0,0,0,0,0,0,0,0,0,0,0,,,,,,,,,,,,,,,,
144.052,0,0,0,0,0,0,0,0,12,0,0,0,0,67,30,3,0,0,0,0,0,1,192,0,0,0,23,0,0,0,1,0,0,0,0,0,94,0,0,0,81,0,0,0,0,0,0,0,0,0,0,0,0,0,0,0,0,0,0,0,0,0,0,0,0,0,0,0,,,,,,,,,,,,,,,,
144.627,0,0,0,0,0,0,0,0,12,0,0,0,0,67,30,3,0,0,0,0,0,1,191,0,0,0,23,0,0,0,1,0,0,0,0,0,94,0,0,0,81,0,0,0,0,0,0,0,0,0,0,0,0,0,0,0,0,0,0,0,0,0,0,0,0,0,0,0,,,,,,,,,,,,,,,,
144.627,0,0,0,0,0,0,0,0,12,0,0,0,0,67,30,3,0,0,0,0,0,1,191,0,0,0,23,0,0,0,1,0,0,0,0,0,94,0,0,0,81,0,0,0,0,0,0,0,0,0,0,0,0,0,0,0,0,0,0,0,0,0,0,0,0,0,0,0,,,,,,,,,,,,,,,,
144.627,0,0,0,0,0,0,0,0,12,0,0,0,0,67,30,3,0,0,0,0,0,1,191,0,0,0,23,0,0,0,1,0,0,0,0,0,94,0,0,0,81,0,0,0,0,0,0,0,0,0,0,0,0,0,0,0,0,0,0,0,0,0,0,0,0,0,0,0,,,,,,,,,,,,,,,,
145.629,0,0,0,0,0,0,0,0,12,0,0,0,0,67,30,3,0,0,0,0,0,1,191,0,0,0,23,0,0,0,1,0,0,0,0,0,94,0,0,0,81,0,0,0,0,0,0,0,0,0,0,0,0,0,0,0,0,0,0,0,0,0,0,0,0,0,0,0,,,,,,,,,,,,,,,,
145.629,0,0,0,0,0,0,0,0,12,0,0,0,0,67,30,3,0,0,0,0,0,1,191,0,0,0,23,0,0,0,1,0,0,0,0,0,94,0,0,0,81,0,0,0,0,0,0,0,0,0,0,0,0,0,0,0,0,0,0,0,0,0,0,0,0,0,0,0,,,,,,,,,,,,,,,,
145.629,0,0,0,0,0,0,0,0,12,0,0,0,0,67,30,3,0,0,0,0,0,1,191,0,0,0,23,0,0,0,1,0,0,0,0,0,94,0,0,0,81,0,0,0,0,0,0,0,0,0,0,0,0,0,0,0,0,0,0,0,0,0,0,0,0,0,0,0,,,,,,,,,,,,,,,,
146.212,0,0,0,0,0,0,0,0,12,0,0,0,0,67,30,3,0,0,0,0,0,1,191,0,0,0,23,0,0,0,1,0,0,0,0,0,94,0,0,0,81,0,0,0,0,0,0,0,0,0,0,0,0,0,0,0,0,0,0,0,0,0,0,0,0,0,0,0,,,,,,,,,,,,,,,,
146.212,0,0,0,0,0,0,0,0,12,0,0,0,0,67,30,3,0,0,0,0,0,1,191,0,0,0,23,0,0,0,1,0,0,0,0,0,94,0,0,0,81,0,0,0,0,0,0,0,0,0,0,0,0,0,0,0,0,0,0,0,0,0,0,0,0,0,0,0,,,,,,,,,,,,,,,,
146.212,0,0,0,0,0,0,0,0,12,0,0,0,0,67,30,3,0,0,0,0,0,1,191,0,0,0,23,0,0,0,1,0,0,0,0,0,94,0,0,0,81,0,0,0,0,0,0,0,0,0,0,0,0,0,0,0,0,0,0,0,0,0,0,0,0,0,0,0,,,,,,,,,,,,,,,,
146.212,0,0,0,0,0,0,0,0,12,0,0,0,0,67,30,3,0,0,0,0,0,1,191,0,0,0,23,0,0,0,1,0,0,0,0,0,94,0,0,0,81,0,0,0,0,0,0,0,0,0,0,0,0,0,0,0,0,0,0,0,0,0,0,0,0,0,0,0,,,,,,,,,,,,,,,,
146.810,0,0,0,0,0,0,0,0,12,0,0,0,0,67,30,3,0,0,0,0,0,1,191,0,0,0,23,0,0,0,1,0,0,0,0,0,94,0,0,0,81,0,0,0,0,0,0,0,0,0,0,0,0,0,0,0,0,0,0,0,0,0,0,0,0,0,0,0,,,,,,,,,,,,,,,,
146.810,0,0,0,0,0,0,0,0,12,0,0,0,0,67,30,3,0,0,0,0,0,1,191,0,0,0,23,0,0,0,1,0,0,0,0,0,94,0,0,0,81,0,0,0,0,0,0,0,0,0,0,0,0,0,0,0,0,0,0,0,0,0,0,0,0,0,0,0,,,,,,,,,,,,,,,,
146.810,0,0,0,0,0,0,0,0,12,0,0,0,0,67,30,3,0,0,0,0,0,1,191,0,0,0,23,0,0,0,1,0,0,0,0,0,94,0,0,0,81,0,0,0,0,0,0,0,0,0,0,0,0,0,0,0,0,0,0,0,0,0,0,0,0,0,0,0,,,,,,,,,,,,,,,,
147.334,0,0,0,0,0,0,0,0,12,0,0,0,0,67,30,3,0,0,0,0,0,1,191,0,0,0,23,0,0,0,1,0,0,0,0,0,94,0,0,0,81,0,0,0,0,0,0,0,0,0,0,0,0,0,0,0,0,0,0,0,0,0,0,0,0,0,0,0,,,,,,,,,,,,,,,,
147.334,0,0,0,0,0,0,0,0,12,0,0,0,0,67,30,3,0,0,0,0,0,1,191,0,0,0,23,0,0,0,1,0,0,0,0,0,94,0,0,0,81,0,0,0,0,0,0,0,0,0,0,0,0,0,0,0,0,0,0,0,0,0,0,0,0,0,0,0,,,,,,,,,,,,,,,,
147.334,0,0,0,0,0,0,0,0,12,0,0,0,0,67,30,3,0,0,0,0,0,1,191,0,0,0,23,0,0,0,1,0,0,0,0,0,94,0,0,0,81,0,0,0,0,0,0,0,0,0,0,0,0,0,0,0,0,0,0,0,0,0,0,0,0,0,0,0,,,,,,,,,,,,,,,,
147.920,0,0,0,0,0,0,0,0,12,0,0,0,0,67,30,3,0,0,0,0,0,1,191,0,0,0,23,0,0,0,1,0,0,0,0,0,94,0,0,0,81,0,0,0,0,0,0,0,0,0,0,0,0,0,0,0,0,0,0,0,0,0,0,0,0,0,0,0,,,,,,,,,,,,,,,,
147.920,0,0,0,0,0,0,0,0,12,0,0,0,0,67,30,3,0,0,0,0,0,1,191,0,0,0,23,0,0,0,1,0,0,0,0,0,94,0,0,0,81,0,0,0,0,0,0,0,0,0,0,0,0,0,0,0,0,0,0,0,0,0,0,0,0,0,0,0,,,,,,,,,,,,,,,,
147.920,0,0,0,0,0,0,0,0,12,0,0,0,0,67,30,3,0,0,0,0,0,1,191,0,0,0,23,0,0,0,1,0,0,0,0,0,94,0,0,0,81,0,0,0,0,0,0,0,0,0,0,0,0,0,0,0,0,0,0,0,0,0,0,0,0,0,0,0,,,,,,,,,,,,,,,,
148.629,0,0,0,0,0,0,0,0,12,0,0,0,0,67,30,3,0,0,0,0,0,1,191,0,0,0,23,0,0,0,1,0,0,0,0,0,94,0,0,0,81,0,0,0,0,0,0,0,0,0,0,0,0,0,0,0,0,0,0,0,0,0,0,0,0,0,0,0,,,,,,,,,,,,,,,,
148.629,0,0,0,0,0,0,0,0,12,0,0,0,0,67,30,3,0,0,0,0,0,1,191,0,0,0,23,0,0,0,1,0,0,0,0,0,94,0,0,0,81,0,0,0,0,0,0,0,0,0,0,0,0,0,0,0,0,0,0,0,0,0,0,0,0,0,0,0,,,,,,,,,,,,,,,,
148.629,0,0,0,0,0,0,0,0,12,0,0,0,0,67,30,3,0,0,0,0,0,1,191,0,0,0,23,0,0,0,1,0,0,0,0,0,94,0,0,0,81,0,0,0,0,0,0,0,0,0,0,0,0,0,0,0,0,0,0,0,0,0,0,0,0,0,0,0,,,,,,,,,,,,,,,,
149.631,0,0,0,0,0,0,0,0,12,0,0,0,0,67,30,3,0,0,0,0,0,1,191,0,0,0,23,0,0,0,1,0,0,0,0,0,94,0,0,0,81,0,0,0,0,0,0,0,0,0,0,0,0,0,0,0,0,0,0,0,0,0,0,0,0,0,0,0,,,,,,,,,,,,,,,,
149.631,0,0,0,0,0,0,0,0,12,0,0,0,0,67,30,3,0,0,0,0,0,1,191,0,0,0,23,0,0,0,1,0,0,0,0,0,94,0,0,0,81,0,0,0,0,0,0,0,0,0,0,0,0,0,0,0,0,0,0,0,0,0,0,0,0,0,0,0,,,,,,,,,,,,,,,,
149.631,0,0,0,0,0,0,0,0,12,0,0,0,0,67,30,3,0,0,0,0,0,1,191,0,0,0,23,0,0,0,1,0,0,0,0,0,94,0,0,0,81,0,0,0,0,0,0,0,0,0,0,0,0,0,0,0,0,0,0,0,0,0,0,0,0,0,0,0,,,,,,,,,,,,,,,,
150.196,0,0,0,0,0,0,0,0,12,0,0,0,0,67,30,3,0,0,0,0,0,1,191,0,0,0,23,0,0,0,1,0,0,0,0,0,94,0,0,0,81,0,0,0,0,0,0,0,0,0,0,0,0,0,0,0,0,0,0,0,0,0,0,0,0,0,0,0,,,,,,,,,,,,,,,,
150.196,0,0,0,0,0,0,0,0,12,0,0,0,0,67,30,3,0,0,0,0,0,1,191,0,0,0,23,0,0,0,1,0,0,0,0,0,94,0,0,0,81,0,0,0,0,0,0,0,0,0,0,0,0,0,0,0,0,0,0,0,0,0,0,0,0,0,0,0,,,,,,,,,,,,,,,,
150.196,0,0,0,0,0,0,0,0,12,0,0,0,0,67,30,3,0,0,0,0,0,1,191,0,0,0,23,0,0,0,1,0,0,0,0,0,94,0,0,0,81,0,0,0,0,0,0,0,0,0,0,0,0,0,0,0,0,0,0,0,0,0,0,0,0,0,0,0,,,,,,,,,,,,,,,,
150.196,0,0,0,0,0,0,0,0,12,0,0,0,0,67,30,3,0,0,0,0,0,1,191,0,0,0,23,0,0,0,1,0,0,0,0,0,94,0,0,0,81,0,0,0,0,0,0,0,0,0,0,0,0,0,0,0,0,0,0,0,0,0,0,0,0,0,0,0,,,,,,,,,,,,,,,,
150.766,0,0,0,0,0,0,0,0,12,0,0,0,0,67,30,3,0,0,0,0,0,1,190,0,0,0,23,0,0,0,1,0,0,0,0,0,94,0,0,0,81,0,0,0,0,0,0,0,0,0,0,0,0,0,0,0,0,0,0,0,0,0,0,0,0,0,0,0,,,,,,,,,,,,,,,,
150.766,0,0,0,0,0,0,0,0,12,0,0,0,0,67,30,3,0,0,0,0,0,1,190,0,0,0,23,0,0,0,1,0,0,0,0,0,94,0,0,0,81,0,0,0,0,0,0,0,0,0,0,0,0,0,0,0,0,0,0,0,0,0,0,0,0,0,0,0,,,,,,,,,,,,,,,,
150.766,0,0,0,0,0,0,0,0,12,0,0,0,0,67,30,3,0,0,0,0,0,1,190,0,0,0,23,0,0,0,1,0,0,0,0,0,94,0,0,0,81,0,0,0,0,0,0,0,0,0,0,0,0,0,0,0,0,0,0,0,0,0,0,0,0,0,0,0,,,,,,,,,,,,,,,,
151.351,0,0,0,0,0,0,0,0,12,0,0,0,0,67,30,3,0,0,0,0,0,1,190,0,0,0,23,0,0,0,1,0,0,0,0,0,94,0,0,0,81,0,0,0,0,0,0,0,0,0,0,0,0,0,0,0,0,0,0,0,0,0,0,0,0,0,0,0,,,,,,,,,,,,,,,,
151.351,0,0,0,0,0,0,0,0,12,0,0,0,0,67,30,3,0,0,0,0,0,1,190,0,0,0,23,0,0,0,1,0,0,0,0,0,94,0,0,0,81,0,0,0,0,0,0,0,0,0,0,0,0,0,0,0,0,0,0,0,0,0,0,0,0,0,0,0,,,,,,,,,,,,,,,,
151.351,0,0,0,0,0,0,0,0,12,0,0,0,0,67,30,3,0,0,0,0,0,1,190,0,0,0,23,0,0,0,1,0,0,0,0,0,94,0,0,0,81,0,0,0,0,0,0,0,0,0,0,0,0,0,0,0,0,0,0,0,0,0,0,0,0,0,0,0,,,,,,,,,,,,,,,,
151.927,0,0,0,0,0,0,0,0,12,0,0,0,0,67,30,3,0,0,0,0,0,1,190,0,0,0,23,0,0,0,1,0,0,0,0,0,94,0,0,0,81,0,0,0,0,0,0,0,0,0,0,0,0,0,0,0,0,0,0,0,0,0,0,0,0,0,0,0,,,,,,,,,,,,,,,,
151.927,0,0,0,0,0,0,0,0,12,0,0,0,0,67,30,3,0,0,0,0,0,1,190,0,0,0,23,0,0,0,1,0,0,0,0,0,94,0,0,0,81,0,0,0,0,0,0,0,0,0,0,0,0,0,0,0,0,0,0,0,0,0,0,0,0,0,0,0,,,,,,,,,,,,,,,,
151.927,0,0,0,0,0,0,0,0,12,0,0,0,0,67,30,3,0,0,0,0,0,1,190,0,0,0,23,0,0,0,1,0,0,0,0,0,94,0,0,0,81,0,0,0,0,0,0,0,0,0,0,0,0,0,0,0,0,0,0,0,0,0,0,0,0,0,0,0,,,,,,,,,,,,,,,,
151.927,0,0,0,0,0,0,0,0,12,0,0,0,0,67,30,3,0,0,0,0,0,1,190,0,0,0,23,0,0,0,1,0,0,0,0,0,94,0,0,0,81,0,0,0,0,0,0,0,0,0,0,0,0,0,0,0,0,0,0,0,0,0,0,0,0,0,0,0,,,,,,,,,,,,,,,,
152.514,0,0,0,0,0,0,0,0,12,0,0,0,0,67,30,3,0,0,0,0,0,1,190,0,0,0,23,0,0,0,1,0,0,0,0,0,94,0,0,0,81,0,0,0,0,0,0,0,0,0,0,0,0,0,0,0,0,0,0,0,0,0,0,0,0,0,0,0,,,,,,,,,,,,,,,,
152.514,0,0,0,0,0,0,0,0,12,0,0,0,0,68,30,3,0,0,0,0,0,1,190,0,0,0,23,0,0,0,1,0,0,0,0,0,94,0,0,0,81,0,0,0,0,0,0,0,0,0,0,0,0,0,0,0,0,0,0,0,0,0,0,0,0,0,0,0,,,,,,,,,,,,,,,,
152.514,0,0,0,0,0,0,0,0,12,0,0,0,0,68,30,3,0,0,0,0,0,1,190,0,0,0,23,0,0,0,1,0,0,0,0,0,94,0,0,0,81,0,0,0,0,0,0,0,0,0,0,0,0,0,0,0,0,0,0,0,0,0,0,0,0,0,0,0,,,,,,,,,,,,,,,,
153.062,0,0,0,0,0,0,0,0,12,0,0,0,0,68,30,3,0,0,0,0,0,1,189,0,0,0,23,0,0,0,1,0,0,0,0,0,94,0,0,0,81,0,0,0,0,0,0,0,0,0,0,0,0,0,0,0,0,0,0,0,0,0,0,0,0,0,0,0,,,,,,,,,,,,,,,,
153.062,0,0,0,0,0,0,0,0,12,0,0,0,0,68,30,3,0,0,0,0,0,1,189,0,0,0,23,0,0,0,1,0,0,0,0,0,94,0,0,0,81,0,0,0,0,0,0,0,0,0,0,0,0,0,0,0,0,0,0,0,0,0,0,0,0,0,0,0,,,,,,,,,,,,,,,,
153.062,0,0,0,0,0,0,0,0,12,0,0,0,0,68,30,3,0,0,0,0,0,1,189,0,0,0,23,0,0,0,1,0,0,0,0,0,94,0,0,0,81,0,0,0,0,0,0,0,0,0,0,0,0,0,0,0,0,0,0,0,0,0,0,0,0,0,0,0,,,,,,,,,,,,,,,,
153.653,0,0,0,0,0,0,0,0,12,0,0,0,0,68,30,3,0,0,0,0,0,1,189,0,0,0,23,0,0,0,1,0,0,0,0,0,94,0,0,0,81,0,0,0,0,0,0,0,0,0,0,0,0,0,0,0,0,0,0,0,0,0,0,0,0,0,0,0,,,,,,,,,,,,,,,,
153.653,0,0,0,0,0,0,0,0,12,0,0,0,0,68,30,3,0,0,0,0,0,1,189,0,0,0,23,0,0,0,1,0,0,0,0,0,94,0,0,0,81,0,0,0,0,0,0,0,0,0,0,0,0,0,0,0,0,0,0,0,0,0,0,0,0,0,0,0,,,,,,,,,,,,,,,,
153.653,0,0,0,0,0,0,0,0,12,0,0,0,0,68,30,3,0,0,0,0,0,1,189,0,0,0,23,0,0,0,1,0,0,0,0,0,94,0,0,0,81,0,0,0,0,0,0,0,0,0,0,0,0,0,0,0,0,0,0,0,0,0,0,0,0,0,0,0,,,,,,,,,,,,,,,,
154.644,0,0,0,0,0,0,0,0,12,0,0,0,0,68,30,3,0,0,0,0,0,1,188,0,0,0,23,0,0,0,1,0,0,0,0,0,94,0,0,0,81,0,0,0,0,0,0,0,0,0,0,0,0,0,0,0,0,0,0,0,0,0,0,0,0,0,0,0,,,,,,,,,,,,,,,,
154.644,0,0,0,0,0,0,0,0,12,0,0,0,0,68,30,3,0,0,0,0,0,1,188,0,0,0,23,0,0,0,1,0,0,0,0,0,94,0,0,0,81,0,0,0,0,0,0,0,0,0,0,0,0,0,0,0,0,0,0,0,0,0,0,0,0,0,0,0,,,,,,,,,,,,,,,,
154.644,0,0,0,0,0,0,0,0,12,0,0,0,0,68,30,3,0,0,0,0,0,1,188,0,0,0,23,0,0,0,1,0,0,0,0,0,94,0,0,0,81,0,0,0,0,0,0,0,0,0,0,0,0,0,0,0,0,0,0,0,0,0,0,0,0,0,0,0,,,,,,,,,,,,,,,,
155.203,0,0,0,0,0,0,0,0,12,0,0,0,0,68,30,3,0,0,0,0,0,1,188,0,0,0,23,0,0,0,1,0,0,0,0,0,94,0,0,0,81,0,0,0,0,0,0,0,0,0,0,0,0,0,0,0,0,0,0,0,0,0,0,0,0,0,0,0,,,,,,,,,,,,,,,,
155.203,0,0,0,0,0,0,0,0,12,0,0,0,0,68,30,3,0,0,0,0,0,1,188,0,0,0,23,0,0,0,1,0,0,0,0,0,94,0,0,0,81,0,0,0,0,0,0,0,0,0,0,0,0,0,0,0,0,0,0,0,0,0,0,0,0,0,0,0,,,,,,,,,,,,,,,,
155.203,0,0,0,0,0,0,0,0,12,0,0,0,0,68,30,3,0,0,0,0,0,1,188,0,0,0,23,0,0,0,1,0,0,0,0,0,94,0,0,0,81,0,0,0,0,0,0,0,0,0,0,0,0,0,0,0,0,0,0,0,0,0,0,0,0,0,0,0,,,,,,,,,,,,,,,,
155.781,0,0,0,0,0,0,0,0,12,0,0,0,0,68,30,3,0,0,0,0,0,1,188,0,0,0,23,0,0,0,1,0,0,0,0,0,94,0,0,0,81,0,0,0,0,0,0,0,0,0,0,0,0,0,0,0,0,0,0,0,0,0,0,0,0,0,0,0,,,,,,,,,,,,,,,,
155.781,0,0,0,0,0,0,0,0,12,0,0,0,0,68,30,3,0,0,0,0,0,1,188,0,0,0,23,0,0,0,1,0,0,0,0,0,94,0,0,0,81,0,0,0,0,0,0,0,0,0,0,0,0,0,0,0,0,0,0,0,0,0,0,0,0,0,0,0,,,,,,,,,,,,,,,,
155.781,0,0,0,0,0,0,0,0,12,0,0,0,0,68,30,3,0,0,0,0,0,1,188,0,0,0,23,0,0,0,1,0,0,0,0,0,94,0,0,0,81,0,0,0,0,0,0,0,0,0,0,0,0,0,0,0,0,0,0,0,0,0,0,0,0,0,0,0,,,,,,,,,,,,,,,,
156.353,0,0,0,0,0,0,0,0,12,0,0,0,0,68,30,3,0,0,0,0,0,1,188,0,0,0,23,0,0,0,1,0,0,0,0,0,94,0,0,0,81,0,0,0,0,0,0,0,0,0,0,0,0,0,0,0,0,0,0,0,0,0,0,0,0,0,0,0,,,,,,,,,,,,,,,,
156.353,0,0,0,0,0,0,0,0,12,0,0,0,0,68,30,3,0,0,0,0,0,1,188,0,0,0,23,0,0,0,1,0,0,0,0,0,94,0,0,0,81,0,0,0,0,0,0,0,0,0,0,0,0,0,0,0,0,0,0,0,0,0,0,0,0,0,0,0,,,,,,,,,,,,,,,,
156.353,0,0,0,0,0,0,0,0,12,0,0,0,0,68,30,3,0,0,0,0,0,1,188,0,0,0,23,0,0,0,1,0,0,0,0,0,94,0,0,0,81,0,0,0,0,0,0,0,0,0,0,0,0,0,0,0,0,0,0,0,0,0,0,0,0,0,0,0,,,,,,,,,,,,,,,,
156.353,0,0,0,0,0,0,0,0,12,0,0,0,0,68,30,3,0,0,0,0,0,1,188,0,0,0,23,0,0,0,1,0,0,0,0,0,94,0,0,0,81,0,0,0,0,0,0,0,0,0,0,0,0,0,0,0,0,0,0,0,0,0,0,0,0,0,0,0,,,,,,,,,,,,,,,,
156.931,0,0,0,0,0,0,0,0,12,0,0,0,0,68,30,3,0,0,0,0,0,1,186,0,0,0,23,0,0,0,1,0,0,0,0,0,94,0,0,0,81,0,0,0,0,0,0,0,0,0,0,0,0,0,0,0,0,0,0,0,0,0,0,0,0,0,0,0,,,,,,,,,,,,,,,,
156.931,0,0,0,0,0,0,0,0,12,0,0,0,0,68,30,3,0,0,0,0,0,1,186,0,0,0,23,0,0,0,1,0,0,0,0,0,94,0,0,0,81,0,0,0,0,0,0,0,0,0,0,0,0,0,0,0,0,0,0,0,0,0,0,0,0,0,0,0,,,,,,,,,,,,,,,,
156.931,0,0,0,0,0,0,0,0,12,0,0,0,0,68,30,3,0,0,0,0,0,1,186,0,0,0,23,0,0,0,1,0,0,0,0,0,94,0,0,0,81,0,0,0,0,0,0,0,0,0,0,0,0,0,0,0,0,0,0,0,0,0,0,0,0,0,0,0,,,,,,,,,,,,,,,,
157.624,0,0,0,0,0,0,0,0,12,0,0,0,0,68,30,3,0,0,0,0,0,1,186,0,0,0,23,0,0,0,1,0,0,0,0,0,94,0,0,0,81,0,0,0,0,0,0,0,0,0,0,0,0,0,0,0,0,0,0,0,0,0,0,0,0,0,0,0,,,,,,,,,,,,,,,,
157.624,0,0,0,0,0,0,0,0,12,0,0,0,0,68,30,3,0,0,0,0,0,1,186,0,0,0,23,0,0,0,1,0,0,0,0,0,94,0,0,0,81,0,0,0,0,0,0,0,0,0,0,0,0,0,0,0,0,0,0,0,0,0,0,0,0,0,0,0,,,,,,,,,,,,,,,,
157.624,0,0,0,0,0,0,0,0,12,0,0,0,0,68,30,3,0,0,0,0,0,1,186,0,0,0,23,0,0,0,1,0,0,0,0,0,94,0,0,0,81,0,0,0,0,0,0,0,0,0,0,0,0,0,0,0,0,0,0,0,0,0,0,0,0,0,0,0,,,,,,,,,,,,,,,,
158.629,0,0,0,0,0,0,0,0,12,0,0,0,0,68,30,3,0,0,0,0,0,1,184,0,0,0,23,0,0,0,1,0,0,0,0,0,94,0,0,0,81,0,0,0,0,0,0,0,0,0,0,0,0,0,0,0,0,0,0,0,0,0,0,0,0,0,0,0,,,,,,,,,,,,,,,,
158.629,0,0,0,0,0,0,0,0,12,0,0,0,0,68,30,3,0,0,0,0,0,1,184,0,0,0,23,0,0,0,1,0,0,0,0,0,94,0,0,0,81,0,0,0,0,0,0,0,0,0,0,0,0,0,0,0,0,0,0,0,0,0,0,0,0,0,0,0,,,,,,,,,,,,,,,,
158.629,0,0,0,0,0,0,0,0,12,0,0,0,0,68,30,3,0,0,0,0,0,1,184,0,0,0,23,0,0,0,1,0,0,0,0,0,94,0,0,0,81,0,0,0,0,0,0,0,0,0,0,0,0,0,0,0,0,0,0,0,0,0,0,0,0,0,0,0,,,,,,,,,,,,,,,,
159.205,0,0,0,0,0,0,0,0,12,0,0,0,0,68,30,3,0,0,0,0,0,1,184,0,0,0,23,0,0,0,1,0,0,0,0,0,94,0,0,0,81,0,0,0,0,0,0,0,0,0,0,0,0,0,0,0,0,0,0,0,0,0,0,0,0,0,0,0,,,,,,,,,,,,,,,,
159.205,0,0,0,0,0,0,0,0,12,0,0,0,0,68,30,3,0,0,0,0,0,1,184,0,0,0,23,0,0,0,1,0,0,0,0,0,94,0,0,0,81,0,0,0,0,0,0,0,0,0,0,0,0,0,0,0,0,0,0,0,0,0,0,0,0,0,0,0,,,,,,,,,,,,,,,,
159.205,0,0,0,0,0,0,0,0,12,0,0,0,0,68,30,3,0,0,0,0,0,1,184,0,0,0,23,0,0,0,1,0,0,0,0,0,94,0,0,0,81,0,0,0,0,0,0,0,0,0,0,0,0,0,0,0,0,0,0,0,0,0,0,0,0,0,0,0,,,,,,,,,,,,,,,,
159.789,0,0,0,0,0,0,0,0,12,0,0,0,0,68,30,3,0,0,0,0,0,1,184,0,0,0,23,0,0,0,1,0,0,0,0,0,94,0,0,0,81,0,0,0,0,0,0,0,0,0,0,0,0,0,0,0,0,0,0,0,0,0,0,0,0,0,0,0,,,,,,,,,,,,,,,,
159.789,0,0,0,0,0,0,0,0,12,0,0,0,0,68,30,3,0,0,0,0,0,1,184,0,0,0,23,0,0,0,1,0,0,0,0,0,94,0,0,0,81,0,0,0,0,0,0,0,0,0,0,0,0,0,0,0,0,0,0,0,0,0,0,0,0,0,0,0,,,,,,,,,,,,,,,,
159.789,0,0,0,0,0,0,0,0,12,0,0,0,0,68,30,3,0,0,0,0,0,1,184,0,0,0,23,0,0,0,1,0,0,0,0,0,94,0,0,0,81,0,0,0,0,0,0,0,0,0,0,0,0,0,0,0,0,0,0,0,0,0,0,0,0,0,0,0,,,,,,,,,,,,,,,,
159.789,0,0,0,0,0,0,0,0,12,0,0,0,0,68,30,3,0,0,0,0,0,1,184,0,0,0,23,0,0,0,1,0,0,0,0,0,94,0,0,0,81,0,0,0,0,0,0,0,0,0,0,0,0,0,0,0,0,0,0,0,0,0,0,0,0,0,0,0,,,,,,,,,,,,,,,,
160.370,0,0,0,0,0,0,0,0,12,0,0,0,0,68,30,3,0,0,0,0,0,1,184,0,0,0,23,0,0,0,1,0,0,0,0,0,94,0,0,0,81,0,0,0,0,0,0,0,0,0,0,0,0,0,0,0,0,0,0,0,0,0,0,0,0,0,0,0,,,,,,,,,,,,,,,,
160.370,0,0,0,0,0,0,0,0,12,0,0,0,0,68,30,3,0,0,0,0,0,1,184,0,0,0,23,0,0,0,1,0,0,0,0,0,94,0,0,0,81,0,0,0,0,0,0,0,0,0,0,0,0,0,0,0,0,0,0,0,0,0,0,0,0,0,0,0,,,,,,,,,,,,,,,,
160.370,0,0,0,0,0,0,0,0,12,0,0,0,0,68,30,3,0,0,0,0,0,1,184,0,0,0,23,0,0,0,1,0,0,0,0,0,94,0,0,0,81,0,0,0,0,0,0,0,0,0,0,0,0,0,0,0,0,0,0,0,0,0,0,0,0,0,0,0,,,,,,,,,,,,,,,,
160.910,0,0,0,0,0,0,0,0,12,0,0,0,0,68,30,3,0,0,0,0,0,1,183,0,0,0,23,0,0,0,1,0,0,0,0,0,94,0,0,0,81,0,0,0,0,0,0,0,0,0,0,0,0,0,0,0,0,0,0,0,0,0,0,0,0,0,0,0,,,,,,,,,,,,,,,,
160.910,0,0,0,0,0,0,0,0,12,0,0,0,0,68,30,3,0,0,0,0,0,1,183,0,0,0,23,0,0,0,1,0,0,0,0,0,94,0,0,0,81,0,0,0,0,0,0,0,0,0,0,0,0,0,0,0,0,0,0,0,0,0,0,0,0,0,0,0,,,,,,,,,,,,,,,,
160.910,0,0,0,0,0,0,0,0,12,0,0,0,0,68,30,3,0,0,0,0,0,1,183,0,0,0,23,0,0,0,1,0,0,0,0,0,94,0,0,0,81,0,0,0,0,0,0,0,0,0,0,0,0,0,0,0,0,0,0,0,0,0,0,0,0,0,0,0,,,,,,,,,,,,,,,,
161.505,0,0,0,0,0,0,0,0,12,0,0,0,0,68,30,3,0,0,0,0,0,1,183,0,0,0,23,0,0,0,1,0,0,0,0,0,94,0,0,0,81,0,0,0,0,0,0,0,0,0,0,0,0,0,0,0,0,0,0,0,0,0,0,0,0,0,0,0,,,,,,,,,,,,,,,,
161.505,0,0,0,0,0,0,0,0,12,0,0,0,0,68,30,3,0,0,0,0,0,1,183,0,0,0,23,0,0,0,1,0,0,0,0,0,94,0,0,0,81,0,0,0,0,0,0,0,0,0,0,0,0,0,0,0,0,0,0,0,0,0,0,0,0,0,0,0,,,,,,,,,,,,,,,,
161.505,0,0,0,0,0,0,0,0,12,0,0,0,0,68,30,3,0,0,0,0,0,1,183,0,0,0,23,0,0,0,1,0,0,0,0,0,94,0,0,0,81,0,0,0,0,0,0,0,0,0,0,0,0,0,0,0,0,0,0,0,0,0,0,0,0,0,0,0,,,,,,,,,,,,,,,,
161.505,0,0,0,0,0,0,0,0,12,0,0,0,0,68,30,3,0,0,0,0,0,1,183,0,0,0,23,0,0,0,1,0,0,0,0,0,94,0,0,0,81,0,0,0,0,0,0,0,0,0,0,0,0,0,0,0,0,0,0,0,0,0,0,0,0,0,0,0,,,,,,,,,,,,,,,,
162.085,0,0,0,0,0,0,0,0,12,0,0,0,0,68,30,3,0,0,0,0,0,1,183,0,0,0,23,0,0,0,1,0,0,0,0,0,94,0,0,0,81,0,0,0,0,0,0,0,0,0,0,0,0,0,0,0,0,0,0,0,0,0,0,0,0,0,0,0,,,,,,,,,,,,,,,,
162.085,0,0,0,0,0,0,0,0,12,0,0,0,0,68,30,3,0,0,0,0,0,1,183,0,0,0,23,0,0,0,1,0,0,0,0,0,94,0,0,0,81,0,0,0,0,0,0,0,0,0,0,0,0,0,0,0,0,0,0,0,0,0,0,0,0,0,0,0,,,,,,,,,,,,,,,,
162.085,0,0,0,0,0,0,0,0,12,0,0,0,0,68,30,3,0,0,0,0,0,1,183,0,0,0,23,0,0,0,1,0,0,0,0,0,94,0,0,0,81,0,0,0,0,0,0,0,0,0,0,0,0,0,0,0,0,0,0,0,0,0,0,0,0,0,0,0,,,,,,,,,,,,,,,,
162.625,0,0,0,0,0,0,0,0,12,0,0,0,0,68,30,3,0,0,0,0,0,1,337,0,0,0,23,0,0,0,1,0,0,0,0,0,94,0,0,0,81,0,0,0,0,0,0,0,0,0,0,0,0,0,0,0,0,0,0,0,0,0,0,0,0,0,0,0,,,,,,,,,,,,,,,,
162.625,0,0,0,0,0,0,0,0,12,0,0,0,0,68,30,3,0,0,0,0,0,1,337,0,0,0,23,0,0,0,1,0,0,0,0,0,94,0,0,3,81,0,0,0,0,0,0,0,0,0,0,0,0,0,0,0,0,0,0,0,0,0,0,0,0,0,0,0,,,,,,,,,,,,,,,,
162.625,0,0,0,0,0,0,0,0,12,0,0,0,0,68,30,3,0,0,0,0,0,1,337,0,0,0,23,0,0,0,1,0,0,0,0,0,93,0,0,3,81,0,0,0,0,0,0,0,0,0,0,0,0,0,0,0,0,0,0,0,0,0,0,0,0,0,0,0,,,,,,,,,,,,,,,,
163.198,0,0,0,0,0,0,0,0,12,0,0,0,0,68,30,3,0,0,0,0,0,1,337,0,0,0,23,0,0,0,1,0,0,0,0,0,93,0,0,3,81,0,0,0,0,0,0,0,0,0,0,0,0,0,0,0,0,0,0,0,0,0,0,0,0,0,0,0,,,,,,,,,,,,,,,,
163.198,0,0,0,0,0,0,0,0,12,0,0,0,0,68,30,3,0,0,0,0,0,1,337,0,0,0,23,0,0,0,1,0,0,0,0,0,93,0,0,3,81,0,0,0,0,0,0,0,0,0,0,0,0,0,0,0,0,0,0,0,0,0,0,0,0,0,0,0,,,,,,,,,,,,,,,,
163.198,0,0,0,0,0,0,0,0,12,0,0,0,0,68,30,3,0,0,0,0,0,1,337,0,0,0,23,0,0,0,1,0,0,0,0,0,93,0,0,3,81,0,0,0,0,0,0,0,0,0,0,0,0,0,0,0,0,0,0,0,1,0,0,0,0,0,0,0,,,,,,,,,,,,,,,,
163.770,0,0,0,0,0,0,0,0,12,0,0,0,0,68,30,3,0,0,0,0,0,1,337,0,0,0,23,0,0,0,1,0,0,0,0,0,93,0,0,3,81,0,0,0,0,0,0,0,0,0,0,0,0,0,0,0,0,0,0,0,1,0,0,0,0,0,0,0,,,,,,,,,,,,,,,,
163.770,0,0,0,0,0,0,0,0,12,0,0,0,0,68,30,3,0,0,0,0,0,1,337,0,0,0,23,0,0,0,1,0,0,0,0,0,93,0,0,3,81,0,0,0,0,0,0,0,0,0,0,0,0,0,0,0,0,0,0,0,1,0,0,0,0,0,0,0,,,,,,,,,,,,,,,,
163.770,0,0,0,0,0,0,0,0,12,0,0,0,0,68,30,3,0,0,0,0,0,1,337,0,0,0,23,0,0,0,1,0,0,0,0,0,93,0,0,3,81,0,0,0,0,0,0,0,0,0,0,0,0,0,0,0,0,0,0,0,1,0,0,0,0,0,0,0,,,,,,,,,,,,,,,,
164.634,0,0,0,0,0,0,0,0,12,0,0,0,0,68,30,3,0,0,0,0,0,1,332,0,0,0,23,0,0,0,1,0,0,0,0,0,93,0,0,3,81,0,0,0,0,0,0,0,0,0,0,0,0,0,0,0,0,0,0,0,1,0,0,0,0,0,0,0,,,,,,,,,,,,,,,,
164.634,0,0,0,0,0,0,0,0,12,0,0,0,0,68,30,3,0,0,0,0,0,1,332,0,0,0,23,0,0,0,1,0,0,0,0,0,93,0,0,1,81,0,0,0,0,0,0,0,0,0,0,0,0,0,0,0,0,0,0,0,1,0,0,0,0,0,0,0,,,,,,,,,,,,,,,,
164.634,0,0,0,0,0,0,0,0,12,0,0,0,0,68,30,3,0,0,0,0,0,1,332,0,0,0,23,0,0,0,1,0,0,0,0,0,94,0,0,1,81,0,0,0,0,0,0,0,0,0,0,0,0,0,0,0,0,0,0,0,1,0,0,0,0,0,0,0,,,,,,,,,,,,,,,,
165.629,0,0,0,0,0,0,0,0,12,0,0,0,0,68,30,3,0,0,0,0,0,1,332,0,0,0,23,0,0,0,1,0,0,0,0,0,94,0,0,1,81,0,0,0,0,0,0,0,0,0,0,0,0,0,0,0,0,0,0,0,1,0,0,0,0,0,0,0,,,,,,,,,,,,,,,,
165.629,0,0,0,0,0,0,0,0,12,0,0,0,0,68,30,3,0,0,0,0,0,1,332,0,0,0,23,0,0,0,1,0,0,0,0,0,94,0,0,1,81,0,0,0,0,0,0,0,0,0,0,0,0,0,0,0,0,0,0,0,1,0,0,0,0,0,0,0,,,,,,,,,,,,,,,,
165.629,0,0,0,0,0,0,0,0,12,0,0,0,0,68,30,3,0,0,0,0,0,1,332,0,0,0,23,0,0,0,1,0,0,0,0,0,94,0,0,1,81,0,0,0,0,0,0,0,0,0,0,0,0,0,0,0,0,0,0,0,1,0,0,0,0,0,0,0,,,,,,,,,,,,,,,,
166.215,0,0,0,0,0,0,0,0,12,0,0,0,0,68,30,3,0,0,0,0,0,1,332,0,0,0,23,0,0,0,1,0,0,0,0,0,94,0,0,1,81,0,0,0,0,0,0,0,0,0,0,0,0,0,0,0,0,0,0,0,1,0,0,0,0,0,0,0,,,,,,,,,,,,,,,,
166.215,0,0,0,0,0,0,0,0,12,0,0,0,0,68,30,3,0,0,0,0,0,1,332,0,0,0,23,0,0,0,1,0,0,0,0,0,94,0,0,1,81,0,0,0,0,0,0,0,0,0,0,0,0,0,0,0,0,0,0,0,1,0,0,0,0,0,0,0,,,,,,,,,,,,,,,,
166.215,0,0,0,0,0,0,0,0,12,0,0,0,0,68,30,3,0,0,0,0,0,1,332,0,0,0,23,0,0,0,1,0,0,0,0,0,94,0,0,1,81,0,0,0,0,0,0,0,0,0,0,0,0,0,0,0,0,0,0,0,1,0,0,0,0,0,0,0,,,,,,,,,,,,,,,,
166.215,0,0,0,0,0,0,0,0,12,0,0,0,0,68,30,3,0,0,0,0,0,1,332,0,0,0,23,0,0,0,1,0,0,0,0,0,94,0,0,1,81,0,0,0,0,0,0,0,0,0,0,0,0,0,0,0,0,0,0,0,1,0,0,0,0,0,0,0,,,,,,,,,,,,,,,,
166.779,0,0,0,0,0,0,0,0,12,0,0,0,0,68,30,3,0,0,0,0,0,1,279,0,0,0,23,0,0,0,1,0,0,0,0,0,94,0,0,1,81,0,0,0,0,0,0,0,0,0,0,0,0,0,0,0,0,0,0,0,1,0,0,0,0,0,0,0,,,,,,,,,,,,,,,,
166.779,0,0,0,0,0,0,0,0,12,0,0,0,0,68,30,3,0,0,0,0,0,1,279,0,0,0,23,0,0,0,1,0,0,0,0,0,94,0,0,1,81,0,0,0,0,0,0,0,0,0,0,0,0,0,0,0,0,0,0,0,1,0,0,0,0,0,0,0,,,,,,,,,,,,,,,,
166.779,0,0,0,0,0,0,0,0,12,0,0,0,0,68,30,3,0,0,0,0,0,1,279,0,0,0,23,0,0,0,1,0,0,0,0,0,94,0,0,1,81,0,0,0,0,0,0,0,0,0,0,0,0,0,0,0,0,0,0,0,1,0,0,0,0,0,0,0,,,,,,,,,,,,,,,,
167.348,0,0,0,0,0,0,0,0,12,0,0,0,0,68,30,3,0,0,0,0,0,1,279,0,0,0,23,0,0,0,0,0,0,0,0,0,94,0,0,1,81,0,0,0,0,0,0,0,0,0,0,0,0,0,0,0,0,0,0,0,1,0,0,0,0,0,0,0,,,,,,,,,,,,,,,,
167.348,0,0,0,0,0,0,0,0,12,0,0,0,0,68,30,3,0,0,0,0,0,1,279,0,0,0,23,0,0,0,0,0,0,0,0,0,94,0,0,1,81,0,0,0,0,0,0,0,0,0,0,0,0,0,0,0,0,0,0,0,1,0,0,0,0,0,0,0,,,,,,,,,,,,,,,,
167.348,0,0,0,0,0,0,0,0,12,0,0,0,0,68,30,3,0,0,0,0,0,1,279,0,0,0,23,0,0,0,0,0,0,0,0,0,94,0,0,1,81,0,0,0,0,0,0,0,0,0,0,0,0,0,0,0,0,0,0,0,0,0,0,0,0,0,0,0,,,,,,,,,,,,,,,,
167.925,0,0,0,0,0,0,0,0,12,0,0,0,0,68,30,3,0,0,0,0,0,1,279,0,0,0,23,0,0,0,0,0,0,0,0,0,94,0,0,1,81,0,0,0,0,0,0,0,0,0,0,0,0,0,0,0,0,0,0,0,0,0,0,0,0,0,0,0,,,,,,,,,,,,,,,,
167.925,0,0,0,0,0,0,0,0,12,0,0,0,0,68,30,3,0,0,0,0,0,1,279,0,0,0,23,0,0,0,0,0,0,0,0,0,94,0,0,1,81,0,0,0,0,0,0,0,0,0,0,0,0,0,0,0,0,0,0,0,0,0,0,0,0,0,0,0,,,,,,,,,,,,,,,,
167.925,0,0,0,0,0,0,0,0,12,0,0,0,0,68,30,3,0,0,0,0,0,1,279,0,0,0,23,0,0,0,0,0,0,0,0,0,94,0,0,1,81,0,0,0,0,0,0,0,0,0,0,0,0,0,0,0,0,0,0,0,0,0,0,0,0,0,0,0,,,,,,,,,,,,,,,,
167.925,0,0,0,0,0,0,0,0,12,0,0,0,0,68,30,3,0,0,0,0,0,1,279,0,0,0,23,0,0,0,0,0,0,0,0,0,94,0,0,1,81,0,0,0,0,0,0,0,0,0,0,0,0,0,0,0,0,0,0,0,0,0,0,0,0,0,0,0,,,,,,,,,,,,,,,,
168.550,0,0,0,0,0,0,0,0,12,0,0,0,0,68,30,3,0,0,0,0,0,1,279,0,0,0,23,0,0,0,0,0,0,0,0,0,94,0,0,1,81,0,0,0,0,0,0,0,0,0,0,0,0,0,0,0,0,0,0,0,0,0,0,0,0,0,0,0,,,,,,,,,,,,,,,,
168.550,0,0,0,0,0,0,0,0,12,0,0,0,0,68,30,3,0,0,0,0,0,1,279,0,0,0,23,0,0,0,0,0,0,0,0,0,94,0,0,1,81,0,0,0,0,0,0,0,0,0,0,0,0,0,0,0,0,0,0,0,0,0,0,0,0,0,0,0,,,,,,,,,,,,,,,,
168.550,0,0,0,0,0,0,0,0,12,0,0,0,0,68,30,3,0,0,0,0,0,1,279,0,0,0,23,0,0,0,0,0,0,0,0,0,94,0,0,1,81,0,0,0,0,0,0,0,0,0,0,0,0,0,0,0,0,0,0,0,0,0,0,0,0,0,0,0,,,,,,,,,,,,,,,,
169.051,0,0,0,0,0,0,0,0,12,0,0,0,0,68,30,3,0,0,0,0,0,1,274,0,0,0,23,0,0,0,0,0,0,0,0,0,94,0,0,1,81,0,0,0,0,0,0,0,0,0,0,0,0,0,0,0,0,0,0,0,0,0,0,0,0,0,0,0,,,,,,,,,,,,,,,,
169.051,0,0,0,0,0,0,0,0,12,0,0,0,0,68,30,3,0,0,0,0,0,1,274,0,0,0,23,0,0,0,0,0,0,0,0,0,94,0,0,0,81,0,0,0,0,0,0,0,0,0,0,0,0,0,0,0,0,0,0,0,0,0,0,0,0,0,0,0,,,,,,,,,,,,,,,,
169.051,0,0,0,0,0,0,0,0,12,0,0,0,0,68,30,3,0,0,0,0,0,1,274,0,0,0,23,0,0,0,0,0,0,0,0,0,94,0,0,0,81,0,0,0,0,0,0,0,0,0,0,0,0,0,0,0,0,0,0,0,0,0,0,0,0,0,0,0,,,,,,,,,,,,,,,,
169.637,0,0,0,0,0,0,0,0,12,0,0,0,0,68,30,3,0,0,0,0,0,1,274,0,0,0,23,0,0,0,0,0,0,0,0,0,94,0,0,0,81,0,0,0,0,0,0,0,0,0,0,0,0,0,0,0,0,0,0,0,0,0,0,0,0,0,0,0,,,,,,,,,,,,,,,,
169.637,0,0,0,0,0,0,0,0,12,0,0,0,0,68,30,3,0,0,0,0,0,1,274,0,0,0,23,0,0,0,0,0,0,0,0,0,94,0,0,0,81,0,0,0,0,0,0,0,0,0,0,0,0,0,0,0,0,0,0,0,0,0,0,0,0,0,0,0,,,,,,,,,,,,,,,,
169.637,0,0,0,0,0,0,0,0,12,0,0,0,0,68,30,3,0,0,0,0,0,1,274,0,0,0,23,0,0,0,0,0,0,0,0,0,94,0,0,0,81,0,0,0,0,0,0,0,0,0,0,0,0,0,0,0,0,0,0,0,0,0,0,0,0,0,0,0,,,,,,,,,,,,,,,,
170.668,0,0,0,0,0,0,0,0,12,0,0,0,0,68,30,3,0,0,0,0,0,1,269,0,0,0,23,0,0,0,0,0,0,0,0,0,94,0,0,0,81,0,0,0,0,0,0,0,0,0,0,0,0,0,0,0,0,0,0,0,0,0,0,0,0,0,0,0,,,,,,,,,,,,,,,,
170.668,0,0,0,0,0,0,0,0,12,0,0,0,0,68,30,3,0,0,0,0,0,1,269,0,0,0,23,0,0,0,0,0,0,0,0,0,94,0,0,0,81,0,0,0,0,0,0,0,0,0,0,0,0,0,0,0,0,0,0,0,0,0,0,0,0,0,0,0,,,,,,,,,,,,,,,,
170.673,0,0,0,0,0,0,0,0,12,0,0,0,0,68,30,3,0,0,0,0,0,1,269,0,0,0,23,0,0,0,0,0,0,0,0,0,94,0,0,0,81,0,0,0,0,0,0,0,0,0,0,0,0,0,0,0,0,0,0,0,0,0,0,0,0,0,0,0,,,,,,,,,,,,,,,,
171.199,0,0,0,0,0,0,0,0,12,0,0,0,0,68,30,3,0,0,0,0,0,1,269,0,0,0,23,0,0,0,0,0,0,0,0,0,94,0,0,0,81,0,0,0,0,0,0,0,0,0,0,0,0,0,0,0,0,0,0,0,0,0,0,0,0,0,0,0,,,,,,,,,,,,,,,,
171.199,0,0,0,0,0,0,0,0,12,0,0,0,0,68,30,3,0,0,0,0,0,1,269,0,0,0,23,0,0,0,0,0,0,0,0,0,94,0,0,0,81,0,0,0,0,0,0,0,0,0,0,0,0,0,0,0,0,0,0,0,0,0,0,0,0,0,0,0,,,,,,,,,,,,,,,,
171.199,0,0,0,0,0,0,0,0,12,0,0,0,0,68,30,3,0,0,0,0,0,1,269,0,0,0,23,0,0,0,0,0,0,0,0,0,94,0,0,0,81,0,0,0,0,0,0,0,0,0,0,0,0,0,0,0,0,0,0,0,0,0,0,0,0,0,0,0,,,,,,,,,,,,,,,,
171.785,0,0,0,0,0,0,0,0,12,0,0,0,0,68,30,3,0,0,0,0,0,1,269,0,0,0,23,0,0,0,0,0,0,0,0,0,94,0,0,0,81,0,0,0,0,0,0,0,0,0,0,0,0,0,0,0,0,0,0,0,0,0,0,0,0,0,0,0,,,,,,,,,,,,,,,,
171.785,0,0,0,0,0,0,0,0,12,0,0,0,0,68,30,3,0,0,0,0,0,1,269,0,0,0,23,0,0,0,0,0,0,0,0,0,94,0,0,0,81,0,0,0,0,0,0,0,0,0,0,0,0,0,0,0,0,0,0,0,0,0,0,0,0,0,0,0,,,,,,,,,,,,,,,,
171.785,0,0,0,0,0,0,0,0,12,0,0,0,0,68,30,3,0,0,0,0,0,1,269,0,0,0,23,0,0,0,0,0,0,0,0,0,94,0,0,0,81,0,0,0,0,0,0,0,0,0,0,0,0,0,0,0,0,0,0,0,0,0,0,0,0,0,0,0,,,,,,,,,,,,,,,,
171.785,0,0,0,0,0,0,0,0,12,0,0,0,0,68,30,3,0,0,0,0,0,1,269,0,0,0,23,0,0,0,0,0,0,0,0,0,94,0,0,0,81,0,0,0,0,0,0,0,0,0,0,0,0,0,0,0,0,0,0,0,0,0,0,0,0,0,0,0,,,,,,,,,,,,,,,,
172.378,0,0,0,0,0,0,0,0,12,0,0,0,0,68,30,3,0,0,0,0,0,1,269,0,0,0,23,0,0,0,0,0,0,0,0,0,94,0,0,0,81,0,0,0,0,0,0,0,0,0,0,0,0,0,0,0,0,0,0,0,0,0,0,0,0,0,0,0,,,,,,,,,,,,,,,,
172.378,0,0,0,0,0,0,0,0,12,0,0,0,0,68,30,3,0,0,0,0,0,1,269,0,0,0,23,0,0,0,0,0,0,0,0,0,94,0,0,0,81,0,0,0,0,0,0,0,0,0,0,0,0,0,0,0,0,0,0,0,0,0,0,0,0,0,0,0,,,,,,,,,,,,,,,,
172.378,0,0,0,0,0,0,0,0,12,0,0,0,0,68,30,3,0,0,0,0,0,1,269,0,0,0,23,0,0,0,0,0,0,0,0,0,94,0,0,0,81,0,0,0,0,0,0,0,0,0,0,0,0,0,0,0,0,0,0,0,0,0,0,0,0,0,0,0,,,,,,,,,,,,,,,,
172.910,0,0,0,0,0,0,0,0,12,0,0,0,0,68,30,3,0,0,0,0,0,1,266,0,0,0,23,0,0,0,0,0,0,0,0,0,94,0,0,0,81,0,0,0,0,0,0,0,0,0,0,0,0,0,0,0,0,0,0,0,0,0,0,0,0,0,0,0,,,,,,,,,,,,,,,,
172.910,0,0,0,0,0,0,0,0,12,0,0,0,0,68,30,3,0,0,0,0,0,1,266,0,0,0,23,0,0,0,0,0,0,0,0,0,94,0,0,0,81,0,0,0,0,0,0,0,0,0,0,0,0,0,0,0,0,0,0,0,0,0,0,0,0,0,0,0,,,,,,,,,,,,,,,,
172.910,0,0,0,0,0,0,0,0,12,0,0,0,0,68,30,3,0,0,0,0,0,1,266,0,0,0,23,0,0,0,0,0,0,0,0,0,94,0,0,0,81,0,0,0,0,0,0,0,0,0,0,0,0,0,0,0,0,0,0,0,0,0,0,0,0,0,0,0,,,,,,,,,,,,,,,,
173.630,0,0,0,0,0,0,0,0,12,0,0,0,0,68,30,3,0,0,0,0,0,1,266,0,0,0,23,0,0,0,0,0,0,0,0,0,94,0,0,0,81,0,0,0,0,0,0,0,0,0,0,0,0,0,0,0,0,0,0,0,0,0,0,0,0,0,0,0,,,,,,,,,,,,,,,,
173.630,0,0,0,0,0,0,0,0,12,0,0,0,0,68,30,3,0,0,0,0,0,1,266,0,0,0,23,0,0,0,0,0,0,0,0,0,94,0,0,0,81,0,0,0,0,0,0,0,0,0,0,0,0,0,0,0,0,0,0,0,0,0,0,0,0,0,0,0,,,,,,,,,,,,,,,,
173.630,0,0,0,0,0,0,0,0,12,0,0,0,0,68,30,3,0,0,0,0,0,1,266,0,0,0,23,0,0,0,0,0,0,0,0,0,94,0,0,0,81,0,0,0,0,0,0,0,0,0,0,0,0,0,0,0,0,0,0,0,0,0,0,0,0,0,0,0,,,,,,,,,,,,,,,,
174.648,0,0,0,0,0,0,0,0,12,0,0,0,0,68,30,3,0,0,0,0,0,1,264,0,0,0,23,0,0,0,0,0,0,0,0,0,94,0,0,0,81,0,0,0,0,0,0,0,0,0,0,0,0,0,0,0,0,0,0,0,0,0,0,0,0,0,0,0,,,,,,,,,,,,,,,,
174.648,0,0,0,0,0,0,0,0,12,0,0,0,0,68,30,3,0,0,0,0,0,1,264,0,0,0,23,0,0,0,0,0,0,0,0,0,94,0,0,0,81,0,0,0,0,0,0,0,0,0,0,0,0,0,0,0,0,0,0,0,0,0,0,0,0,0,0,0,,,,,,,,,,,,,,,,
174.648,0,0,0,0,0,0,0,0,12,0,0,0,0,68,30,3,0,0,0,0,0,1,264,0,0,0,23,0,0,0,0,0,0,0,0,0,94,0,0,0,81,0,0,0,0,0,0,0,0,0,0,0,0,0,0,0,0,0,0,0,0,0,0,0,0,0,0,0,,,,,,,,,,,,,,,,
175.222,0,0,0,0,0,0,0,0,12,0,0,0,0,68,30,3,0,0,0,0,0,1,264,0,0,0,23,0,0,0,0,0,0,0,0,0,94,0,0,0,81,0,0,0,0,0,0,0,0,0,0,0,0,0,0,0,0,0,0,0,0,0,0,0,0,0,0,0,,,,,,,,,,,,,,,,
175.222,0,0,0,0,0,0,0,0,12,0,0,0,0,68,30,3,0,0,0,0,0,1,264,0,0,0,23,0,0,0,0,0,0,0,0,0,94,0,0,0,81,0,0,0,0,0,0,0,0,0,0,0,0,0,0,0,0,0,0,0,0,0,0,0,0,0,0,0,,,,,,,,,,,,,,,,
175.222,0,0,0,0,0,0,0,0,12,0,0,0,0,68,30,3,0,0,0,0,0,1,264,0,0,0,23,0,0,0,0,0,0,0,0,0,94,0,0,0,81,0,0,0,0,0,0,0,0,0,0,0,0,0,0,0,0,0,0,0,0,0,0,0,0,0,0,0,,,,,,,,,,,,,,,,
175.784,0,0,0,0,0,0,0,0,12,0,0,0,0,68,30,3,0,0,0,0,0,1,264,0,0,0,23,0,0,0,0,0,0,0,0,0,94,0,0,0,81,0,0,0,0,0,0,0,0,0,0,0,0,0,0,0,0,0,0,0,0,0,0,0,0,0,0,0,,,,,,,,,,,,,,,,
175.784,0,0,0,0,0,0,0,0,12,0,0,0,0,68,30,3,0,0,0,0,0,1,264,0,0,0,23,0,0,0,0,0,0,0,0,0,94,0,0,0,81,0,0,0,0,0,0,0,0,0,0,0,0,0,0,0,0,0,0,0,0,0,0,0,0,0,0,0,,,,,,,,,,,,,,,,
175.784,0,0,0,0,0,0,0,0,12,0,0,0,0,68,30,3,0,0,0,0,0,1,264,0,0,0,23,0,0,0,0,0,0,0,0,0,94,0,0,0,81,0,0,0,0,0,0,0,0,0,0,0,0,0,0,0,0,0,0,0,0,0,0,0,0,0,0,0,,,,,,,,,,,,,,,,
175.784,0,0,0,0,0,0,0,0,12,0,0,0,0,68,30,3,0,0,0,0,0,1,264,0,0,0,23,0,0,0,0,0,0,0,0,0,94,0,0,0,81,0,0,0,0,0,0,0,0,0,0,0,0,0,0,0,0,0,0,0,0,0,0,0,0,0,0,0,,,,,,,,,,,,,,,,
176.358,0,0,0,0,0,0,0,0,12,0,0,0,0,68,30,3,0,0,0,0,0,1,264,0,0,0,23,0,0,0,0,0,0,0,0,0,94,0,0,0,81,0,0,0,0,0,0,0,0,0,0,0,0,0,0,0,0,0,0,0,0,0,0,0,0,0,0,0,,,,,,,,,,,,,,,,
176.358,0,0,0,0,0,0,0,0,12,0,0,0,0,68,30,3,0,0,0,0,0,1,264,0,0,0,23,0,0,0,0,0,0,0,0,0,94,0,0,0,81,0,0,0,0,0,0,0,0,0,0,0,0,0,0,0,0,0,0,0,0,0,0,0,0,0,0,0,,,,,,,,,,,,,,,,
176.358,0,0,0,0,0,0,0,0,12,0,0,0,0,68,30,3,0,0,0,0,0,1,264,0,0,0,23,0,0,0,0,0,0,0,0,0,94,0,0,0,81,0,0,0,0,0,0,0,0,0,0,0,0,0,0,0,0,0,0,0,0,0,0,0,0,0,0,0,,,,,,,,,,,,,,,,
176.915,0,0,0,0,0,0,0,0,12,0,0,0,0,68,30,3,0,0,0,0,0,1,329,0,0,0,23,0,0,0,0,0,0,0,0,0,94,0,0,0,81,0,0,0,0,0,0,0,0,0,0,0,0,0,0,0,0,0,0,0,0,0,0,0,0,0,0,0,,,,,,,,,,,,,,,,
176.915,0,0,0,0,0,0,0,0,12,0,0,0,0,68,30,3,0,0,0,0,0,1,329,0,0,0,23,0,0,0,0,0,0,0,0,0,94,0,0,104,81,0,0,0,0,0,0,0,0,0,0,0,0,0,0,0,0,0,0,0,0,0,0,0,0,0,0,0,,,,,,,,,,,,,,,,
176.915,0,0,0,0,0,0,0,0,12,0,0,0,0,68,30,3,0,0,0,0,0,1,329,0,0,0,23,0,0,0,0,0,0,0,0,0,90,0,0,104,81,0,0,0,0,0,0,0,0,0,0,0,0,0,0,0,0,0,0,0,0,0,0,0,0,0,0,0,,,,,,,,,,,,,,,,
177.488,0,0,0,0,0,0,0,0,12,0,0,0,0,68,30,3,0,0,0,0,0,1,329,0,0,0,23,0,0,0,0,0,0,0,0,0,90,0,0,104,81,0,0,0,0,0,0,0,0,0,0,0,0,0,0,0,0,0,0,0,0,0,0,0,0,0,0,0,,,,,,,,,,,,,,,,
177.488,0,0,0,0,0,0,0,0,12,0,0,0,0,68,30,3,0,0,0,0,0,1,329,0,0,0,23,0,0,0,0,0,0,0,0,0,90,0,0,104,81,0,0,0,0,0,0,0,0,0,0,0,0,0,0,0,0,0,0,0,0,0,0,0,0,0,0,0,,,,,,,,,,,,,,,,
177.488,0,0,0,0,0,0,0,0,12,0,0,0,0,68,30,3,0,0,0,0,0,1,329,0,0,0,23,0,0,0,0,0,0,0,0,0,90,0,0,104,81,0,0,0,0,0,0,0,0,0,0,0,0,0,0,0,0,0,0,0,0,0,0,0,0,0,0,0,,,,,,,,,,,,,,,,
177.488,0,0,0,0,0,0,0,0,12,0,0,0,0,68,30,3,0,0,0,0,0,1,329,0,0,0,23,0,0,0,0,0,0,0,0,0,90,0,0,104,81,0,0,0,0,0,0,0,0,0,0,0,0,0,0,0,0,0,0,0,0,0,0,0,0,0,0,0,,,,,,,,,,,,,,,,
178.052,0,0,0,0,0,0,0,0,12,0,0,0,0,68,30,3,0,0,0,0,0,1,329,0,0,0,20,0,0,0,0,0,0,0,0,0,90,0,0,104,81,0,0,0,0,0,0,0,0,0,0,0,0,0,0,0,0,0,0,0,0,0,0,0,0,0,0,0,,,,,,,,,,,,,,,,
178.052,0,0,0,0,0,0,0,0,12,0,0,0,0,69,30,3,0,0,0,0,0,1,329,0,0,0,20,0,0,0,0,0,0,0,0,0,90,0,0,104,81,0,0,0,0,0,0,0,0,0,0,0,0,0,0,0,0,0,0,0,0,0,0,0,0,0,0,0,,,,,,,,,,,,,,,,
178.053,0,0,0,0,0,0,0,0,12,0,0,0,0,69,30,3,0,0,0,0,0,1,329,0,0,0,20,0,0,0,0,0,0,0,0,0,90,0,0,104,81,0,0,0,0,0,0,0,0,0,0,0,0,0,0,0,0,0,0,0,0,0,0,0,0,0,0,0,,,,,,,,,,,,,,,,
178.647,0,0,0,0,0,0,0,0,12,0,0,0,0,69,30,3,0,0,0,0,0,1,309,0,0,0,20,0,0,0,0,0,0,0,0,0,90,0,0,104,81,0,0,0,0,0,0,0,0,0,0,0,0,0,0,0,0,0,0,0,0,0,0,0,0,0,0,0,,,,,,,,,,,,,,,,
178.647,0,0,0,0,0,0,0,0,12,0,0,0,0,69,30,3,0,0,0,0,0,1,309,0,0,0,20,0,0,0,0,0,0,0,0,0,90,0,0,337,81,0,0,0,0,0,0,0,0,0,0,0,0,0,0,0,0,0,0,0,0,0,0,0,0,0,0,0,,,,,,,,,,,,,,,,
178.647,0,0,0,0,0,0,0,0,12,0,0,0,0,69,30,3,0,0,0,0,0,1,309,0,0,0,20,0,0,0,0,0,0,0,0,0,74,0,0,337,81,0,0,0,0,0,0,0,0,0,0,0,0,0,0,0,0,0,0,0,0,0,0,0,0,0,0,0,,,,,,,,,,,,,,,,
179.208,0,0,0,0,0,0,0,0,12,0,0,0,0,69,30,3,0,0,0,0,0,1,309,0,0,0,20,0,0,0,0,0,0,0,0,0,74,0,0,337,81,0,0,0,0,0,0,0,0,0,0,0,0,0,0,0,0,0,0,0,0,0,0,0,0,0,0,0,,,,,,,,,,,,,,,,
179.208,0,0,0,0,0,0,0,0,12,0,0,0,0,69,30,3,0,0,0,0,0,1,309,0,0,0,20,0,0,0,0,0,0,0,0,0,74,0,0,337,81,0,0,0,0,0,0,0,0,0,0,0,0,0,0,0,0,0,0,0,0,0,0,0,0,0,0,0,,,,,,,,,,,,,,,,
179.208,0,0,0,0,0,0,0,0,12,0,0,0,0,69,30,3,0,0,0,0,0,1,309,0,0,0,20,0,0,0,0,0,0,0,0,0,74,0,0,337,81,0,0,0,0,0,0,0,0,0,0,0,0,0,0,0,0,0,0,0,7,0,0,0,0,0,0,0,,,,,,,,,,,,,,,,
180.123,0,0,0,0,0,0,0,0,12,0,0,0,0,69,30,3,0,0,0,0,0,1,309,0,0,0,20,0,0,0,0,0,0,0,0,0,74,0,0,337,81,0,0,0,0,0,0,0,0,0,0,0,0,0,0,0,0,0,0,0,7,0,0,0,0,0,0,0,,,,,,,,,,,,,,,,
180.123,0,0,0,0,0,0,0,0,12,0,0,0,0,69,30,3,0,0,0,0,0,1,309,0,0,0,20,0,0,0,0,0,0,0,0,0,74,0,0,337,81,0,0,0,0,0,0,0,0,0,0,0,0,0,0,0,0,0,0,0,7,0,0,0,0,0,0,0,,,,,,,,,,,,,,,,
180.123,0,0,0,0,0,0,0,0,12,0,0,0,0,69,30,3,0,0,0,0,0,1,309,0,0,0,20,0,0,0,0,0,0,0,0,0,74,0,0,337,81,0,0,0,0,0,0,0,0,0,0,0,0,0,0,0,0,0,0,0,7,0,0,0,0,0,0,0,,,,,,,,,,,,,,,,
180.703,0,0,0,0,0,0,0,0,12,0,0,0,0,69,30,3,0,0,0,0,0,1,289,0,0,0,20,0,0,0,0,0,0,0,0,0,74,0,0,337,81,0,0,0,0,0,0,0,0,0,0,0,0,0,0,0,0,0,0,0,7,0,0,0,0,0,0,0,,,,,,,,,,,,,,,,
180.703,0,0,0,0,0,0,0,0,12,0,0,0,0,69,30,3,0,0,0,0,0,1,289,0,0,0,20,0,0,0,0,0,0,0,0,0,74,0,0,418,81,0,0,0,0,0,0,0,0,0,0,0,0,0,0,0,0,0,0,0,7,0,0,0,0,0,0,0,,,,,,,,,,,,,,,,
180.703,0,0,0,0,0,0,0,0,12,0,0,0,0,69,30,3,0,0,0,0,0,1,289,0,0,0,20,0,0,0,0,0,0,0,0,0,53,0,0,418,81,0,0,0,0,0,0,0,0,0,0,0,0,0,0,0,0,0,0,0,7,0,0,0,0,0,0,0,,,,,,,,,,,,,,,,
181.650,0,0,0,0,0,0,0,0,12,0,0,0,0,69,30,3,0,0,0,0,0,1,289,0,0,0,20,0,0,0,0,0,0,0,0,0,53,0,0,418,81,0,0,0,0,0,0,0,0,0,0,0,0,0,0,0,0,0,0,0,7,0,0,0,0,0,0,0,,,,,,,,,,,,,,,,
181.650,0,0,0,0,0,0,0,0,12,0,0,0,0,69,30,3,0,0,0,0,0,1,289,0,0,0,20,0,0,0,0,0,0,0,0,0,53,0,0,418,81,0,0,0,0,0,0,0,0,0,0,0,0,0,0,0,0,0,0,0,7,0,0,0,0,0,0,0,,,,,,,,,,,,,,,,
181.650,0,0,0,0,0,0,0,0,12,0,0,0,0,69,30,3,0,0,0,0,0,1,289,0,0,0,20,0,0,0,0,0,0,0,0,0,53,0,0,418,81,0,0,0,0,0,0,0,0,0,0,0,0,0,0,0,0,0,0,0,7,0,0,0,0,0,0,0,,,,,,,,,,,,,,,,
181.650,0,0,0,0,0,0,0,0,12,0,0,0,0,69,30,3,0,0,0,0,0,1,289,0,0,0,20,0,0,0,0,0,0,0,0,0,53,0,0,418,81,0,0,0,0,0,0,0,0,0,0,0,0,0,0,0,0,0,0,0,7,0,0,0,0,0,0,0,,,,,,,,,,,,,,,,
182.206,0,0,0,0,0,0,0,0,12,0,0,0,0,69,30,3,0,0,0,0,0,1,289,0,0,0,21,0,0,0,0,0,0,0,0,0,53,0,0,418,81,0,0,0,0,0,0,0,0,0,0,0,0,0,0,0,0,0,0,0,7,0,0,0,0,0,0,0,,,,,,,,,,,,,,,,
182.206,0,0,0,0,0,0,0,0,12,0,0,0,0,69,30,3,0,0,0,0,0,1,289,0,0,0,21,0,0,0,0,0,0,0,0,0,53,0,0,418,81,0,0,0,0,0,0,0,0,0,0,0,0,0,0,0,0,0,0,0,7,0,0,0,0,0,0,0,,,,,,,,,,,,,,,,
182.206,0,0,0,0,0,0,0,0,12,0,0,0,0,69,30,3,0,0,0,0,0,1,289,0,0,0,21,0,0,0,0,0,0,0,0,0,53,0,0,418,81,0,0,0,0,0,0,0,0,0,0,0,0,0,0,0,0,0,0,0,7,0,0,0,0,0,0,0,,,,,,,,,,,,,,,,
182.783,0,0,0,0,0,0,0,0,12,0,0,0,0,69,30,3,0,0,0,0,0,1,287,0,0,0,21,0,0,0,0,0,0,0,0,0,53,0,0,418,81,0,0,0,0,0,0,0,0,0,0,0,0,0,0,0,0,0,0,0,7,0,0,0,0,0,0,0,,,,,,,,,,,,,,,,
182.783,0,0,0,0,0,0,0,0,12,0,0,0,0,69,30,3,0,0,0,0,0,1,287,0,0,0,21,0,0,0,0,0,0,0,0,0,53,0,0,419,81,0,0,0,0,0,0,0,0,0,0,0,0,0,0,0,0,0,0,0,7,0,0,0,0,0,0,0,,,,,,,,,,,,,,,,
182.783,0,0,0,0,0,0,0,0,12,0,0,0,0,69,30,3,0,0,0,0,0,1,287,0,0,0,21,0,0,0,0,0,0,0,0,0,52,0,0,419,81,0,0,0,0,0,0,0,0,0,0,0,0,0,0,0,0,0,0,0,7,0,0,0,0,0,0,0,,,,,,,,,,,,,,,,
183.362,0,0,0,0,0,0,0,0,12,0,0,0,0,69,30,3,0,0,0,0,0,1,287,0,0,0,21,0,0,0,0,0,0,0,0,0,52,0,0,419,81,0,0,0,0,0,0,0,0,0,0,0,0,0,0,0,0,0,0,0,7,0,0,0,0,0,0,0,,,,,,,,,,,,,,,,
183.362,0,0,0,0,0,0,0,0,12,0,0,0,0,69,30,3,0,0,0,0,0,1,287,0,0,0,21,0,0,0,0,0,0,0,0,0,52,0,0,419,81,0,0,0,0,0,0,0,0,0,0,0,0,0,0,0,0,0,0,0,7,0,0,0,0,0,0,0,,,,,,,,,,,,,,,,
183.362,0,0,0,0,0,0,0,0,12,0,0,0,0,69,30,3,0,0,0,0,0,1,287,0,0,0,21,0,0,0,0,0,0,0,0,0,52,0,0,419,81,0,0,0,0,0,0,0,0,0,0,0,0,0,0,0,0,0,0,0,3,0,0,0,0,0,0,0,,,,,,,,,,,,,,,,
183.917,0,0,0,0,0,0,0,0,12,0,0,0,0,69,30,3,0,0,0,0,0,1,287,0,0,0,21,0,0,0,0,0,0,0,0,0,52,0,0,419,81,0,0,0,0,0,0,0,0,0,0,0,0,0,0,0,0,0,0,0,3,0,0,0,0,0,0,0,,,,,,,,,,,,,,,,
183.917,0,0,0,0,0,0,0,0,12,0,0,0,0,69,30,3,0,0,0,0,0,1,287,0,0,0,21,0,0,0,0,0,0,0,0,0,52,0,0,419,81,0,0,0,0,0,0,0,0,0,0,0,0,0,0,0,0,0,0,0,3,0,0,0,0,0,0,0,,,,,,,,,,,,,,,,
183.917,0,0,0,0,0,0,0,0,12,0,0,0,0,69,30,3,0,0,0,0,0,1,287,0,0,0,21,0,0,0,0,0,0,0,0,0,52,0,0,419,81,0,0,0,0,0,0,0,0,0,0,0,0,0,0,0,0,0,0,0,3,0,0,0,0,0,0,0,,,,,,,,,,,,,,,,
183.917,0,0,0,0,0,0,0,0,12,0,0,0,0,69,30,3,3829,0,0,0,0,1,287,0,0,0,21,0,0,0,0,0,0,0,0,0,52,0,0,419,81,0,0,0,0,0,0,0,0,0,0,0,0,0,0,0,0,0,0,0,3,0,0,0,0,0,0,0,,,,,,,,,,,,,,,,
184.509,0,0,0,0,0,0,0,0,12,0,0,0,0,69,30,3,3829,0,0,0,0,1,287,0,0,0,21,0,0,0,0,0,0,0,0,0,52,0,0,419,81,0,0,0,0,0,0,0,0,0,0,0,0,0,0,0,0,0,0,0,3,0,0,0,0,0,0,0,,,,,,,,,,,,,,,,
184.509,0,0,0,0,0,0,0,0,12,0,0,0,0,69,30,3,3829,0,0,0,0,1,287,0,0,0,21,0,0,0,0,0,0,0,0,0,52,0,0,419,81,0,0,0,0,0,0,0,0,0,0,0,0,0,0,0,0,0,0,0,3,0,0,0,0,0,0,0,,,,,,,,,,,,,,,,
184.509,0,0,0,0,0,0,0,0,12,0,0,0,0,69,30,3,3829,0,0,0,0,1,287,0,0,0,21,0,0,0,0,0,0,0,0,0,52,0,0,419,81,0,0,0,0,0,0,0,0,0,0,0,0,0,0,0,0,0,0,0,3,0,0,0,0,0,0,0,,,,,,,,,,,,,,,,
185.054,0,0,0,0,0,0,0,0,12,0,0,0,0,69,30,3,3829,0,0,0,0,1,305,0,0,0,21,0,0,0,0,0,0,0,0,0,52,0,0,419,81,0,0,0,0,0,0,0,0,0,0,0,0,0,0,0,0,0,0,0,3,0,0,0,0,0,0,0,,,,,,,,,,,,,,,,
185.054,0,0,0,0,0,0,0,0,12,0,0,0,0,69,30,3,3829,0,0,0,0,1,305,0,0,0,21,0,0,0,0,0,0,0,0,0,52,0,0,131,81,0,0,0,0,0,0,0,0,0,0,0,0,0,0,0,0,0,0,0,3,0,0,0,0,0,0,0,,,,,,,,,,,,,,,,
185.054,0,0,0,0,0,0,0,0,12,0,0,0,0,69,30,3,3829,0,0,0,0,1,305,0,0,0,21,0,0,0,0,0,0,0,0,0,69,0,0,131,81,0,0,0,0,0,0,0,0,0,0,0,0,0,0,0,0,0,0,0,3,0,0,0,0,0,0,0,,,,,,,,,,,,,,,,
186.147,0,0,0,0,0,0,0,0,12,0,0,0,0,69,30,3,3829,0,0,0,0,1,305,0,0,0,22,0,0,0,0,0,0,0,0,0,69,0,0,131,81,0,0,0,0,0,0,0,0,0,0,0,0,0,0,0,0,0,0,0,3,0,0,0,0,0,0,0,,,,,,,,,,,,,,,,
186.147,0,0,0,0,0,0,0,0,12,0,0,0,0,69,30,3,3829,0,0,0,0,1,305,0,0,0,22,0,0,0,0,0,0,0,0,0,69,0,0,131,81,0,0,0,0,0,0,0,0,0,0,0,0,0,0,0,0,0,0,0,3,0,0,0,0,0,0,0,,,,,,,,,,,,,,,,
186.147,0,0,0,0,0,0,0,0,12,0,0,0,0,69,30,3,3829,0,0,0,0,1,305,0,0,0,22,0,0,0,0,0,0,0,0,0,69,0,0,131,81,0,0,0,0,0,0,0,0,0,0,0,0,0,0,0,0,0,0,0,3,0,0,0,0,0,0,0,,,,,,,,,,,,,,,,
186.711,0,0,0,0,0,0,0,0,12,0,0,0,0,69,30,3,3829,0,0,0,0,1,285,0,0,0,22,0,0,0,0,0,0,0,0,0,69,0,0,131,81,0,0,0,0,0,0,0,0,0,0,0,0,0,0,0,0,0,0,0,3,0,0,0,0,0,0,0,,,,,,,,,,,,,,,,
186.712,0,0,0,0,0,0,0,0,12,0,0,0,0,69,30,3,3829,0,0,0,0,1,285,0,0,0,22,0,0,0,0,0,0,0,0,0,69,0,0,396,81,0,0,0,0,0,0,0,0,0,0,0,0,0,0,0,0,0,0,0,3,0,0,0,0,0,0,0,,,,,,,,,,,,,,,,
186.712,0,0,0,0,0,0,0,0,12,0,0,0,0,69,30,3,3829,0,0,0,0,1,285,0,0,0,22,0,0,0,0,0,0,0,0,0,50,0,0,396,81,0,0,0,0,0,0,0,0,0,0,0,0,0,0,0,0,0,0,0,3,0,0,0,0,0,0,0,,,,,,,,,,,,,,,,
187.296,0,0,0,0,0,0,0,0,12,0,0,0,0,69,30,3,3829,0,0,0,0,1,285,0,0,0,22,0,0,0,0,0,0,0,0,0,50,0,0,396,81,0,0,0,0,0,0,0,0,0,0,0,0,0,0,0,0,0,0,0,3,0,0,0,0,0,0,0,,,,,,,,,,,,,,,,
187.296,0,0,0,0,0,0,0,0,12,0,0,0,0,69,30,3,3829,0,0,0,0,2,285,0,0,0,22,0,0,0,0,0,0,0,0,0,50,0,0,396,81,0,0,0,0,0,0,0,0,0,0,0,0,0,0,0,0,0,0,0,3,0,0,0,0,0,0,0,,,,,,,,,,,,,,,,
187.296,0,0,0,0,0,0,0,0,12,0,0,0,0,69,30,3,3829,0,0,0,0,2,285,0,0,0,22,0,0,0,0,0,0,0,0,0,50,0,0,396,81,0,0,0,0,0,0,0,0,0,0,0,0,0,0,0,0,0,0,0,1,0,0,0,0,0,0,0,,,,,,,,,,,,,,,,
187.845,0,0,0,0,0,0,0,0,12,0,0,0,0,69,30,3,3829,0,0,0,0,2,285,0,0,0,22,0,0,0,0,0,0,0,0,0,50,0,0,396,81,0,0,0,0,0,0,0,0,0,0,0,0,0,0,0,0,0,0,0,1,0,0,0,0,0,0,0,,,,,,,,,,,,,,,,
187.845,0,0,0,0,0,0,0,0,12,0,0,0,0,69,30,3,3829,0,0,0,0,2,285,0,0,0,22,0,0,0,0,0,0,0,0,0,50,0,0,396,81,0,0,0,0,0,0,0,0,0,0,0,0,0,0,0,0,0,0,0,1,0,0,0,0,0,0,0,,,,,,,,,,,,,,,,
187.845,0,0,0,0,0,0,0,0,12,0,0,0,0,69,30,3,3829,0,0,0,0,2,285,0,0,0,22,0,0,0,0,0,0,0,0,0,50,0,0,396,81,0,0,0,0,0,0,0,0,0,0,0,0,0,0,0,0,0,0,0,1,0,0,0,0,0,0,0,,,,,,,,,,,,,,,,
187.845,0,0,0,0,0,0,0,0,12,0,0,0,0,69,30,3,3829,0,0,0,0,2,285,0,0,0,22,0,0,0,0,0,0,0,0,0,50,0,0,396,81,0,0,0,0,0,0,0,0,0,0,0,0,0,0,0,0,0,0,0,1,0,0,0,0,0,0,0,,,,,,,,,,,,,,,,
188.417,0,0,0,0,0,0,0,0,12,0,0,0,0,69,30,3,3829,0,0,0,0,2,285,0,0,0,24,0,0,0,0,0,0,0,0,0,50,0,0,396,81,0,0,0,0,0,0,0,0,0,0,0,0,0,0,0,0,0,0,0,1,0,0,0,0,0,0,0,,,,,,,,,,,,,,,,
188.417,0,0,0,0,0,0,0,0,12,0,0,0,0,69,30,3,3829,0,0,0,0,2,285,0,0,0,24,0,0,0,0,0,0,0,0,0,50,0,0,396,81,0,0,0,0,0,0,0,0,0,0,0,0,0,0,0,0,0,0,0,1,0,0,0,0,0,0,0,,,,,,,,,,,,,,,,
188.417,0,0,0,0,0,0,0,0,12,0,0,0,0,69,30,3,3829,0,0,0,0,2,285,0,0,0,24,0,0,0,0,0,0,0,0,0,50,0,0,396,81,0,0,0,0,0,0,0,0,0,0,0,0,0,0,0,0,0,0,0,1,0,0,0,0,0,0,0,,,,,,,,,,,,,,,,
188.976,0,0,0,0,0,0,0,0,12,0,0,0,0,69,30,3,3829,0,0,0,0,2,284,0,0,0,24,0,0,0,0,0,0,0,0,0,50,0,0,396,81,0,0,0,0,0,0,0,0,0,0,0,0,0,0,0,0,0,0,0,1,0,0,0,0,0,0,0,,,,,,,,,,,,,,,,
188.976,0,0,0,0,0,0,0,0,12,0,0,0,0,69,30,3,3829,0,0,0,0,2,284,0,0,0,24,0,0,0,0,0,0,0,0,0,50,0,0,405,81,0,0,0,0,0,0,0,0,0,0,0,0,0,0,0,0,0,0,0,1,0,0,0,0,0,0,0,,,,,,,,,,,,,,,,
188.976,0,0,0,0,0,0,0,0,12,0,0,0,0,69,30,3,3829,0,0,0,0,2,284,0,0,0,24,0,0,0,0,0,0,0,0,0,49,0,0,405,81,0,0,0,0,0,0,0,0,0,0,0,0,0,0,0,0,0,0,0,1,0,0,0,0,0,0,0,,,,,,,,,,,,,,,,
190.149,0,0,0,0,0,0,0,0,12,0,0,0,0,69,30,3,3829,0,0,0,0,2,284,0,0,0,24,0,0,0,0,0,0,0,0,0,49,0,0,405,81,0,0,0,0,0,0,0,0,0,0,0,0,0,0,0,0,0,0,0,1,0,0,0,0,0,0,0,,,,,,,,,,,,,,,,
190.149,0,0,0,0,0,0,0,0,12,0,0,0,0,69,30,3,3829,0,0,0,0,2,284,0,0,0,24,0,0,0,0,0,0,0,0,0,49,0,0,405,81,0,0,0,0,0,0,0,0,0,0,0,0,0,0,0,0,0,0,0,1,0,0,0,0,0,0,0,,,,,,,,,,,,,,,,
190.149,0,0,0,0,0,0,0,0,12,0,0,0,0,69,30,3,3829,0,0,0,0,2,284,0,0,0,24,0,0,0,0,0,0,0,0,0,49,0,0,405,81,0,0,0,0,0,0,0,0,0,0,0,0,0,0,0,0,0,0,0,1,0,0,0,0,0,0,0,,,,,,,,,,,,,,,,
190.709,0,0,0,0,0,0,0,0,12,0,0,0,0,69,30,3,3829,0,0,0,0,2,309,0,0,0,24,0,0,0,0,0,0,0,0,0,49,0,0,405,81,0,0,0,0,0,0,0,0,0,0,0,0,0,0,0,0,0,0,0,1,0,0,0,0,0,0,0,,,,,,,,,,,,,,,,
190.709,0,0,0,0,0,0,0,0,12,0,0,0,0,69,30,3,3829,0,0,0,0,2,309,0,0,0,24,0,0,0,0,0,0,0,0,0,49,0,0,192,81,0,0,0,0,0,0,0,0,0,0,0,0,0,0,0,0,0,0,0,1,0,0,0,0,0,0,0,,,,,,,,,,,,,,,,
190.709,0,0,0,0,0,0,0,0,12,0,0,0,0,69,30,3,3829,0,0,0,0,2,309,0,0,0,24,0,0,0,0,0,0,0,0,0,75,0,0,192,81,0,0,0,0,0,0,0,0,0,0,0,0,0,0,0,0,0,0,0,1,0,0,0,0,0,0,0,,,,,,,,,,,,,,,,
191.278,0,0,0,0,0,0,0,0,12,0,0,0,0,69,30,3,3829,0,0,0,0,2,309,0,0,0,24,0,0,0,0,0,0,0,0,0,75,0,0,192,81,0,0,0,0,0,0,0,0,0,0,0,0,0,0,0,0,0,0,0,1,0,0,0,0,0,0,0,,,,,,,,,,,,,,,,
191.278,0,0,0,0,0,0,0,0,12,0,0,0,0,69,30,3,3829,0,0,0,0,2,309,0,0,0,24,0,0,0,0,0,0,0,0,0,75,0,0,192,81,0,0,0,0,0,0,0,0,0,0,0,0,0,0,0,0,0,0,0,1,0,0,0,0,0,0,0,,,,,,,,,,,,,,,,
191.278,0,0,0,0,0,0,0,0,12,0,0,0,0,69,30,3,3829,0,0,0,0,2,309,0,0,0,24,0,0,0,0,0,0,0,0,0,75,0,0,192,81,0,0,0,0,0,0,0,0,0,0,0,0,0,0,0,0,0,0,0,0,0,0,0,0,0,0,0,,,,,,,,,,,,,,,,
191.862,0,0,0,0,0,0,0,0,12,0,0,0,0,69,30,3,3829,0,0,0,0,2,309,0,0,0,24,0,0,0,0,0,0,0,0,0,75,0,0,192,81,0,0,0,0,0,0,0,0,0,0,0,0,0,0,0,0,0,0,0,0,0,0,0,0,0,0,0,,,,,,,,,,,,,,,,
191.862,0,0,0,0,0,0,0,0,12,0,0,0,0,69,30,3,3829,0,0,0,0,2,309,0,0,0,24,0,0,0,0,0,0,0,0,0,75,0,0,192,81,0,0,0,0,0,0,0,0,0,0,0,0,0,0,0,0,0,0,0,0,0,0,0,0,0,0,0,,,,,,,,,,,,,,,,
191.862,0,0,0,0,0,0,0,0,12,0,0,0,0,69,30,3,3829,0,0,0,0,2,309,0,0,0,24,0,0,0,0,0,0,0,0,0,75,0,0,192,81,0,0,0,0,0,0,0,0,0,0,0,0,0,0,0,0,0,0,0,0,0,0,0,0,0,0,0,,,,,,,,,,,,,,,,
191.862,0,0,0,0,0,0,0,0,12,0,0,0,0,69,30,3,2140,0,0,0,0,2,309,0,0,0,24,0,0,0,0,0,0,0,0,0,75,0,0,192,81,0,0,0,0,0,0,0,0,0,0,0,0,0,0,0,0,0,0,0,0,0,0,0,0,0,0,0,,,,,,,,,,,,,,,,
192.460,0,0,0,0,0,0,0,0,12,0,0,0,0,69,30,3,2140,0,0,0,0,2,309,0,0,0,24,0,0,0,0,0,0,0,0,0,75,0,0,192,81,0,0,0,0,0,0,0,0,0,0,0,0,0,0,0,0,0,0,0,0,0,0,0,0,0,0,0,,,,,,,,,,,,,,,,
192.460,0,0,0,0,0,0,0,0,12,0,0,0,0,69,30,3,2140,0,0,0,0,2,309,0,0,0,24,0,0,0,0,0,0,0,0,0,75,0,0,192,81,0,0,0,0,0,0,0,0,0,0,0,0,0,0,0,0,0,0,0,0,0,0,0,0,0,0,0,,,,,,,,,,,,,,,,
192.460,0,0,0,0,0,0,0,0,12,0,0,0,0,69,30,3,2140,0,0,0,0,2,309,0,0,0,24,0,0,0,0,0,0,0,0,0,75,0,0,192,81,0,0,0,0,0,0,0,0,0,0,0,0,0,0,0,0,0,0,0,0,0,0,0,0,0,0,0,,,,,,,,,,,,,,,,
192.460,0,0,0,0,0,0,0,0,12,0,0,0,0,69,30,3,2140,0,0,0,0,2,309,0,0,0,24,0,0,0,0,0,0,0,0,0,75,0,0,192,81,0,0,0,0,0,0,0,0,0,0,0,0,0,0,0,0,0,0,0,0,0,0,0,0,0,0,0,,,,,,,,,,,,,,,,
192.996,0,0,0,0,0,0,0,0,12,0,0,0,0,69,30,3,2140,0,0,0,0,2,309,0,0,0,23,0,0,0,0,0,0,0,0,0,75,0,0,192,81,0,0,0,0,0,0,0,0,0,0,0,0,0,0,0,0,0,0,0,0,0,0,0,0,0,0,0,,,,,,,,,,,,,,,,
192.996,0,0,0,0,0,0,0,0,12,0,0,0,0,69,30,3,2140,0,0,0,0,2,309,0,0,0,23,0,0,0,0,0,0,0,0,0,75,0,0,192,81,0,0,0,0,0,0,0,0,0,0,0,0,0,0,0,0,0,0,0,0,0,0,0,0,0,0,0,,,,,,,,,,,,,,,,
192.996,0,0,0,0,0,0,0,0,12,0,0,0,0,69,30,3,2140,0,0,0,0,2,309,0,0,0,23,0,0,0,0,0,0,0,0,0,75,0,0,192,81,0,0,0,0,0,0,0,0,0,0,0,0,0,0,0,0,0,0,0,0,0,0,0,0,0,0,0,,,,,,,,,,,,,,,,
193.631,0,0,0,0,0,0,0,0,12,0,0,0,0,69,30,3,2140,0,0,0,0,2,310,0,0,0,23,0,0,0,0,0,0,0,0,0,75,0,0,192,81,0,0,0,0,0,0,0,0,0,0,0,0,0,0,0,0,0,0,0,0,0,0,0,0,0,0,0,,,,,,,,,,,,,,,,
193.631,0,0,0,0,0,0,0,0,12,0,0,0,0,69,30,3,2140,0,0,0,0,2,310,0,0,0,23,0,0,0,0,0,0,0,0,0,75,0,0,163,81,0,0,0,0,0,0,0,0,0,0,0,0,0,0,0,0,0,0,0,0,0,0,0,0,0,0,0,,,,,,,,,,,,,,,,
193.631,0,0,0,0,0,0,0,0,12,0,0,0,0,69,30,3,2140,0,0,0,0,2,310,0,0,0,23,0,0,0,0,0,0,0,0,0,76,0,0,163,81,0,0,0,0,0,0,0,0,0,0,0,0,0,0,0,0,0,0,0,0,0,0,0,0,0,0,0,,,,,,,,,,,,,,,,
194.215,0,0,0,0,0,0,0,0,12,0,0,0,0,69,30,3,2140,0,0,0,0,2,310,0,0,0,23,0,0,0,0,0,0,0,0,0,76,0,0,163,81,0,0,0,0,0,0,0,0,0,0,0,0,0,0,0,0,0,0,0,0,0,0,0,0,0,0,0,,,,,,,,,,,,,,,,
194.215,0,0,0,0,0,0,0,0,12,0,0,0,0,69,30,3,2140,0,0,0,0,2,310,0,0,0,23,0,0,0,0,0,0,0,0,0,76,0,0,163,81,0,0,0,0,0,0,0,0,0,0,0,0,0,0,0,0,0,0,0,0,0,0,0,0,0,0,0,,,,,,,,,,,,,,,,
194.215,0,0,0,0,0,0,0,0,12,0,0,0,0,69,30,3,2140,0,0,0,0,2,310,0,0,0,23,0,0,0,0,0,0,0,0,0,76,0,0,163,81,0,0,0,0,0,0,0,0,0,0,0,0,0,0,0,0,0,0,0,0,0,0,0,0,0,0,0,,,,,,,,,,,,,,,,
194.783,0,0,0,0,0,0,0,0,12,0,0,0,0,69,30,3,2140,0,0,0,0,2,310,0,0,0,23,0,0,0,0,0,0,0,0,0,76,0,0,163,81,0,0,0,0,0,0,0,0,0,0,0,0,0,0,0,0,0,0,0,0,0,0,0,0,0,0,0,,,,,,,,,,,,,,,,
194.783,0,0,0,0,0,0,0,0,12,0,0,0,0,69,30,3,2140,0,0,0,0,2,310,0,0,0,23,0,0,0,0,0,0,0,0,0,76,0,0,163,81,0,0,0,0,0,0,0,0,0,0,0,0,0,0,0,0,0,0,0,0,0,0,0,0,0,0,0,,,,,,,,,,,,,,,,
194.783,0,0,0,0,0,0,0,0,12,0,0,0,0,69,30,3,2140,0,0,0,0,2,310,0,0,0,23,0,0,0,0,0,0,0,0,0,76,0,0,163,81,0,0,0,0,0,0,0,0,0,0,0,0,0,0,0,0,0,0,0,0,0,0,0,0,0,0,0,,,,,,,,,,,,,,,,
195.634,0,0,0,0,0,0,0,0,12,0,0,0,0,69,30,3,2140,0,0,0,0,2,309,0,0,0,23,0,0,0,0,0,0,0,0,0,76,0,0,163,81,0,0,0,0,0,0,0,0,0,0,0,0,0,0,0,0,0,0,0,0,0,0,0,0,0,0,0,,,,,,,,,,,,,,,,
195.634,0,0,0,0,0,0,0,0,12,0,0,0,0,69,30,3,2140,0,0,0,0,2,309,0,0,0,23,0,0,0,0,0,0,0,0,0,76,0,0,176,81,0,0,0,0,0,0,0,0,0,0,0,0,0,0,0,0,0,0,0,0,0,0,0,0,0,0,0,,,,,,,,,,,,,,,,
195.634,0,0,0,0,0,0,0,0,12,0,0,0,0,69,30,3,2140,0,0,0,0,2,309,0,0,0,23,0,0,0,0,0,0,0,0,0,76,0,0,176,81,0,0,0,0,0,0,0,0,0,0,0,0,0,0,0,0,0,0,0,0,0,0,0,0,0,0,0,,,,,,,,,,,,,,,,
196.199,0,0,0,0,0,0,0,0,12,0,0,0,0,69,30,3,2140,0,0,0,0,2,309,0,0,0,22,0,0,0,0,0,0,0,0,0,76,0,0,176,81,0,0,0,0,0,0,0,0,0,0,0,0,0,0,0,0,0,0,0,0,0,0,0,0,0,0,0,,,,,,,,,,,,,,,,
196.199,0,0,0,0,0,0,0,0,12,0,0,0,0,70,30,3,2140,0,0,0,0,2,309,0,0,0,22,0,0,0,0,0,0,0,0,0,76,0,0,176,81,0,0,0,0,0,0,0,0,0,0,0,0,0,0,0,0,0,0,0,0,0,0,0,0,0,0,0,,,,,,,,,,,,,,,,
196.199,0,0,0,0,0,0,0,0,12,0,0,0,0,70,30,3,2140,0,0,0,0,2,309,0,0,0,22,0,0,0,0,0,0,0,0,0,76,0,0,176,81,0,0,0,0,0,0,0,0,0,0,0,0,0,0,0,0,0,0,0,0,0,0,0,0,0,0,0,,,,,,,,,,,,,,,,
196.765,0,0,0,0,0,0,0,0,12,0,0,0,0,70,30,3,2140,0,0,0,0,2,309,0,0,0,22,0,0,0,0,0,0,0,0,0,76,0,0,176,81,0,0,0,0,0,0,0,0,0,0,0,0,0,0,0,0,0,0,0,0,0,0,0,0,0,0,0,,,,,,,,,,,,,,,,
196.765,0,0,0,0,0,0,0,0,12,0,0,0,0,70,30,3,2140,0,0,0,0,2,309,0,0,0,22,0,0,0,0,0,0,0,0,0,76,0,0,176,81,0,0,0,0,0,0,0,0,0,0,0,0,0,0,0,0,0,0,0,0,0,0,0,0,0,0,0,,,,,,,,,,,,,,,,
196.770,0,0,0,0,0,0,0,0,12,0,0,0,0,70,30,3,2140,0,0,0,0,2,309,0,0,0,22,0,0,0,0,0,0,0,0,0,76,0,0,176,81,0,0,0,0,0,0,0,0,0,0,0,0,0,0,0,0,0,0,0,0,0,0,0,0,0,0,0,,,,,,,,,,,,,,,,
196.770,0,0,0,0,0,0,0,0,12,0,0,0,0,70,30,3,2140,0,0,0,0,2,309,0,0,0,22,0,0,0,0,0,0,0,0,0,76,0,0,176,81,0,0,0,0,0,0,0,0,0,0,0,0,0,0,0,0,0,0,0,0,0,0,0,0,0,0,0,,,,,,,,,,,,,,,,
197.647,0,0,0,0,0,0,0,0,12,0,0,0,0,70,30,3,2140,0,0,0,0,2,310,0,0,0,22,0,0,0,0,0,0,0,0,0,76,0,0,176,81,0,0,0,0,0,0,0,0,0,0,0,0,0,0,0,0,0,0,0,0,0,0,0,0,0,0,0,,,,,,,,,,,,,,,,
197.647,0,0,0,0,0,0,0,0,12,0,0,0,0,70,30,3,2140,0,0,0,0,2,310,0,0,0,22,0,0,0,0,0,0,0,0,0,76,0,0,180,81,0,0,0,0,0,0,0,0,0,0,0,0,0,0,0,0,0,0,0,0,0,0,0,0,0,0,0,,,,,,,,,,,,,,,,
197.647,0,0,0,0,0,0,0,0,12,0,0,0,0,70,30,3,2140,0,0,0,0,2,310,0,0,0,22,0,0,0,0,0,0,0,0,0,76,0,0,180,81,0,0,0,0,0,0,0,0,0,0,0,0,0,0,0,0,0,0,0,0,0,0,0,0,0,0,0,,,,,,,,,,,,,,,,
198.200,0,0,0,0,0,0,0,0,12,0,0,0,0,70,30,3,2140,0,0,0,0,2,310,0,0,0,22,0,0,0,0,0,0,0,0,0,76,0,0,180,81,0,0,0,0,0,0,0,0,0,0,0,0,0,0,0,0,0,0,0,0,0,0,0,0,0,0,0,,,,,,,,,,,,,,,,
198.200,0,0,0,0,0,0,0,0,12,0,0,0,0,70,30,3,2140,0,0,0,0,2,310,0,0,0,22,0,0,0,0,0,0,0,0,0,76,0,0,180,81,0,0,0,0,0,0,0,0,0,0,0,0,0,0,0,0,0,0,0,0,0,0,0,0,0,0,0,,,,,,,,,,,,,,,,
198.200,0,0,0,0,0,0,0,0,12,0,0,0,0,70,30,3,2140,0,0,0,0,2,310,0,0,0,22,0,0,0,0,0,0,0,0,0,76,0,0,180,81,0,0,0,0,0,0,0,0,0,0,0,0,0,0,0,0,0,0,0,0,0,0,0,0,0,0,0,,,,,,,,,,,,,,,,
198.771,0,0,0,0,0,0,0,0,12,0,0,0,0,70,30,3,2140,0,0,0,0,2,310,0,0,0,22,0,0,0,0,0,0,0,0,0,76,0,0,180,81,0,0,0,0,0,0,0,0,0,0,0,0,0,0,0,0,0,0,0,0,0,0,0,0,0,0,0,,,,,,,,,,,,,,,,
198.771,0,0,0,0,0,0,0,0,12,0,0,0,0,70,30,3,2140,0,0,0,0,2,310,0,0,0,22,0,0,0,0,0,0,0,0,0,76,0,0,180,81,0,0,0,0,0,0,0,0,0,0,0,0,0,0,0,0,0,0,0,0,0,0,0,0,0,0,0,,,,,,,,,,,,,,,,
198.771,0,0,0,0,0,0,0,0,12,0,0,0,0,70,30,3,2140,0,0,0,0,2,310,0,0,0,22,0,0,0,0,0,0,0,0,0,76,0,0,180,81,0,0,0,0,0,0,0,0,0,0,0,0,0,0,0,0,0,0,0,0,0,0,0,0,0,0,0,,,,,,,,,,,,,,,,
199.342,0,0,0,0,0,0,0,0,12,0,0,0,0,70,30,3,2140,0,0,0,0,2,310,0,0,0,22,0,0,0,0,0,0,0,0,0,76,0,0,180,81,0,0,0,0,0,0,0,0,0,0,0,0,0,0,0,0,0,0,0,0,0,0,0,0,0,0,0,,,,,,,,,,,,,,,,
199.342,0,0,0,0,0,0,0,0,12,0,0,0,0,70,30,3,2140,0,0,0,0,2,310,0,0,0,22,0,0,0,0,0,0,0,0,0,76,0,0,180,81,0,0,0,0,0,0,0,0,0,0,0,0,0,0,0,0,0,0,0,0,0,0,0,0,0,0,0,,,,,,,,,,,,,,,,
199.342,0,0,0,0,0,0,0,0,12,0,0,0,0,70,30,3,2140,0,0,0,0,2,310,0,0,0,22,0,0,0,0,0,0,0,0,0,76,0,0,180,81,0,0,0,0,0,0,0,0,0,0,0,0,0,0,0,0,0,0,0,0,0,0,0,0,0,0,0,,,,,,,,,,,,,,,,
199.342,0,0,0,0,0,0,0,0,12,0,0,0,0,70,30,3,1977,0,0,0,0,2,310,0,0,0,22,0,0,0,0,0,0,0,0,0,76,0,0,180,81,0,0,0,0,0,0,0,0,0,0,0,0,0,0,0,0,0,0,0,0,0,0,0,0,0,0,0,,,,,,,,,,,,,,,,
199.910,0,0,0,0,0,0,0,0,12,0,0,0,0,70,30,3,1977,0,0,0,0,2,310,0,0,0,22,0,0,0,0,0,0,0,0,0,76,0,0,180,81,0,0,0,0,0,0,0,0,0,0,0,0,0,0,0,0,0,0,0,0,0,0,0,0,0,0,0,,,,,,,,,,,,,,,,
199.910,0,0,0,0,0,0,0,0,12,0,0,0,0,70,30,3,1977,0,0,0,0,2,310,0,0,0,22,0,0,0,0,0,0,0,0,0,76,0,0,189,81,0,0,0,0,0,0,0,0,0,0,0,0,0,0,0,0,0,0,0,0,0,0,0,0,0,0,0,,,,,,,,,,,,,,,,
199.910,0,0,0,0,0,0,0,0,12,0,0,0,0,70,30,3,1977,0,0,0,0,2,310,0,0,0,22,0,0,0,0,0,0,0,0,0,75,0,0,189,81,0,0,0,0,0,0,0,0,0,0,0,0,0,0,0,0,0,0,0,0,0,0,0,0,0,0,0,,,,,,,,,,,,,,,,
200.483,0,0,0,0,0,0,0,0,12,0,0,0,0,70,30,3,1977,0,0,0,0,2,310,0,0,0,22,0,0,0,0,0,0,0,0,0,75,0,0,189,81,0,0,0,0,0,0,0,0,0,0,0,0,0,0,0,0,0,0,0,0,0,0,0,0,0,0,0,,,,,,,,,,,,,,,,
200.483,0,0,0,0,0,0,0,0,12,0,0,0,0,70,30,3,1977,0,0,0,0,2,310,0,0,0,22,0,0,0,0,0,0,0,0,0,75,0,0,189,81,0,0,0,0,0,0,0,0,0,0,0,0,0,0,0,0,0,0,0,0,0,0,0,0,0,0,0,,,,,,,,,,,,,,,,
200.483,0,0,0,0,0,0,0,0,12,0,0,0,0,70,30,3,1977,0,0,0,0,2,310,0,0,0,22,0,0,0,0,0,0,0,0,0,75,0,0,189,81,0,0,0,0,0,0,0,0,0,0,0,0,0,0,0,0,0,0,0,0,0,0,0,0,0,0,0,,,,,,,,,,,,,,,,
201.632,0,0,0,0,0,0,0,0,12,0,0,0,0,70,30,3,1977,0,0,0,0,2,309,0,0,0,22,0,0,0,0,0,0,0,0,0,75,0,0,189,81,0,0,0,0,0,0,0,0,0,0,0,0,0,0,0,0,0,0,0,0,0,0,0,0,0,0,0,,,,,,,,,,,,,,,,
201.632,0,0,0,0,0,0,0,0,12,0,0,0,0,70,30,3,1977,0,0,0,0,2,309,0,0,0,22,0,0,0,0,0,0,0,0,0,75,0,0,181,81,0,0,0,0,0,0,0,0,0,0,0,0,0,0,0,0,0,0,0,0,0,0,0,0,0,0,0,,,,,,,,,,,,,,,,
201.632,0,0,0,0,0,0,0,0,12,0,0,0,0,70,30,3,1977,0,0,0,0,2,309,0,0,0,22,0,0,0,0,0,0,0,0,0,75,0,0,181,81,0,0,0,0,0,0,0,0,0,0,0,0,0,0,0,0,0,0,0,0,0,0,0,0,0,0,0,,,,,,,,,,,,,,,,
202.207,0,0,0,0,0,0,0,0,12,0,0,0,0,70,30,3,1977,0,0,0,0,2,309,0,0,0,22,0,0,0,0,0,0,0,0,0,75,0,0,181,81,0,0,0,0,0,0,0,0,0,0,0,0,0,0,0,0,0,0,0,0,0,0,0,0,0,0,0,,,,,,,,,,,,,,,,
202.207,0,0,0,0,0,0,0,0,12,0,0,0,0,70,30,3,1977,0,0,0,0,2,309,0,0,0,22,0,0,0,0,0,0,0,0,0,75,0,0,181,81,0,0,0,0,0,0,0,0,0,0,0,0,0,0,0,0,0,0,0,0,0,0,0,0,0,0,0,,,,,,,,,,,,,,,,
202.207,0,0,0,0,0,0,0,0,12,0,0,0,0,70,30,3,1977,0,0,0,0,2,309,0,0,0,22,0,0,0,0,0,0,0,0,0,75,0,0,181,81,0,0,0,0,0,0,0,0,0,0,0,0,0,0,0,0,0,0,0,0,0,0,0,0,0,0,0,,,,,,,,,,,,,,,,
202.207,0,0,0,0,0,0,0,0,12,0,0,0,0,70,30,3,1977,0,0,0,0,2,309,0,0,0,22,0,0,0,0,0,0,0,0,0,75,0,0,181,81,0,0,0,0,0,0,0,0,0,0,0,0,0,0,0,0,0,0,0,0,0,0,0,0,0,0,0,,,,,,,,,,,,,,,,
202.774,0,0,0,0,0,0,0,0,12,0,0,0,0,70,30,3,1977,0,0,0,0,2,309,0,0,0,22,0,0,0,0,0,0,0,0,0,75,0,0,181,81,0,0,0,0,0,0,0,0,0,0,0,0,0,0,0,0,0,0,0,0,0,0,0,0,0,0,0,,,,,,,,,,,,,,,,
202.774,0,0,0,0,0,0,0,0,12,0,0,0,0,70,30,3,1977,0,0,0,0,2,309,0,0,0,22,0,0,0,0,0,0,0,0,0,75,0,0,181,81,0,0,0,0,0,0,0,0,0,0,0,0,0,0,0,0,0,0,0,0,0,0,0,0,0,0,0,,,,,,,,,,,,,,,,
202.774,0,0,0,0,0,0,0,0,12,0,0,0,0,70,30,3,1977,0,0,0,0,2,309,0,0,0,22,0,0,0,0,0,0,0,0,0,75,0,0,181,81,0,0,0,0,0,0,0,0,0,0,0,0,0,0,0,0,0,0,0,0,0,0,0,0,0,0,0,,,,,,,,,,,,,,,,
203.355,0,0,0,0,0,0,0,0,12,0,0,0,0,70,30,3,1977,0,0,0,0,2,309,0,0,0,22,0,0,0,0,0,0,0,0,0,75,0,0,181,81,0,0,0,0,0,0,0,0,0,0,0,0,0,0,0,0,0,0,0,0,0,0,0,0,0,0,0,,,,,,,,,,,,,,,,
203.355,0,0,0,0,0,0,0,0,12,0,0,0,0,70,30,3,1977,0,0,0,0,2,309,0,0,0,22,0,0,0,0,0,0,0,0,0,75,0,0,181,81,0,0,0,0,0,0,0,0,0,0,0,0,0,0,0,0,0,0,0,0,0,0,0,0,0,0,0,,,,,,,,,,,,,,,,
203.355,0,0,0,0,0,0,0,0,12,0,0,0,0,70,30,3,1977,0,0,0,0,2,309,0,0,0,22,0,0,0,0,0,0,0,0,0,75,0,0,181,81,0,0,0,0,0,0,0,0,0,0,0,0,0,0,0,0,0,0,0,0,0,0,0,0,0,0,0,,,,,,,,,,,,,,,,
203.916,0,0,0,0,0,0,0,0,12,0,0,0,0,70,30,3,1977,0,0,0,0,2,309,0,0,0,22,0,0,0,0,0,0,0,0,0,75,0,0,181,81,0,0,0,0,0,0,0,0,0,0,0,0,0,0,0,0,0,0,0,0,0,0,0,0,0,0,0,,,,,,,,,,,,,,,,
203.916,0,0,0,0,0,0,0,0,12,0,0,0,0,70,30,3,1977,0,0,0,0,2,309,0,0,0,22,0,0,0,0,0,0,0,0,0,75,0,0,186,81,0,0,0,0,0,0,0,0,0,0,0,0,0,0,0,0,0,0,0,0,0,0,0,0,0,0,0,,,,,,,,,,,,,,,,
203.916,0,0,0,0,0,0,0,0,12,0,0,0,0,70,30,3,1977,0,0,0,0,2,309,0,0,0,22,0,0,0,0,0,0,0,0,0,75,0,0,186,81,0,0,0,0,0,0,0,0,0,0,0,0,0,0,0,0,0,0,0,0,0,0,0,0,0,0,0,,,,,,,,,,,,,,,,
204.522,0,0,0,0,0,0,0,0,12,0,0,0,0,70,30,3,1977,0,0,0,0,2,309,0,0,0,22,0,0,0,0,0,0,0,0,0,75,0,0,186,81,0,0,0,0,0,0,0,0,0,0,0,0,0,0,0,0,0,0,0,0,0,0,0,0,0,0,0,,,,,,,,,,,,,,,,
204.522,0,0,0,0,0,0,0,0,12,0,0,0,0,70,30,3,1977,0,0,0,0,2,309,0,0,0,22,0,0,0,0,0,0,0,0,0,75,0,0,186,81,0,0,0,0,0,0,0,0,0,0,0,0,0,0,0,0,0,0,0,0,0,0,0,0,0,0,0,,,,,,,,,,,,,,,,
204.522,0,0,0,0,0,0,0,0,12,0,0,0,0,70,30,3,1977,0,0,0,0,2,309,0,0,0,22,0,0,0,0,0,0,0,0,0,75,0,0,186,80,0,0,0,0,0,0,0,0,0,0,0,0,0,0,0,0,0,0,0,0,0,0,0,0,0,0,0,,,,,,,,,,,,,,,,
205.651,0,0,0,0,0,0,0,0,12,0,0,0,0,70,30,3,1977,0,0,0,0,2,311,0,0,0,22,0,0,0,0,0,0,0,0,0,75,0,0,186,80,0,0,0,0,0,0,0,0,0,0,0,0,0,0,0,0,0,0,0,0,0,0,0,0,0,0,0,,,,,,,,,,,,,,,,
205.651,0,0,0,0,0,0,0,0,12,0,0,0,0,70,30,3,1977,0,0,0,0,2,311,0,0,0,22,0,0,0,0,0,0,0,0,0,75,0,0,173,80,0,0,0,0,0,0,0,0,0,0,0,0,0,0,0,0,0,0,0,0,0,0,0,0,0,0,0,,,,,,,,,,,,,,,,
205.651,0,0,0,0,0,0,0,0,12,0,0,0,0,70,30,3,1977,0,0,0,0,2,311,0,0,0,22,0,0,0,0,0,0,0,0,0,76,0,0,173,80,0,0,0,0,0,0,0,0,0,0,0,0,0,0,0,0,0,0,0,0,0,0,0,0,0,0,0,,,,,,,,,,,,,,,,
206.203,0,0,0,0,0,0,0,0,12,0,0,0,0,70,30,3,1977,0,0,0,0,2,311,0,0,0,22,0,0,0,0,0,0,0,0,0,76,0,0,173,80,0,0,0,0,0,0,0,0,0,0,0,0,0,0,0,0,0,0,0,0,0,0,0,0,0,0,0,,,,,,,,,,,,,,,,
206.203,0,0,0,0,0,0,0,0,12,0,0,0,0,70,30,3,1977,0,0,0,0,2,311,0,0,0,22,0,0,0,0,0,0,0,0,0,76,0,0,173,80,0,0,0,0,0,0,0,0,0,0,0,0,0,0,0,0,0,0,0,0,0,0,0,0,0,0,0,,,,,,,,,,,,,,,,
206.203,0,0,0,0,0,0,0,0,12,0,0,0,0,70,30,3,1977,0,0,0,0,2,311,0,0,0,22,0,0,0,0,0,0,0,0,0,76,0,0,173,80,0,0,0,0,0,0,0,0,0,0,0,0,0,0,0,0,0,0,0,0,0,0,0,0,0,0,0,,,,,,,,,,,,,,,,
206.777,0,0,0,0,0,0,0,0,12,0,0,0,0,70,30,3,1977,0,0,0,0,2,311,0,0,0,22,0,0,0,0,0,0,0,0,0,76,0,0,173,80,0,0,0,0,0,0,0,0,0,0,0,0,0,0,0,0,0,0,0,0,0,0,0,0,0,0,0,,,,,,,,,,,,,,,,
206.777,0,0,0,0,0,0,0,0,12,0,0,0,0,70,30,3,1977,0,0,0,0,2,311,0,0,0,22,0,0,0,0,0,0,0,0,0,76,0,0,173,80,0,0,0,0,0,0,0,0,0,0,0,0,0,0,0,0,0,0,0,0,0,0,0,0,0,0,0,,,,,,,,,,,,,,,,
206.777,0,0,0,0,0,0,0,0,12,0,0,0,0,70,30,3,1977,0,0,0,0,2,311,0,0,0,22,0,0,0,0,0,0,0,0,0,76,0,0,173,80,0,0,0,0,0,0,0,0,0,0,0,0,0,0,0,0,0,0,0,0,0,0,0,0,0,0,0,,,,,,,,,,,,,,,,
206.777,0,0,0,0,0,0,0,0,12,0,0,0,0,70,30,3,1977,0,0,0,0,2,311,0,0,0,22,0,0,0,0,0,0,0,0,0,76,0,0,173,80,0,0,0,0,0,0,0,0,0,0,0,0,0,0,0,0,0,0,0,0,0,0,0,0,0,0,0,,,,,,,,,,,,,,,,
207.364,0,0,0,0,0,0,0,0,12,0,0,0,0,70,30,3,1977,0,0,0,0,2,311,0,0,0,22,0,0,0,0,0,0,0,0,0,76,0,0,173,80,0,0,0,0,0,0,0,0,0,0,0,0,0,0,0,0,0,0,0,0,0,0,0,0,0,0,0,,,,,,,,,,,,,,,,
207.364,0,0,0,0,0,0,0,0,12,0,0,0,0,70,30,3,1977,0,0,0,0,2,311,0,0,0,22,0,0,0,0,0,0,0,0,0,76,0,0,173,80,0,0,0,0,0,0,0,0,0,0,0,0,0,0,0,0,0,0,0,0,0,0,0,0,0,0,0,,,,,,,,,,,,,,,,
207.364,0,0,0,0,0,0,0,0,12,0,0,0,0,70,30,3,1977,0,0,0,0,2,311,0,0,0,22,0,0,0,0,0,0,0,0,0,76,0,0,173,80,0,0,0,0,0,0,0,0,0,0,0,0,0,0,0,0,0,0,0,0,0,0,0,0,0,0,0,,,,,,,,,,,,,,,,
207.364,0,0,0,0,0,0,0,0,12,0,0,0,0,70,30,3,2004,0,0,0,0,2,311,0,0,0,22,0,0,0,0,0,0,0,0,0,76,0,0,173,80,0,0,0,0,0,0,0,0,0,0,0,0,0,0,0,0,0,0,0,0,0,0,0,0,0,0,0,,,,,,,,,,,,,,,,
207.928,0,0,0,0,0,0,0,0,12,0,0,0,0,70,30,3,2004,0,0,0,0,2,308,0,0,0,22,0,0,0,0,0,0,0,0,0,76,0,0,173,80,0,0,0,0,0,0,0,0,0,0,0,0,0,0,0,0,0,0,0,0,0,0,0,0,0,0,0,,,,,,,,,,,,,,,,
207.928,0,0,0,0,0,0,0,0,12,0,0,0,0,70,30,3,2004,0,0,0,0,2,308,0,0,0,22,0,0,0,0,0,0,0,0,0,76,0,0,190,80,0,0,0,0,0,0,0,0,0,0,0,0,0,0,0,0,0,0,0,0,0,0,0,0,0,0,0,,,,,,,,,,,,,,,,
207.928,0,0,0,0,0,0,0,0,12,0,0,0,0,70,30,3,2004,0,0,0,0,2,308,0,0,0,22,0,0,0,0,0,0,0,0,0,76,0,0,190,80,0,0,0,0,0,0,0,0,0,0,0,0,0,0,0,0,0,0,0,0,0,0,0,0,0,0,0,,,,,,,,,,,,,,,,
208.503,0,0,0,0,0,0,0,0,12,0,0,0,0,70,30,3,2004,0,0,0,0,2,308,0,0,0,22,0,0,0,0,0,0,0,0,0,76,0,0,190,80,0,0,0,0,0,0,0,0,0,0,0,0,0,0,0,0,0,0,0,0,0,0,0,0,0,0,0,,,,,,,,,,,,,,,,
208.503,0,0,0,0,0,0,0,0,12,0,0,0,0,70,30,3,2004,0,0,0,0,3,308,0,0,0,22,0,0,0,0,0,0,0,0,0,76,0,0,190,80,0,0,0,0,0,0,0,0,0,0,0,0,0,0,0,0,0,0,0,0,0,0,0,0,0,0,0,,,,,,,,,,,,,,,,
208.503,0,0,0,0,0,0,0,0,12,0,0,0,0,70,30,3,2004,0,0,0,0,3,308,0,0,0,22,0,0,0,0,0,0,0,0,0,76,0,0,190,80,0,0,0,0,0,0,0,0,0,0,0,0,0,0,0,0,0,0,0,0,0,0,0,0,0,0,0,,,,,,,,,,,,,,,,
209.068,0,0,0,0,0,0,0,0,12,0,0,0,0,70,30,3,2004,0,0,0,0,3,308,0,0,0,22,0,0,0,0,0,0,0,0,0,76,0,0,190,80,0,0,0,0,0,0,0,0,0,0,0,0,0,0,0,0,0,0,0,0,0,0,0,0,0,0,0,,,,,,,,,,,,,,,,
209.068,0,0,0,0,0,0,0,0,12,0,0,0,0,70,30,3,2004,0,0,0,0,3,308,0,0,0,22,0,0,0,0,0,0,0,0,0,76,0,0,190,80,0,0,0,0,0,0,0,0,0,0,0,0,0,0,0,0,0,0,0,0,0,0,0,0,0,0,0,,,,,,,,,,,,,,,,
209.068,0,0,0,0,0,0,0,0,12,0,0,0,0,70,30,3,2004,0,0,0,0,3,308,0,0,0,22,0,0,0,0,0,0,0,0,0,76,0,0,190,80,0,0,0,0,0,0,0,0,0,0,0,0,0,0,0,0,0,0,0,0,0,0,0,0,0,0,0,,,,,,,,,,,,,,,,
209.652,0,0,0,0,0,0,0,0,12,0,0,0,0,70,30,3,2004,0,0,0,0,3,309,0,0,0,22,0,0,0,0,0,0,0,0,0,76,0,0,190,80,0,0,0,0,0,0,0,0,0,0,0,0,0,0,0,0,0,0,0,0,0,0,0,0,0,0,0,,,,,,,,,,,,,,,,
209.652,0,0,0,0,0,0,0,0,12,0,0,0,0,70,30,3,2004,0,0,0,0,3,309,0,0,0,22,0,0,0,0,0,0,0,0,0,76,0,0,194,80,0,0,0,0,0,0,0,0,0,0,0,0,0,0,0,0,0,0,0,0,0,0,0,0,0,0,0,,,,,,,,,,,,,,,,
209.652,0,0,0,0,0,0,0,0,12,0,0,0,0,70,30,3,2004,0,0,0,0,3,309,0,0,0,22,0,0,0,0,0,0,0,0,0,76,0,0,194,80,0,0,0,0,0,0,0,0,0,0,0,0,0,0,0,0,0,0,0,0,0,0,0,0,0,0,0,,,,,,,,,,,,,,,,
210.213,0,0,0,0,0,0,0,0,12,0,0,0,0,70,30,3,2004,0,0,0,0,3,309,0,0,0,22,0,0,0,0,0,0,0,0,0,76,0,0,194,80,0,0,0,0,0,0,0,0,0,0,0,0,0,0,0,0,0,0,0,0,0,0,0,0,0,0,0,,,,,,,,,,,,,,,,
210.213,0,0,0,0,0,0,0,0,12,0,0,0,0,70,30,3,2004,0,0,0,0,3,309,0,0,0,22,0,0,0,0,0,0,0,0,0,76,0,0,194,80,0,0,0,0,0,0,0,0,0,0,0,0,0,0,0,0,0,0,0,0,0,0,0,0,0,0,0,,,,,,,,,,,,,,,,
210.213,0,0,0,0,0,0,0,0,12,0,0,0,0,70,30,3,2004,0,0,0,0,3,309,0,0,0,22,0,0,0,0,0,0,0,0,0,76,0,0,194,80,0,0,0,0,0,0,0,0,0,0,0,0,0,0,0,0,0,0,0,0,0,0,0,0,0,0,0,,,,,,,,,,,,,,,,
211.646,0,0,0,0,0,0,0,0,12,0,0,0,0,70,30,3,2004,0,0,0,0,3,309,0,0,0,22,0,0,0,0,0,0,0,0,0,76,0,0,194,80,0,0,0,0,0,0,0,0,0,0,0,0,0,0,0,0,0,0,0,0,0,0,0,0,0,0,0,,,,,,,,,,,,,,,,
211.646,0,0,0,0,0,0,0,0,12,0,0,0,0,70,30,3,2004,0,0,0,0,3,309,0,0,0,22,0,0,0,0,0,0,0,0,0,76,0,0,193,80,0,0,0,0,0,0,0,0,0,0,0,0,0,0,0,0,0,0,0,0,0,0,0,0,0,0,0,,,,,,,,,,,,,,,,
211.651,0,0,0,0,0,0,0,0,12,0,0,0,0,70,30,3,2004,0,0,0,0,3,309,0,0,0,22,0,0,0,0,0,0,0,0,0,76,0,0,193,80,0,0,0,0,0,0,0,0,0,0,0,0,0,0,0,0,0,0,0,0,0,0,0,0,0,0,0,,,,,,,,,,,,,,,,
212.196,0,0,0,0,0,0,0,0,12,0,0,0,0,70,30,3,2004,0,0,0,0,3,309,0,0,0,22,0,0,0,0,0,0,0,0,0,76,0,0,193,80,0,0,0,0,0,0,0,0,0,0,0,0,0,0,0,0,0,0,0,0,0,0,0,0,0,0,0,,,,,,,,,,,,,,,,
212.196,0,0,0,0,0,0,0,0,12,0,0,0,0,70,30,3,2004,0,0,0,0,3,309,0,0,0,22,0,0,0,0,0,0,0,0,0,76,0,0,193,80,0,0,0,0,0,0,0,0,0,0,0,0,0,0,0,0,0,0,0,0,0,0,0,0,0,0,0,,,,,,,,,,,,,,,,
212.196,0,0,0,0,0,0,0,0,12,0,0,0,0,70,30,3,2004,0,0,0,0,3,309,0,0,0,22,0,0,0,0,0,0,0,0,0,76,0,0,193,80,0,0,0,0,0,0,0,0,0,0,0,0,0,0,0,0,0,0,0,0,0,0,0,0,0,0,0,,,,,,,,,,,,,,,,
212.769,0,0,0,0,0,0,0,0,12,0,0,0,0,70,30,3,2004,0,0,0,0,3,309,0,0,0,22,0,0,0,0,0,0,0,0,0,76,0,0,193,80,0,0,0,0,0,0,0,0,0,0,0,0,0,0,0,0,0,0,0,0,0,0,0,0,0,0,0,,,,,,,,,,,,,,,,
212.769,0,0,0,0,0,0,0,0,12,0,0,0,0,70,30,3,2004,0,0,0,0,3,309,0,0,0,22,0,0,0,0,0,0,0,0,0,76,0,0,193,80,0,0,0,0,0,0,0,0,0,0,0,0,0,0,0,0,0,0,0,0,0,0,0,0,0,0,0,,,,,,,,,,,,,,,,
212.769,0,0,0,0,0,0,0,0,12,0,0,0,0,70,30,3,2004,0,0,0,0,3,309,0,0,0,22,0,0,0,0,0,0,0,0,0,76,0,0,193,80,0,0,0,0,0,0,0,0,0,0,0,0,0,0,0,0,0,0,0,0,0,0,0,0,0,0,0,,,,,,,,,,,,,,,,
212.769,0,0,0,0,0,0,0,0,12,0,0,0,0,70,30,3,2004,0,0,0,0,3,309,0,0,0,22,0,0,0,0,0,0,0,0,0,76,0,0,193,80,0,0,0,0,0,0,0,0,0,0,0,0,0,0,0,0,0,0,0,0,0,0,0,0,0,0,0,,,,,,,,,,,,,,,,
238.649,0,0,0,0,0,0,0,0,12,0,0,0,0,70,30,3,2004,0,0,0,0,3,309,0,0,0,22,0,0,0,0,0,0,0,0,0,76,0,0,193,80,0,0,0,0,0,0,0,0,0,0,0,0,0,0,0,0,0,0,0,0,0,0,0,0,0,0,0,,,,,,,,,,,,,,,,
238.649,0,0,0,0,0,0,0,0,12,0,0,0,0,70,30,3,2004,0,0,0,0,3,309,0,0,0,22,0,0,0,0,0,0,0,0,0,76,0,0,169,80,0,0,0,0,0,0,0,0,0,0,0,0,0,0,0,0,0,0,0,0,0,0,0,0,0,0,0,,,,,,,,,,,,,,,,
238.649,0,0,0,0,0,0,0,0,12,0,0,0,0,70,30,3,2004,0,0,0,0,3,309,0,0,0,22,0,0,0,0,0,0,0,0,0,76,0,0,169,80,0,0,0,0,0,0,0,0,0,0,0,0,0,0,0,0,0,0,0,0,0,0,0,0,0,0,0,,,,,,,,,,,,,,,,
239.219,0,0,0,0,0,0,0,0,12,0,0,0,0,70,30,3,2004,0,0,0,0,3,309,0,0,0,21,0,0,0,0,0,0,0,0,0,76,0,0,169,80,0,0,0,0,0,0,0,0,0,0,0,0,0,0,0,0,0,0,0,0,0,0,0,0,0,0,0,,,,,,,,,,,,,,,,
239.219,0,0,0,0,0,0,0,0,12,0,0,0,0,74,30,3,2004,0,0,0,0,3,309,0,0,0,21,0,0,0,0,0,0,0,0,0,76,0,0,169,80,0,0,0,0,0,0,0,0,0,0,0,0,0,0,0,0,0,0,0,0,0,0,0,0,0,0,0,,,,,,,,,,,,,,,,
239.219,0,0,0,0,0,0,0,0,12,0,0,0,0,74,30,3,2004,0,0,0,0,3,309,0,0,0,21,0,0,0,0,0,0,0,0,0,76,0,0,169,79,0,0,0,0,0,0,0,0,0,0,0,0,0,0,0,0,0,0,0,0,0,0,0,0,0,0,0,,,,,,,,,,,,,,,,
239.812,0,0,0,0,0,0,0,0,12,0,0,0,0,74,30,3,2004,0,0,0,0,3,309,0,0,0,21,0,0,0,0,0,0,0,0,0,76,0,0,169,79,0,0,0,0,0,0,0,0,0,0,0,0,0,0,0,0,0,0,0,0,0,0,0,0,0,0,0,,,,,,,,,,,,,,,,
239.812,0,0,0,0,0,0,0,0,12,0,0,0,0,74,30,3,2004,0,0,0,0,0,309,0,0,0,21,0,0,0,0,0,0,0,0,0,76,0,0,169,79,0,0,0,0,0,0,0,0,0,0,0,0,0,0,0,0,0,0,0,0,0,0,0,0,0,0,0,,,,,,,,,,,,,,,,
239.812,0,0,0,0,0,0,0,0,12,0,0,0,0,74,30,3,2004,0,0,0,0,0,309,0,0,0,21,0,0,0,0,0,0,0,0,0,76,0,0,169,79,0,0,0,0,0,0,0,0,0,0,0,0,0,0,0,0,0,0,0,0,0,0,0,0,0,0,0,,,,,,,,,,,,,,,,
240.361,0,0,0,0,0,0,0,0,12,0,0,0,0,74,30,3,2004,0,0,0,0,0,309,0,0,0,21,0,0,0,0,0,0,0,0,0,76,0,0,169,79,0,0,0,0,0,0,0,0,0,0,0,0,0,0,0,0,0,0,0,0,0,0,0,0,0,0,0,,,,,,,,,,,,,,,,
240.361,0,0,0,0,0,0,0,0,12,0,0,0,0,74,30,3,2004,0,0,0,0,0,309,0,0,0,21,0,0,0,0,0,0,0,0,0,76,0,0,169,79,0,0,0,0,0,0,0,0,0,0,0,0,0,0,0,0,0,0,0,0,0,0,0,0,0,0,0,,,,,,,,,,,,,,,,
240.361,0,0,0,0,0,0,0,0,12,0,0,0,0,74,30,3,2004,0,0,0,0,0,309,0,0,0,21,0,0,0,0,0,0,0,0,0,76,0,0,169,79,0,0,0,0,0,0,0,0,0,0,0,0,0,0,0,0,0,0,0,0,0,0,0,0,0,0,0,,,,,,,,,,,,,,,,
240.361,0,0,0,0,0,0,0,0,12,0,0,0,0,74,30,3,2004,0,0,0,0,0,309,0,0,0,21,0,0,0,0,0,0,0,0,0,76,0,0,169,79,0,0,0,0,0,0,0,0,0,0,0,0,0,0,0,0,0,0,0,0,0,0,0,0,0,0,0,,,,,,,,,,,,,,,,
240.911,0,0,0,0,0,0,0,0,12,0,0,0,0,74,30,3,2004,0,0,0,0,0,309,0,0,0,21,0,0,0,0,0,0,0,0,0,76,0,0,169,79,0,0,0,0,0,0,0,0,0,0,0,0,0,0,0,0,0,0,0,0,0,0,0,0,0,0,0,,,,,,,,,,,,,,,,
240.911,0,0,0,0,0,0,0,0,12,0,0,0,0,74,30,3,2004,0,0,0,0,0,309,0,0,0,21,0,0,0,0,0,0,0,0,0,76,0,0,169,79,0,0,0,0,0,0,0,0,0,0,0,0,0,0,0,0,0,0,0,0,0,0,0,0,0,0,0,,,,,,,,,,,,,,,,
240.911,0,0,0,0,0,0,0,0,12,0,0,0,0,74,30,3,2004,0,0,0,0,0,309,0,0,0,21,0,0,0,0,0,0,0,0,0,76,0,0,169,79,0,0,0,0,0,0,0,0,0,0,0,0,0,0,0,0,0,0,0,0,0,0,0,0,0,0,0,,,,,,,,,,,,,,,,
240.911,0,0,0,0,0,0,0,0,12,0,0,0,0,74,30,3,2169,0,0,0,0,0,309,0,0,0,21,0,0,0,0,0,0,0,0,0,76,0,0,169,79,0,0,0,0,0,0,0,0,0,0,0,0,0,0,0,0,0,0,0,0,0,0,0,0,0,0,0,,,,,,,,,,,,,,,,
241.498,0,0,0,0,0,0,0,0,12,0,0,0,0,74,30,3,2169,0,0,0,0,0,309,0,0,0,21,0,0,0,0,0,0,0,0,0,76,0,0,169,79,0,0,0,0,0,0,0,0,0,0,0,0,0,0,0,0,0,0,0,0,0,0,0,0,0,0,0,,,,,,,,,,,,,,,,
241.498,0,0,0,0,0,0,0,0,12,0,0,0,0,74,30,3,2169,0,0,0,0,0,309,0,0,0,21,0,0,0,0,0,0,0,0,0,76,0,0,160,79,0,0,0,0,0,0,0,0,0,0,0,0,0,0,0,0,0,0,0,0,0,0,0,0,0,0,0,,,,,,,,,,,,,,,,
241.498,0,0,0,0,0,0,0,0,12,0,0,0,0,74,30,3,2169,0,0,0,0,0,309,0,0,0,21,0,0,0,0,0,0,0,0,0,76,0,0,160,79,0,0,0,0,0,0,0,0,0,0,0,0,0,0,0,0,0,0,0,0,0,0,0,0,0,0,0,,,,,,,,,,,,,,,,
242.065,0,0,0,0,0,0,0,0,12,0,0,0,0,74,30,3,2169,0,0,0,0,0,309,0,0,0,21,0,0,0,0,0,0,0,0,0,76,0,0,160,79,0,0,0,0,0,0,0,0,0,0,0,0,0,0,0,0,0,0,0,0,0,0,0,0,0,0,0,,,,,,,,,,,,,,,,
242.065,0,0,0,0,0,0,0,0,12,0,0,0,0,74,30,3,2169,0,0,0,0,0,309,0,0,0,21,0,0,0,0,0,0,0,0,0,76,0,0,160,79,0,0,0,0,0,0,0,0,0,0,0,0,0,0,0,0,0,0,0,0,0,0,0,0,0,0,0,,,,,,,,,,,,,,,,
242.065,0,0,0,0,0,0,0,0,12,0,0,0,0,74,30,3,2169,0,0,0,0,0,309,0,0,0,21,0,0,0,0,0,0,0,0,0,76,0,0,160,79,0,0,0,0,0,0,0,0,0,0,0,0,0,0,0,0,0,0,0,0,0,0,0,0,0,0,0,,,,,,,,,,,,,,,,
242.639,0,0,0,0,0,0,0,0,12,0,0,0,0,74,30,3,2169,0,0,0,0,0,309,0,0,0,21,0,0,0,0,0,0,0,0,0,76,0,0,160,79,0,0,0,0,0,0,0,0,0,0,0,0,0,0,0,0,0,0,0,0,0,0,0,0,0,0,0,,,,,,,,,,,,,,,,
242.639,0,0,0,0,0,0,0,0,12,0,0,0,0,74,30,3,2169,0,0,0,0,0,309,0,0,0,21,0,0,0,0,0,0,0,0,0,76,0,0,160,79,0,0,0,0,0,0,0,0,0,0,0,0,0,0,0,0,0,0,0,0,0,0,0,0,0,0,0,,,,,,,,,,,,,,,,
242.639,0,0,0,0,0,0,0,0,12,0,0,0,0,74,30,3,2169,0,0,0,0,0,309,0,0,0,21,0,0,0,0,0,0,0,0,0,76,0,0,160,79,0,0,0,0,0,0,0,0,0,0,0,0,0,0,0,0,0,0,0,0,0,0,0,0,0,0,0,,,,,,,,,,,,,,,,
243.198,0,0,0,0,0,0,0,0,12,0,0,0,0,74,30,3,2169,0,0,0,0,0,309,0,0,0,21,0,0,0,0,0,0,0,0,0,76,0,0,160,79,0,0,0,0,0,0,0,0,0,0,0,0,0,0,0,0,0,0,0,0,0,0,0,0,0,0,0,,,,,,,,,,,,,,,,
243.198,0,0,0,0,0,0,0,0,12,0,0,0,0,74,30,3,2169,0,0,0,0,0,309,0,0,0,21,0,0,0,0,0,0,0,0,0,76,0,0,160,79,0,0,0,0,0,0,0,0,0,0,0,0,0,0,0,0,0,0,0,0,0,0,0,0,0,0,0,,,,,,,,,,,,,,,,
243.198,0,0,0,0,0,0,0,0,12,0,0,0,0,74,30,3,2169,0,0,0,0,0,309,0,0,0,21,0,0,0,0,0,0,0,0,0,76,0,0,160,79,0,0,0,0,0,0,0,0,0,0,0,0,0,0,0,0,0,0,0,0,0,0,0,0,0,0,0,,,,,,,,,,,,,,,,
243.771,0,0,0,0,0,0,0,0,12,0,0,0,0,74,30,3,2169,0,0,0,0,0,310,0,0,0,21,0,0,0,0,0,0,0,0,0,76,0,0,160,79,0,0,0,0,0,0,0,0,0,0,0,0,0,0,0,0,0,0,0,0,0,0,0,0,0,0,0,,,,,,,,,,,,,,,,
243.771,0,0,0,0,0,0,0,0,12,0,0,0,0,74,30,3,2169,0,0,0,0,0,310,0,0,0,21,0,0,0,0,0,0,0,0,0,76,0,0,175,79,0,0,0,0,0,0,0,0,0,0,0,0,0,0,0,0,0,0,0,0,0,0,0,0,0,0,0,,,,,,,,,,,,,,,,
243.771,0,0,0,0,0,0,0,0,12,0,0,0,0,74,30,3,2169,0,0,0,0,0,310,0,0,0,21,0,0,0,0,0,0,0,0,0,77,0,0,175,79,0,0,0,0,0,0,0,0,0,0,0,0,0,0,0,0,0,0,0,0,0,0,0,0,0,0,0,,,,,,,,,,,,,,,,
244.344,0,0,0,0,0,0,0,0,12,0,0,0,0,74,30,3,2169,0,0,0,0,0,310,0,0,0,21,0,0,0,0,0,0,0,0,0,77,0,0,175,79,0,0,0,0,0,0,0,0,0,0,0,0,0,0,0,0,0,0,0,0,0,0,0,0,0,0,0,,,,,,,,,,,,,,,,
244.344,0,0,0,0,0,0,0,0,12,0,0,0,0,74,30,3,2169,0,0,0,0,0,310,0,0,0,21,0,0,0,0,0,0,0,0,0,77,0,0,175,79,0,0,0,0,0,0,0,0,0,0,0,0,0,0,0,0,0,0,0,0,0,0,0,0,0,0,0,,,,,,,,,,,,,,,,
244.344,0,0,0,0,0,0,0,0,12,0,0,0,0,74,30,3,2169,0,0,0,0,0,310,0,0,0,21,0,0,0,0,0,0,0,0,0,77,0,0,175,79,0,0,0,0,0,0,0,0,0,0,0,0,0,0,0,0,0,0,0,0,0,0,0,0,0,0,0,,,,,,,,,,,,,,,,
244.344,0,0,0,0,0,0,0,0,12,0,0,0,0,74,30,3,2169,0,0,0,0,0,310,0,0,0,21,0,0,0,0,0,0,0,0,0,77,0,0,175,79,0,0,0,0,0,0,0,0,0,0,0,0,0,0,0,0,0,0,0,0,0,0,0,0,0,0,0,,,,,,,,,,,,,,,,
244.922,0,0,0,0,0,0,0,0,12,0,0,0,0,74,30,3,2169,0,0,0,0,0,310,0,0,0,21,0,0,0,0,0,0,0,0,0,77,0,0,175,79,0,0,0,0,0,0,0,0,0,0,0,0,0,0,0,0,0,0,0,0,0,0,0,0,0,0,0,,,,,,,,,,,,,,,,
244.922,0,0,0,0,0,0,0,0,12,0,0,0,0,75,30,3,2169,0,0,0,0,0,310,0,0,0,21,0,0,0,0,0,0,0,0,0,77,0,0,175,79,0,0,0,0,0,0,0,0,0,0,0,0,0,0,0,0,0,0,0,0,0,0,0,0,0,0,0,,,,,,,,,,,,,,,,
244.927,0,0,0,0,0,0,0,0,12,0,0,0,0,75,30,3,2169,0,0,0,0,0,310,0,0,0,21,0,0,0,0,0,0,0,0,0,77,0,0,175,79,0,0,0,0,0,0,0,0,0,0,0,0,0,0,0,0,0,0,0,0,0,0,0,0,0,0,0,,,,,,,,,,,,,,,,
245.644,0,0,0,0,0,0,0,0,12,0,0,0,0,75,30,3,2169,0,0,0,0,0,309,0,0,0,21,0,0,0,0,0,0,0,0,0,77,0,0,175,79,0,0,0,0,0,0,0,0,0,0,0,0,0,0,0,0,0,0,0,0,0,0,0,0,0,0,0,,,,,,,,,,,,,,,,
245.649,0,0,0,0,0,0,0,0,12,0,0,0,0,75,30,3,2169,0,0,0,0,0,309,0,0,0,21,0,0,0,0,0,0,0,0,0,77,0,0,188,79,0,0,0,0,0,0,0,0,0,0,0,0,0,0,0,0,0,0,0,0,0,0,0,0,0,0,0,,,,,,,,,,,,,,,,
245.654,0,0,0,0,0,0,0,0,12,0,0,0,0,75,30,3,2169,0,0,0,0,0,309,0,0,0,21,0,0,0,0,0,0,0,0,0,76,0,0,188,79,0,0,0,0,0,0,0,0,0,0,0,0,0,0,0,0,0,0,0,0,0,0,0,0,0,0,0,,,,,,,,,,,,,,,,
246.665,0,0,0,0,0,0,0,0,12,0,0,0,0,75,30,3,2169,0,0,0,0,0,309,0,0,0,21,0,0,0,0,0,0,0,0,0,76,0,0,188,79,0,0,0,0,0,0,0,0,0,0,0,0,0,0,0,0,0,0,0,0,0,0,0,0,0,0,0,,,,,,,,,,,,,,,,
246.665,0,0,0,0,0,0,0,0,12,0,0,0,0,75,30,3,2169,0,0,0,0,0,309,0,0,0,21,0,0,0,0,0,0,0,0,0,76,0,0,188,79,0,0,0,0,0,0,0,0,0,0,0,0,0,0,0,0,0,0,0,0,0,0,0,0,0,0,0,,,,,,,,,,,,,,,,
246.665,0,0,0,0,0,0,0,0,12,0,0,0,0,75,30,3,2169,0,0,0,0,0,309,0,0,0,21,0,0,0,0,0,0,0,0,0,76,0,0,188,79,0,0,0,0,0,0,0,0,0,0,0,0,0,0,0,0,0,0,0,0,0,0,0,0,0,0,0,,,,,,,,,,,,,,,,
247.238,0,0,0,0,0,0,0,0,12,0,0,0,0,75,30,3,2169,0,0,0,0,0,309,0,0,0,21,0,0,0,0,0,0,0,0,0,76,0,0,188,79,0,0,0,0,0,0,0,0,0,0,0,0,0,0,0,0,0,0,0,0,0,0,0,0,0,0,0,,,,,,,,,,,,,,,,
247.238,0,0,0,0,0,0,0,0,12,0,0,0,0,75,30,3,2169,0,0,0,0,0,309,0,0,0,21,0,0,0,0,0,0,0,0,0,76,0,0,188,79,0,0,0,0,0,0,0,0,0,0,0,0,0,0,0,0,0,0,0,0,0,0,0,0,0,0,0,,,,,,,,,,,,,,,,
247.238,0,0,0,0,0,0,0,0,12,0,0,0,0,75,30,3,2169,0,0,0,0,0,309,0,0,0,21,0,0,0,0,0,0,0,0,0,76,0,0,188,79,0,0,0,0,0,0,0,0,0,0,0,0,0,0,0,0,0,0,0,0,0,0,0,0,0,0,0,,,,,,,,,,,,,,,,
247.777,0,0,0,0,0,0,0,0,12,0,0,0,0,75,30,3,2169,0,0,0,0,0,309,0,0,0,21,0,0,0,0,0,0,0,0,0,76,0,0,188,79,0,0,0,0,0,0,0,0,0,0,0,0,0,0,0,0,0,0,0,0,0,0,0,0,0,0,0,,,,,,,,,,,,,,,,
247.777,0,0,0,0,0,0,0,0,12,0,0,0,0,75,30,3,2169,0,0,0,0,0,309,0,0,0,21,0,0,0,0,0,0,0,0,0,76,0,0,188,79,0,0,0,0,0,0,0,0,0,0,0,0,0,0,0,0,0,0,0,0,0,0,0,0,0,0,0,,,,,,,,,,,,,,,,
247.777,0,0,0,0,0,0,0,0,12,0,0,0,0,75,30,3,2169,0,0,0,0,0,309,0,0,0,21,0,0,0,0,0,0,0,0,0,76,0,0,188,79,0,0,0,0,0,0,0,0,0,0,0,0,0,0,0,0,0,0,0,0,0,0,0,0,0,0,0,,,,,,,,,,,,,,,,
247.777,0,0,0,0,0,0,0,0,12,0,0,0,0,75,30,3,1951,0,0,0,0,0,309,0,0,0,21,0,0,0,0,0,0,0,0,0,76,0,0,188,79,0,0,0,0,0,0,0,0,0,0,0,0,0,0,0,0,0,0,0,0,0,0,0,0,0,0,0,,,,,,,,,,,,,,,,
248.339,0,0,0,0,0,0,0,0,12,0,0,0,0,75,30,3,1951,0,0,0,0,0,309,0,0,0,21,0,0,0,0,0,0,0,0,0,76,0,0,188,79,0,0,0,0,0,0,0,0,0,0,0,0,0,0,0,0,0,0,0,0,0,0,0,0,0,0,0,,,,,,,,,,,,,,,,
248.339,0,0,0,0,0,0,0,0,12,0,0,0,0,75,30,3,1951,0,0,0,0,0,309,0,0,0,21,0,0,0,0,0,0,0,0,0,76,0,0,186,79,0,0,0,0,0,0,0,0,0,0,0,0,0,0,0,0,0,0,0,0,0,0,0,0,0,0,0,,,,,,,,,,,,,,,,
248.339,0,0,0,0,0,0,0,0,12,0,0,0,0,75,30,3,1951,0,0,0,0,0,309,0,0,0,21,0,0,0,0,0,0,0,0,0,77,0,0,186,79,0,0,0,0,0,0,0,0,0,0,0,0,0,0,0,0,0,0,0,0,0,0,0,0,0,0,0,,,,,,,,,,,,,,,,
248.935,0,0,0,0,0,0,0,0,12,0,0,0,0,75,30,3,1951,0,0,0,0,0,309,0,0,0,21,0,0,0,0,0,0,0,0,0,77,0,0,186,79,0,0,0,0,0,0,0,0,0,0,0,0,0,0,0,0,0,0,0,0,0,0,0,0,0,0,0,,,,,,,,,,,,,,,,
248.935,0,0,0,0,0,0,0,0,12,0,0,0,0,75,30,3,1951,0,0,0,0,0,309,0,0,0,21,0,0,0,0,0,0,0,0,0,77,0,0,186,79,0,0,0,0,0,0,0,0,0,0,0,0,0,0,0,0,0,0,0,0,0,0,0,0,0,0,0,,,,,,,,,,,,,,,,
248.935,0,0,0,0,0,0,0,0,12,0,0,0,0,75,30,3,1951,0,0,0,0,0,309,0,0,0,21,0,0,0,0,0,0,0,0,0,77,0,0,186,79,0,0,0,0,0,0,0,0,0,0,0,0,0,0,0,0,0,0,0,0,0,0,0,0,0,0,0,,,,,,,,,,,,,,,,
249.513,0,0,0,0,0,0,0,0,12,0,0,0,0,75,30,3,1951,0,0,0,0,0,309,0,0,0,21,0,0,0,0,0,0,0,0,0,77,0,0,186,79,0,0,0,0,0,0,0,0,0,0,0,0,0,0,0,0,0,0,0,0,0,0,0,0,0,0,0,,,,,,,,,,,,,,,,
249.518,0,0,0,0,0,0,0,0,12,0,0,0,0,75,30,3,1951,0,0,0,0,0,309,0,0,0,21,0,0,0,0,0,0,0,0,0,77,0,0,186,79,0,0,0,0,0,0,0,0,0,0,0,0,0,0,0,0,0,0,0,0,0,0,0,0,0,0,0,,,,,,,,,,,,,,,,
249.518,0,0,0,0,0,0,0,0,12,0,0,0,0,75,30,3,1951,0,0,0,0,0,309,0,0,0,21,0,0,0,0,0,0,0,0,0,77,0,0,186,79,0,0,0,0,0,0,0,0,0,0,0,0,0,0,0,0,0,0,0,0,0,0,0,0,0,0,0,,,,,,,,,,,,,,,,
249.524,0,0,0,0,0,0,0,0,12,0,0,0,0,75,30,3,1951,0,0,0,0,0,309,0,0,0,21,0,0,0,0,0,0,0,0,0,77,0,0,186,79,0,0,0,0,0,0,0,0,0,0,0,0,0,0,0,0,0,0,0,0,0,0,0,0,0,0,0,,,,,,,,,,,,,,,,
250.067,0,0,0,0,0,0,0,0,12,0,0,0,0,75,30,3,1951,0,0,0,0,0,309,0,0,0,21,0,0,0,0,0,0,0,0,0,77,0,0,186,79,0,0,0,0,0,0,0,0,0,0,0,0,0,0,0,0,0,0,0,0,0,0,0,0,0,0,0,,,,,,,,,,,,,,,,
250.067,0,0,0,0,0,0,0,0,12,0,0,0,0,75,30,3,1951,0,0,0,0,0,309,0,0,0,21,0,0,0,0,0,0,0,0,0,77,0,0,201,79,0,0,0,0,0,0,0,0,0,0,0,0,0,0,0,0,0,0,0,0,0,0,0,0,0,0,0,,,,,,,,,,,,,,,,
250.067,0,0,0,0,0,0,0,0,12,0,0,0,0,75,30,3,1951,0,0,0,0,0,309,0,0,0,21,0,0,0,0,0,0,0,0,0,77,0,0,201,79,0,0,0,0,0,0,0,0,0,0,0,0,0,0,0,0,0,0,0,0,0,0,0,0,0,0,0,,,,,,,,,,,,,,,,
250.622,0,0,0,0,0,0,0,0,12,0,0,0,0,75,30,3,1951,0,0,0,0,0,309,0,0,0,21,0,0,0,0,0,0,0,0,0,77,0,0,201,79,0,0,0,0,0,0,0,0,0,0,0,0,0,0,0,0,0,0,0,0,0,0,0,0,0,0,0,,,,,,,,,,,,,,,,
250.622,0,0,0,0,0,0,0,0,12,0,0,0,0,75,30,3,1951,0,0,0,0,0,309,0,0,0,21,0,0,0,0,0,0,0,0,0,77,0,0,201,79,0,0,0,0,0,0,0,0,0,0,0,0,0,0,0,0,0,0,0,0,0,0,0,0,0,0,0,,,,,,,,,,,,,,,,
250.622,0,0,0,0,0,0,0,0,12,0,0,0,0,75,30,3,1951,0,0,0,0,0,309,0,0,0,21,0,0,0,0,0,0,0,0,0,77,0,0,201,79,0,0,0,0,0,0,0,0,0,0,0,0,0,0,0,0,0,0,0,0,0,0,0,0,0,0,0,,,,,,,,,,,,,,,,
251.211,0,0,0,0,0,0,0,0,12,0,0,0,0,75,30,3,1951,0,0,0,0,0,309,0,0,0,21,0,0,0,0,0,0,0,0,0,77,0,0,201,79,0,0,0,0,0,0,0,0,0,0,0,0,0,0,0,0,0,0,0,0,0,0,0,0,0,0,0,,,,,,,,,,,,,,,,
251.211,0,0,0,0,0,0,0,0,12,0,0,0,0,75,30,3,1951,0,0,0,0,0,309,0,0,0,21,0,0,0,0,0,0,0,0,0,77,0,0,201,79,0,0,0,0,0,0,0,0,0,0,0,0,0,0,0,0,0,0,0,0,0,0,0,0,0,0,0,,,,,,,,,,,,,,,,
251.211,0,0,0,0,0,0,0,0,12,0,0,0,0,75,30,3,1951,0,0,0,0,0,309,0,0,0,21,0,0,0,0,0,0,0,0,0,77,0,0,201,79,0,0,0,0,0,0,0,0,0,0,0,0,0,0,0,0,0,0,0,0,0,0,0,0,0,0,0,,,,,,,,,,,,,,,,
251.780,0,0,0,0,0,0,0,0,12,0,0,0,0,75,30,3,1951,0,0,0,0,0,309,0,0,0,21,0,0,0,0,0,0,0,0,0,77,0,0,201,79,0,0,0,0,0,0,0,0,0,0,0,0,0,0,0,0,0,0,0,0,0,0,0,0,0,0,0,,,,,,,,,,,,,,,,
251.780,0,0,0,0,0,0,0,0,12,0,0,0,0,75,30,3,1951,0,0,0,0,0,309,0,0,0,21,0,0,0,0,0,0,0,0,0,77,0,0,184,79,0,0,0,0,0,0,0,0,0,0,0,0,0,0,0,0,0,0,0,0,0,0,0,0,0,0,0,,,,,,,,,,,,,,,,
251.780,0,0,0,0,0,0,0,0,12,0,0,0,0,75,30,3,1951,0,0,0,0,0,309,0,0,0,21,0,0,0,0,0,0,0,0,0,76,0,0,184,79,0,0,0,0,0,0,0,0,0,0,0,0,0,0,0,0,0,0,0,0,0,0,0,0,0,0,0,,,,,,,,,,,,,,,,
252.649,0,0,0,0,0,0,0,0,12,0,0,0,0,75,30,3,1951,0,0,0,0,0,309,0,0,0,21,0,0,0,0,0,0,0,0,0,76,0,0,184,79,0,0,0,0,0,0,0,0,0,0,0,0,0,0,0,0,0,0,0,0,0,0,0,0,0,0,0,,,,,,,,,,,,,,,,
252.649,0,0,0,0,0,0,0,0,12,0,0,0,0,76,30,3,1951,0,0,0,0,0,309,0,0,0,21,0,0,0,0,0,0,0,0,0,76,0,0,184,79,0,0,0,0,0,0,0,0,0,0,0,0,0,0,0,0,0,0,0,0,0,0,0,0,0,0,0,,,,,,,,,,,,,,,,
252.649,0,0,0,0,0,0,0,0,12,0,0,0,0,76,30,3,1951,0,0,0,0,0,309,0,0,0,21,0,0,0,0,0,0,0,0,0,76,0,0,184,79,0,0,0,0,0,0,0,0,0,0,0,0,0,0,0,0,0,0,0,0,0,0,0,0,0,0,0,,,,,,,,,,,,,,,,
253.635,0,0,0,0,0,0,0,0,12,0,0,0,0,76,30,3,1951,0,0,0,0,0,309,0,0,0,21,0,0,0,0,0,0,0,0,0,76,0,0,184,79,0,0,0,0,0,0,0,0,0,0,0,0,0,0,0,0,0,0,0,0,0,0,0,0,0,0,0,,,,,,,,,,,,,,,,
253.635,0,0,0,0,0,0,0,0,12,0,0,0,0,76,30,3,1951,0,0,0,0,0,309,0,0,0,21,0,0,0,0,0,0,0,0,0,76,0,0,174,79,0,0,0,0,0,0,0,0,0,0,0,0,0,0,0,0,0,0,0,0,0,0,0,0,0,0,0,,,,,,,,,,,,,,,,
253.635,0,0,0,0,0,0,0,0,12,0,0,0,0,76,30,3,1951,0,0,0,0,0,309,0,0,0,21,0,0,0,0,0,0,0,0,0,76,0,0,174,79,0,0,0,0,0,0,0,0,0,0,0,0,0,0,0,0,0,0,0,0,0,0,0,0,0,0,0,,,,,,,,,,,,,,,,
254.195,0,0,0,0,0,0,0,0,12,0,0,0,0,76,30,3,1951,0,0,0,0,0,309,0,0,0,21,0,0,0,0,0,0,0,0,0,76,0,0,174,79,0,0,0,0,0,0,0,0,0,0,0,0,0,0,0,0,0,0,0,0,0,0,0,0,0,0,0,,,,,,,,,,,,,,,,
254.195,0,0,0,0,0,0,0,0,12,0,0,0,0,76,30,3,1951,0,0,0,0,0,309,0,0,0,21,0,0,0,0,0,0,0,0,0,76,0,0,174,79,0,0,0,0,0,0,0,0,0,0,0,0,0,0,0,0,0,0,0,0,0,0,0,0,0,0,0,,,,,,,,,,,,,,,,
254.195,0,0,0,0,0,0,0,0,12,0,0,0,0,76,30,3,1951,0,0,0,0,0,309,0,0,0,21,0,0,0,0,0,0,0,0,0,76,0,0,174,79,0,0,0,0,0,0,0,0,0,0,0,0,0,0,0,0,0,0,0,0,0,0,0,0,0,0,0,,,,,,,,,,,,,,,,
254.195,0,0,0,0,0,0,0,0,12,0,0,0,0,76,30,3,1951,0,0,0,0,0,309,0,0,0,21,0,0,0,0,0,0,0,0,0,76,0,0,174,79,0,0,0,0,0,0,0,0,0,0,0,0,0,0,0,0,0,0,0,0,0,0,0,0,0,0,0,,,,,,,,,,,,,,,,
254.766,0,0,0,0,0,0,0,0,12,0,0,0,0,76,30,3,1951,0,0,0,0,0,309,0,0,0,21,0,0,0,0,0,0,0,0,0,76,0,0,174,79,0,0,0,0,0,0,0,0,0,0,0,0,0,0,0,0,0,0,0,0,0,0,0,0,0,0,0,,,,,,,,,,,,,,,,
254.766,0,0,0,0,0,0,0,0,12,0,0,0,0,76,30,3,1951,0,0,0,0,0,309,0,0,0,21,0,0,0,0,0,0,0,0,0,76,0,0,174,79,0,0,0,0,0,0,0,0,0,0,0,0,0,0,0,0,0,0,0,0,0,0,0,0,0,0,0,,,,,,,,,,,,,,,,
254.766,0,0,0,0,0,0,0,0,12,0,0,0,0,76,30,3,1951,0,0,0,0,0,309,0,0,0,21,0,0,0,0,0,0,0,0,0,76,0,0,174,79,0,0,0,0,0,0,0,0,0,0,0,0,0,0,0,0,0,0,0,0,0,0,0,0,0,0,0,,,,,,,,,,,,,,,,
255.334,0,0,0,0,0,0,0,0,12,0,0,0,0,76,30,3,1951,0,0,0,0,0,309,0,0,0,21,0,0,0,0,0,0,0,0,0,76,0,0,174,79,0,0,0,0,0,0,0,0,0,0,0,0,0,0,0,0,0,0,0,0,0,0,0,0,0,0,0,,,,,,,,,,,,,,,,
255.334,0,0,0,0,0,0,0,0,12,0,0,0,0,76,30,3,1951,0,0,0,0,0,309,0,0,0,21,0,0,0,0,0,0,0,0,0,76,0,0,174,79,0,0,0,0,0,0,0,0,0,0,0,0,0,0,0,0,0,0,0,0,0,0,0,0,0,0,0,,,,,,,,,,,,,,,,
255.334,0,0,0,0,0,0,0,0,12,0,0,0,0,76,30,3,1951,0,0,0,0,0,309,0,0,0,21,0,0,0,0,0,0,0,0,0,76,0,0,174,79,0,0,0,0,0,0,0,0,0,0,0,0,0,0,0,0,0,0,0,0,0,0,0,0,0,0,0,,,,,,,,,,,,,,,,
255.927,0,0,0,0,0,0,0,0,12,0,0,0,0,76,30,3,1951,0,0,0,0,0,309,0,0,0,21,0,0,0,0,0,0,0,0,0,76,0,0,174,79,0,0,0,0,0,0,0,0,0,0,0,0,0,0,0,0,0,0,0,0,0,0,0,0,0,0,0,,,,,,,,,,,,,,,,
255.927,0,0,0,0,0,0,0,0,12,0,0,0,0,76,30,3,1951,0,0,0,0,0,309,0,0,0,21,0,0,0,0,0,0,0,0,0,76,0,0,174,79,0,0,0,0,0,0,0,0,0,0,0,0,0,0,0,0,0,0,0,0,0,0,0,0,0,0,0,,,,,,,,,,,,,,,,
255.927,0,0,0,0,0,0,0,0,12,0,0,0,0,76,30,3,1951,0,0,0,0,0,309,0,0,0,21,0,0,0,0,0,0,0,0,0,76,0,0,174,79,0,0,0,0,0,0,0,0,0,0,0,0,0,0,0,0,0,0,0,0,0,0,0,0,0,0,0,,,,,,,,,,,,,,,,
255.927,0,0,0,0,0,0,0,0,12,0,0,0,0,76,30,3,2155,0,0,0,0,0,309,0,0,0,21,0,0,0,0,0,0,0,0,0,76,0,0,174,79,0,0,0,0,0,0,0,0,0,0,0,0,0,0,0,0,0,0,0,0,0,0,0,0,0,0,0,,,,,,,,,,,,,,,,
256.481,0,0,0,0,0,0,0,0,12,0,0,0,0,76,30,3,2155,0,0,0,0,0,308,0,0,0,21,0,0,0,0,0,0,0,0,0,76,0,0,174,79,0,0,0,0,0,0,0,0,0,0,0,0,0,0,0,0,0,0,0,0,0,0,0,0,0,0,0,,,,,,,,,,,,,,,,
256.481,0,0,0,0,0,0,0,0,12,0,0,0,0,76,30,3,2155,0,0,0,0,0,308,0,0,0,21,0,0,0,0,0,0,0,0,0,76,0,0,177,79,0,0,0,0,0,0,0,0,0,0,0,0,0,0,0,0,0,0,0,0,0,0,0,0,0,0,0,,,,,,,,,,,,,,,,
256.481,0,0,0,0,0,0,0,0,12,0,0,0,0,76,30,3,2155,0,0,0,0,0,308,0,0,0,21,0,0,0,0,0,0,0,0,0,76,0,0,177,79,0,0,0,0,0,0,0,0,0,0,0,0,0,0,0,0,0,0,0,0,0,0,0,0,0,0,0,,,,,,,,,,,,,,,,
257.044,0,0,0,0,0,0,0,0,12,0,0,0,0,76,30,3,2155,0,0,0,0,0,308,0,0,0,21,0,0,0,0,0,0,0,0,0,76,0,0,177,79,0,0,0,0,0,0,0,0,0,0,0,0,0,0,0,0,0,0,0,0,0,0,0,0,0,0,0,,,,,,,,,,,,,,,,
257.044,0,0,0,0,0,0,0,0,12,0,0,0,0,76,30,3,2155,0,0,0,0,0,308,0,0,0,21,0,0,0,0,0,0,0,0,0,76,0,0,177,79,0,0,0,0,0,0,0,0,0,0,0,0,0,0,0,0,0,0,0,0,0,0,0,0,0,0,0,,,,,,,,,,,,,,,,
257.044,0,0,0,0,0,0,0,0,12,0,0,0,0,76,30,3,2155,0,0,0,0,0,308,0,0,0,21,0,0,0,0,0,0,0,0,0,76,0,0,177,79,0,0,0,0,0,0,0,0,0,0,0,0,0,0,0,0,0,0,0,0,0,0,0,0,0,0,0,,,,,,,,,,,,,,,,
257.635,0,0,0,0,0,0,0,0,12,0,0,0,0,76,30,3,2155,0,0,0,0,0,308,0,0,0,21,0,0,0,0,0,0,0,0,0,76,0,0,177,79,0,0,0,0,0,0,0,0,0,0,0,0,0,0,0,0,0,0,0,0,0,0,0,0,0,0,0,,,,,,,,,,,,,,,,
257.635,0,0,0,0,0,0,0,0,12,0,0,0,0,76,30,3,2155,0,0,0,0,0,308,0,0,0,21,0,0,0,0,0,0,0,0,0,76,0,0,179,79,0,0,0,0,0,0,0,0,0,0,0,0,0,0,0,0,0,0,0,0,0,0,0,0,0,0,0,,,,,,,,,,,,,,,,
257.635,0,0,0,0,0,0,0,0,12,0,0,0,0,76,30,3,2155,0,0,0,0,0,308,0,0,0,21,0,0,0,0,0,0,0,0,0,76,0,0,179,79,0,0,0,0,0,0,0,0,0,0,0,0,0,0,0,0,0,0,0,0,0,0,0,0,0,0,0,,,,,,,,,,,,,,,,
258.646,0,0,0,0,0,0,0,0,12,0,0,0,0,76,30,3,2155,0,0,0,0,0,308,0,0,0,21,0,0,0,0,0,0,0,0,0,76,0,0,179,79,0,0,0,0,0,0,0,0,0,0,0,0,0,0,0,0,0,0,0,0,0,0,0,0,0,0,0,,,,,,,,,,,,,,,,
258.646,0,0,0,0,0,0,0,0,12,0,0,0,0,76,30,3,2155,0,0,0,0,0,308,0,0,0,21,0,0,0,0,0,0,0,0,0,76,0,0,179,79,0,0,0,0,0,0,0,0,0,0,0,0,0,0,0,0,0,0,0,0,0,0,0,0,0,0,0,,,,,,,,,,,,,,,,
258.646,0,0,0,0,0,0,0,0,12,0,0,0,0,76,30,3,2155,0,0,0,0,0,308,0,0,0,21,0,0,0,0,0,0,0,0,0,76,0,0,179,79,0,0,0,0,0,0,0,0,0,0,0,0,0,0,0,0,0,0,0,0,0,0,0,0,0,0,0,,,,,,,,,,,,,,,,
259.217,0,0,0,0,0,0,0,0,12,0,0,0,0,76,30,3,2155,0,0,0,0,0,308,0,0,0,21,0,0,0,0,0,0,0,0,0,76,0,0,179,79,0,0,0,0,0,0,0,0,0,0,0,0,0,0,0,0,0,0,0,0,0,0,0,0,0,0,0,,,,,,,,,,,,,,,,
259.217,0,0,0,0,0,0,0,0,12,0,0,0,0,76,30,3,2155,0,0,0,0,0,308,0,0,0,21,0,0,0,0,0,0,0,0,0,76,0,0,179,79,0,0,0,0,0,0,0,0,0,0,0,0,0,0,0,0,0,0,0,0,0,0,0,0,0,0,0,,,,,,,,,,,,,,,,
259.217,0,0,0,0,0,0,0,0,12,0,0,0,0,76,30,3,2155,0,0,0,0,0,308,0,0,0,21,0,0,0,0,0,0,0,0,0,76,0,0,179,79,0,0,0,0,0,0,0,0,0,0,0,0,0,0,0,0,0,0,0,0,0,0,0,0,0,0,0,,,,,,,,,,,,,,,,
259.217,0,0,0,0,0,0,0,0,12,0,0,0,0,76,30,3,2155,0,0,0,0,0,308,0,0,0,21,0,0,0,0,0,0,0,0,0,76,0,0,179,79,0,0,0,0,0,0,0,0,0,0,0,0,0,0,0,0,0,0,0,0,0,0,0,0,0,0,0,,,,,,,,,,,,,,,,
259.767,0,0,0,0,0,0,0,0,12,0,0,0,0,76,30,3,2155,0,0,0,0,0,308,0,0,0,21,0,0,0,0,0,0,0,0,0,76,0,0,179,79,0,0,0,0,0,0,0,0,0,0,0,0,0,0,0,0,0,0,0,0,0,0,0,0,0,0,0,,,,,,,,,,,,,,,,
259.767,0,0,0,0,0,0,0,0,12,0,0,0,0,76,30,3,2155,0,0,0,0,0,308,0,0,0,21,0,0,0,0,0,0,0,0,0,76,0,0,173,79,0,0,0,0,0,0,0,0,0,0,0,0,0,0,0,0,0,0,0,0,0,0,0,0,0,0,0,,,,,,,,,,,,,,,,
259.767,0,0,0,0,0,0,0,0,12,0,0,0,0,76,30,3,2155,0,0,0,0,0,308,0,0,0,21,0,0,0,0,0,0,0,0,0,76,0,0,173,79,0,0,0,0,0,0,0,0,0,0,0,0,0,0,0,0,0,0,0,0,0,0,0,0,0,0,0,,,,,,,,,,,,,,,,
260.355,0,0,0,0,0,0,0,0,12,0,0,0,0,76,30,3,2155,0,0,0,0,0,308,0,0,0,21,0,0,0,0,0,0,0,0,0,76,0,0,173,79,0,0,0,0,0,0,0,0,0,0,0,0,0,0,0,0,0,0,0,0,0,0,0,0,0,0,0,,,,,,,,,,,,,,,,
260.361,0,0,0,0,0,0,0,0,12,0,0,0,0,76,30,3,2155,0,0,0,0,0,308,0,0,0,21,0,0,0,0,0,0,0,0,0,76,0,0,173,79,0,0,0,0,0,0,0,0,0,0,0,0,0,0,0,0,0,0,0,0,0,0,0,0,0,0,0,,,,,,,,,,,,,,,,
260.361,0,0,0,0,0,0,0,0,12,0,0,0,0,76,30,3,2155,0,0,0,0,0,308,0,0,0,21,0,0,0,0,0,0,0,0,0,76,0,0,173,79,0,0,0,0,0,0,0,0,0,0,0,0,0,0,0,0,0,0,0,0,0,0,0,0,0,0,0,,,,,,,,,,,,,,,,
260.925,0,0,0,0,0,0,0,0,12,0,0,0,0,76,30,3,2155,0,0,0,0,0,308,0,0,0,21,0,0,0,0,0,0,0,0,0,76,0,0,173,79,0,0,0,0,0,0,0,0,0,0,0,0,0,0,0,0,0,0,0,0,0,0,0,0,0,0,0,,,,,,,,,,,,,,,,
260.925,0,0,0,0,0,0,0,0,12,0,0,0,0,76,30,3,2155,0,0,0,0,0,308,0,0,0,21,0,0,0,0,0,0,0,0,0,76,0,0,173,79,0,0,0,0,0,0,0,0,0,0,0,0,0,0,0,0,0,0,0,0,0,0,0,0,0,0,0,,,,,,,,,,,,,,,,
260.925,0,0,0,0,0,0,0,0,12,0,0,0,0,76,30,3,2155,0,0,0,0,0,308,0,0,0,21,0,0,0,0,0,0,0,0,0,76,0,0,173,79,0,0,0,0,0,0,0,0,0,0,0,0,0,0,0,0,0,0,0,0,0,0,0,0,0,0,0,,,,,,,,,,,,,,,,
261.646,0,0,0,0,0,0,0,0,12,0,0,0,0,76,30,3,2155,0,0,0,0,0,309,0,0,0,21,0,0,0,0,0,0,0,0,0,76,0,0,173,79,0,0,0,0,0,0,0,0,0,0,0,0,0,0,0,0,0,0,0,0,0,0,0,0,0,0,0,,,,,,,,,,,,,,,,
261.646,0,0,0,0,0,0,0,0,12,0,0,0,0,76,30,3,2155,0,0,0,0,0,309,0,0,0,21,0,0,0,0,0,0,0,0,0,76,0,0,172,79,0,0,0,0,0,0,0,0,0,0,0,0,0,0,0,0,0,0,0,0,0,0,0,0,0,0,0,,,,,,,,,,,,,,,,
261.646,0,0,0,0,0,0,0,0,12,0,0,0,0,76,30,3,2155,0,0,0,0,0,309,0,0,0,21,0,0,0,0,0,0,0,0,0,76,0,0,172,79,0,0,0,0,0,0,0,0,0,0,0,0,0,0,0,0,0,0,0,0,0,0,0,0,0,0,0,,,,,,,,,,,,,,,,
262.639,0,0,0,0,0,0,0,0,12,0,0,0,0,76,30,3,2155,0,0,0,0,0,309,0,0,0,21,0,0,0,0,0,0,0,0,0,76,0,0,172,79,0,0,0,0,0,0,0,0,0,0,0,0,0,0,0,0,0,0,0,0,0,0,0,0,0,0,0,,,,,,,,,,,,,,,,
262.639,0,0,0,0,0,0,0,0,12,0,0,0,0,76,30,3,2155,0,0,0,0,0,309,0,0,0,21,0,0,0,0,0,0,0,0,0,76,0,0,172,79,0,0,0,0,0,0,0,0,0,0,0,0,0,0,0,0,0,0,0,0,0,0,0,0,0,0,0,,,,,,,,,,,,,,,,
262.639,0,0,0,0,0,0,0,0,12,0,0,0,0,76,30,3,2155,0,0,0,0,0,309,0,0,0,21,0,0,0,0,0,0,0,0,0,76,0,0,172,79,0,0,0,0,0,0,0,0,0,0,0,0,0,0,0,0,0,0,0,0,0,0,0,0,0,0,0,,,,,,,,,,,,,,,,
263.199,0,0,0,0,0,0,0,0,12,0,0,0,0,76,30,3,2155,0,0,0,0,0,309,0,0,0,21,0,0,0,0,0,0,0,0,0,76,0,0,172,79,0,0,0,0,0,0,0,0,0,0,0,0,0,0,0,0,0,0,0,0,0,0,0,0,0,0,0,,,,,,,,,,,,,,,,
263.199,0,0,0,0,0,0,0,0,12,0,0,0,0,76,30,3,2155,0,0,0,0,0,309,0,0,0,21,0,0,0,0,0,0,0,0,0,76,0,0,172,79,0,0,0,0,0,0,0,0,0,0,0,0,0,0,0,0,0,0,0,0,0,0,0,0,0,0,0,,,,,,,,,,,,,,,,
263.199,0,0,0,0,0,0,0,0,12,0,0,0,0,76,30,3,2155,0,0,0,0,0,309,0,0,0,21,0,0,0,0,0,0,0,0,0,76,0,0,172,79,0,0,0,0,0,0,0,0,0,0,0,0,0,0,0,0,0,0,0,0,0,0,0,0,0,0,0,,,,,,,,,,,,,,,,
263.199,0,0,0,0,0,0,0,0,12,0,0,0,0,76,30,3,1844,0,0,0,0,0,309,0,0,0,21,0,0,0,0,0,0,0,0,0,76,0,0,172,79,0,0,0,0,0,0,0,0,0,0,0,0,0,0,0,0,0,0,0,0,0,0,0,0,0,0,0,,,,,,,,,,,,,,,,
263.775,0,0,0,0,0,0,0,0,12,0,0,0,0,76,30,3,1844,0,0,0,0,0,309,0,0,0,21,0,0,0,0,0,0,0,0,0,76,0,0,172,79,0,0,0,0,0,0,0,0,0,0,0,0,0,0,0,0,0,0,0,0,0,0,0,0,0,0,0,,,,,,,,,,,,,,,,
263.775,0,0,0,0,0,0,0,0,12,0,0,0,0,76,30,3,1844,0,0,0,0,0,309,0,0,0,21,0,0,0,0,0,0,0,0,0,76,0,0,171,79,0,0,0,0,0,0,0,0,0,0,0,0,0,0,0,0,0,0,0,0,0,0,0,0,0,0,0,,,,,,,,,,,,,,,,
263.775,0,0,0,0,0,0,0,0,12,0,0,0,0,76,30,3,1844,0,0,0,0,0,309,0,0,0,21,0,0,0,0,0,0,0,0,0,76,0,0,171,79,0,0,0,0,0,0,0,0,0,0,0,0,0,0,0,0,0,0,0,0,0,0,0,0,0,0,0,,,,,,,,,,,,,,,,
264.341,0,0,0,0,0,0,0,0,12,0,0,0,0,76,30,3,1844,0,0,0,0,0,309,0,0,0,21,0,0,0,0,0,0,0,0,0,76,0,0,171,79,0,0,0,0,0,0,0,0,0,0,0,0,0,0,0,0,0,0,0,0,0,0,0,0,0,0,0,,,,,,,,,,,,,,,,
264.341,0,0,0,0,0,0,0,0,12,0,0,0,0,76,30,3,1844,0,0,0,0,1,309,0,0,0,21,0,0,0,0,0,0,0,0,0,76,0,0,171,79,0,0,0,0,0,0,0,0,0,0,0,0,0,0,0,0,0,0,0,0,0,0,0,0,0,0,0,,,,,,,,,,,,,,,,
264.341,0,0,0,0,0,0,0,0,12,0,0,0,0,76,30,3,1844,0,0,0,0,1,309,0,0,0,21,0,0,0,0,0,0,0,0,0,76,0,0,171,79,0,0,0,0,0,0,0,0,0,0,0,0,0,0,0,0,0,0,0,0,0,0,0,0,0,0,0,,,,,,,,,,,,,,,,
264.924,0,0,0,0,0,0,0,0,12,0,0,0,0,76,30,3,1844,0,0,0,0,1,309,0,0,0,21,0,0,0,0,0,0,0,0,0,76,0,0,171,79,0,0,0,0,0,0,0,0,0,0,0,0,0,0,0,0,0,0,0,0,0,0,0,0,0,0,0,,,,,,,,,,,,,,,,
264.924,0,0,0,0,0,0,0,0,12,0,0,0,0,76,30,3,1844,0,0,0,0,1,309,0,0,0,21,0,0,0,0,0,0,0,0,0,76,0,0,171,79,0,0,0,0,0,0,0,0,0,0,0,0,0,0,0,0,0,0,0,0,0,0,0,0,0,0,0,,,,,,,,,,,,,,,,
264.924,0,0,0,0,0,0,0,0,12,0,0,0,0,76,30,3,1844,0,0,0,0,1,309,0,0,0,21,0,0,0,0,0,0,0,0,0,76,0,0,171,79,0,0,0,0,0,0,0,0,0,0,0,0,0,0,0,0,0,0,0,0,0,0,0,0,0,0,0,,,,,,,,,,,,,,,,
264.924,0,0,0,0,0,0,0,0,12,0,0,0,0,76,30,3,1844,0,0,0,0,1,309,0,0,0,21,0,0,0,0,0,0,0,0,0,76,0,0,171,79,0,0,0,0,0,0,0,0,0,0,0,0,0,0,0,0,0,0,0,0,0,0,0,0,0,0,0,,,,,,,,,,,,,,,,
265.498,0,0,0,0,0,0,0,0,12,0,0,0,0,76,30,3,1844,0,0,0,0,1,309,0,0,0,21,0,0,0,0,0,0,0,0,0,76,0,0,171,79,0,0,0,0,0,0,0,0,0,0,0,0,0,0,0,0,0,0,0,0,0,0,0,0,0,0,0,,,,,,,,,,,,,,,,
265.498,0,0,0,0,0,0,0,0,12,0,0,0,0,76,30,3,1844,0,0,0,0,1,309,0,0,0,21,0,0,0,0,0,0,0,0,0,76,0,0,171,79,0,0,0,0,0,0,0,0,0,0,0,0,0,0,0,0,0,0,0,0,0,0,0,0,0,0,0,,,,,,,,,,,,,,,,
265.498,0,0,0,0,0,0,0,0,12,0,0,0,0,76,30,3,1844,0,0,0,0,1,309,0,0,0,21,0,0,0,0,0,0,0,0,0,76,0,0,171,79,0,0,0,0,0,0,0,0,0,0,0,0,0,0,0,0,0,0,0,0,0,0,0,0,0,0,0,,,,,,,,,,,,,,,,
266.076,0,0,0,0,0,0,0,0,12,0,0,0,0,76,30,3,1844,0,0,0,0,1,309,0,0,0,21,0,0,0,0,0,0,0,0,0,76,0,0,171,79,0,0,0,0,0,0,0,0,0,0,0,0,0,0,0,0,0,0,0,0,0,0,0,0,0,0,0,,,,,,,,,,,,,,,,
266.077,0,0,0,0,0,0,0,0,12,0,0,0,0,76,30,3,1844,0,0,0,0,1,309,0,0,0,21,0,0,0,0,0,0,0,0,0,76,0,0,175,79,0,0,0,0,0,0,0,0,0,0,0,0,0,0,0,0,0,0,0,0,0,0,0,0,0,0,0,,,,,,,,,,,,,,,,
266.077,0,0,0,0,0,0,0,0,12,0,0,0,0,76,30,3,1844,0,0,0,0,1,309,0,0,0,21,0,0,0,0,0,0,0,0,0,77,0,0,175,79,0,0,0,0,0,0,0,0,0,0,0,0,0,0,0,0,0,0,0,0,0,0,0,0,0,0,0,,,,,,,,,,,,,,,,
266.640,0,0,0,0,0,0,0,0,12,0,0,0,0,76,30,3,1844,0,0,0,0,1,309,0,0,0,21,0,0,0,0,0,0,0,0,0,77,0,0,175,79,0,0,0,0,0,0,0,0,0,0,0,0,0,0,0,0,0,0,0,0,0,0,0,0,0,0,0,,,,,,,,,,,,,,,,
266.640,0,0,0,0,0,0,0,0,12,0,0,0,0,76,30,3,1844,0,0,0,0,1,309,0,0,0,21,0,0,0,0,0,0,0,0,0,77,0,0,175,79,0,0,0,0,0,0,0,0,0,0,0,0,0,0,0,0,0,0,0,0,0,0,0,0,0,0,0,,,,,,,,,,,,,,,,
266.640,0,0,0,0,0,0,0,0,12,0,0,0,0,76,30,3,1844,0,0,0,0,1,309,0,0,0,21,0,0,0,0,0,0,0,0,0,77,0,0,175,79,0,0,0,0,0,0,0,0,0,0,0,0,0,0,0,0,0,0,0,0,0,0,0,0,0,0,0,,,,,,,,,,,,,,,,
267.631,0,0,0,0,0,0,0,0,12,0,0,0,0,76,30,3,1844,0,0,0,0,1,309,0,0,0,21,0,0,0,0,0,0,0,0,0,77,0,0,175,79,0,0,0,0,0,0,0,0,0,0,0,0,0,0,0,0,0,0,0,0,0,0,0,0,0,0,0,,,,,,,,,,,,,,,,
267.631,0,0,0,0,0,0,0,0,12,0,0,0,0,76,30,3,1844,0,0,0,0,1,309,0,0,0,21,0,0,0,0,0,0,0,0,0,77,0,0,182,79,0,0,0,0,0,0,0,0,0,0,0,0,0,0,0,0,0,0,0,0,0,0,0,0,0,0,0,,,,,,,,,,,,,,,,
267.631,0,0,0,0,0,0,0,0,12,0,0,0,0,76,30,3,1844,0,0,0,0,1,309,0,0,0,21,0,0,0,0,0,0,0,0,0,76,0,0,182,79,0,0,0,0,0,0,0,0,0,0,0,0,0,0,0,0,0,0,0,0,0,0,0,0,0,0,0,,,,,,,,,,,,,,,,
268.201,0,0,0,0,0,0,0,0,12,0,0,0,0,76,30,3,1844,0,0,0,0,1,309,0,0,0,21,0,0,0,0,0,0,0,0,0,76,0,0,182,79,0,0,0,0,0,0,0,0,0,0,0,0,0,0,0,0,0,0,0,0,0,0,0,0,0,0,0,,,,,,,,,,,,,,,,
268.201,0,0,0,0,0,0,0,0,12,0,0,0,0,76,30,3,1844,0,0,0,0,1,309,0,0,0,21,0,0,0,0,0,0,0,0,0,76,0,0,182,79,0,0,0,0,0,0,0,0,0,0,0,0,0,0,0,0,0,0,0,0,0,0,0,0,0,0,0,,,,,,,,,,,,,,,,
268.201,0,0,0,0,0,0,0,0,12,0,0,0,0,76,30,3,1844,0,0,0,0,1,309,0,0,0,21,0,0,0,0,0,0,0,0,0,76,0,0,182,79,0,0,0,0,0,0,0,0,0,0,0,0,0,0,0,0,0,0,0,0,0,0,0,0,0,0,0,,,,,,,,,,,,,,,,
268.778,0,0,0,0,0,0,0,0,12,0,0,0,0,76,30,3,1844,0,0,0,0,1,309,0,0,0,21,0,0,0,0,0,0,0,0,0,76,0,0,182,79,0,0,0,0,0,0,0,0,0,0,0,0,0,0,0,0,0,0,0,0,0,0,0,0,0,0,0,,,,,,,,,,,,,,,,
268.778,0,0,0,0,0,0,0,0,12,0,0,0,0,76,30,3,1844,0,0,0,0,1,309,0,0,0,21,0,0,0,0,0,0,0,0,0,76,0,0,182,79,0,0,0,0,0,0,0,0,0,0,0,0,0,0,0,0,0,0,0,0,0,0,0,0,0,0,0,,,,,,,,,,,,,,,,
268.778,0,0,0,0,0,0,0,0,12,0,0,0,0,76,30,3,1844,0,0,0,0,1,309,0,0,0,21,0,0,0,0,0,0,0,0,0,76,0,0,182,79,0,0,0,0,0,0,0,0,0,0,0,0,0,0,0,0,0,0,0,0,0,0,0,0,0,0,0,,,,,,,,,,,,,,,,
269.345,0,0,0,0,0,0,0,0,12,0,0,0,0,76,30,3,1844,0,0,0,0,1,309,0,0,0,21,0,0,0,0,0,0,0,0,0,76,0,0,182,79,0,0,0,0,0,0,0,0,0,0,0,0,0,0,0,0,0,0,0,0,0,0,0,0,0,0,0,,,,,,,,,,,,,,,,
269.345,0,0,0,0,0,0,0,0,12,0,0,0,0,76,30,3,1844,0,0,0,0,1,309,0,0,0,21,0,0,0,0,0,0,0,0,0,76,0,0,182,79,0,0,0,0,0,0,0,0,0,0,0,0,0,0,0,0,0,0,0,0,0,0,0,0,0,0,0,,,,,,,,,,,,,,,,
269.345,0,0,0,0,0,0,0,0,12,0,0,0,0,76,30,3,1844,0,0,0,0,1,309,0,0,0,21,0,0,0,0,0,0,0,0,0,76,0,0,182,79,0,0,0,0,0,0,0,0,0,0,0,0,0,0,0,0,0,0,0,0,0,0,0,0,0,0,0,,,,,,,,,,,,,,,,
269.345,0,0,0,0,0,0,0,0,12,0,0,0,0,76,30,3,1844,0,0,0,0,1,309,0,0,0,21,0,0,0,0,0,0,0,0,0,76,0,0,182,79,0,0,0,0,0,0,0,0,0,0,0,0,0,0,0,0,0,0,0,0,0,0,0,0,0,0,0,,,,,,,,,,,,,,,,
269.930,0,0,0,0,0,0,0,0,12,0,0,0,0,76,30,3,1844,0,0,0,0,1,309,0,0,0,21,0,0,0,0,0,0,0,0,0,76,0,0,182,79,0,0,0,0,0,0,0,0,0,0,0,0,0,0,0,0,0,0,0,0,0,0,0,0,0,0,0,,,,,,,,,,,,,,,,
269.930,0,0,0,0,0,0,0,0,12,0,0,0,0,76,30,3,1844,0,0,0,0,1,309,0,0,0,21,0,0,0,0,0,0,0,0,0,76,0,0,196,79,0,0,0,0,0,0,0,0,0,0,0,0,0,0,0,0,0,0,0,0,0,0,0,0,0,0,0,,,,,,,,,,,,,,,,
269.930,0,0,0,0,0,0,0,0,12,0,0,0,0,76,30,3,1844,0,0,0,0,1,309,0,0,0,21,0,0,0,0,0,0,0,0,0,76,0,0,196,79,0,0,0,0,0,0,0,0,0,0,0,0,0,0,0,0,0,0,0,0,0,0,0,0,0,0,0,,,,,,,,,,,,,,,,
270.645,0,0,0,0,0,0,0,0,12,0,0,0,0,76,30,3,1844,0,0,0,0,1,309,0,0,0,21,0,0,0,0,0,0,0,0,0,76,0,0,196,79,0,0,0,0,0,0,0,0,0,0,0,0,0,0,0,0,0,0,0,0,0,0,0,0,0,0,0,,,,,,,,,,,,,,,,
270.645,0,0,0,0,0,0,0,0,12,0,0,0,0,76,30,3,1844,0,0,0,0,1,309,0,0,0,21,0,0,0,0,0,0,0,0,0,76,0,0,196,79,0,0,0,0,0,0,0,0,0,0,0,0,0,0,0,0,0,0,0,0,0,0,0,0,0,0,0,,,,,,,,,,,,,,,,
270.645,0,0,0,0,0,0,0,0,12,0,0,0,0,76,30,3,1844,0,0,0,0,1,309,0,0,0,21,0,0,0,0,0,0,0,0,0,76,0,0,196,79,0,0,0,0,0,0,0,0,0,0,0,0,0,0,0,0,0,0,0,0,0,0,0,0,0,0,0,,,,,,,,,,,,,,,,
271.634,0,0,0,0,0,0,0,0,12,0,0,0,0,76,30,3,1844,0,0,0,0,1,309,0,0,0,21,0,0,0,0,0,0,0,0,0,76,0,0,196,79,0,0,0,0,0,0,0,0,0,0,0,0,0,0,0,0,0,0,0,0,0,0,0,0,0,0,0,,,,,,,,,,,,,,,,
271.634,0,0,0,0,0,0,0,0,12,0,0,0,0,76,30,3,1844,0,0,0,0,1,309,0,0,0,21,0,0,0,0,0,0,0,0,0,76,0,0,206,79,0,0,0,0,0,0,0,0,0,0,0,0,0,0,0,0,0,0,0,0,0,0,0,0,0,0,0,,,,,,,,,,,,,,,,
271.634,0,0,0,0,0,0,0,0,12,0,0,0,0,76,30,3,1844,0,0,0,0,1,309,0,0,0,21,0,0,0,0,0,0,0,0,0,76,0,0,206,79,0,0,0,0,0,0,0,0,0,0,0,0,0,0,0,0,0,0,0,0,0,0,0,0,0,0,0,,,,,,,,,,,,,,,,
272.196,0,0,0,0,0,0,0,0,12,0,0,0,0,76,30,3,1844,0,0,0,0,1,309,0,0,0,21,0,0,0,0,0,0,0,0,0,76,0,0,206,79,0,0,0,0,0,0,0,0,0,0,0,0,0,0,0,0,0,0,0,0,0,0,0,0,0,0,0,,,,,,,,,,,,,,,,
272.196,0,0,0,0,0,0,0,0,12,0,0,0,0,76,30,3,1844,0,0,0,0,1,309,0,0,0,21,0,0,0,0,0,0,0,0,0,76,0,0,206,79,0,0,0,0,0,0,0,0,0,0,0,0,0,0,0,0,0,0,0,0,0,0,0,0,0,0,0,,,,,,,,,,,,,,,,
272.196,0,0,0,0,0,0,0,0,12,0,0,0,0,76,30,3,1844,0,0,0,0,1,309,0,0,0,21,0,0,0,0,0,0,0,0,0,76,0,0,206,79,0,0,0,0,0,0,0,0,0,0,0,0,0,0,0,0,0,0,0,0,0,0,0,0,0,0,0,,,,,,,,,,,,,,,,
272.783,0,0,0,0,0,0,0,0,12,0,0,0,0,76,30,3,1844,0,0,0,0,1,309,0,0,0,21,0,0,0,0,0,0,0,0,0,76,0,0,206,79,0,0,0,0,0,0,0,0,0,0,0,0,0,0,0,0,0,0,0,0,0,0,0,0,0,0,0,,,,,,,,,,,,,,,,
272.783,0,0,0,0,0,0,0,0,12,0,0,0,0,76,30,3,1844,0,0,0,0,1,309,0,0,0,21,0,0,0,0,0,0,0,0,0,76,0,0,206,79,0,0,0,0,0,0,0,0,0,0,0,0,0,0,0,0,0,0,0,0,0,0,0,0,0,0,0,,,,,,,,,,,,,,,,
272.783,0,0,0,0,0,0,0,0,12,0,0,0,0,76,30,3,1844,0,0,0,0,1,309,0,0,0,21,0,0,0,0,0,0,0,0,0,76,0,0,206,79,0,0,0,0,0,0,0,0,0,0,0,0,0,0,0,0,0,0,0,0,0,0,0,0,0,0,0,,,,,,,,,,,,,,,,
272.783,0,0,0,0,0,0,0,0,12,0,0,0,0,76,30,3,2168,0,0,0,0,1,309,0,0,0,21,0,0,0,0,0,0,0,0,0,76,0,0,206,79,0,0,0,0,0,0,0,0,0,0,0,0,0,0,0,0,0,0,0,0,0,0,0,0,0,0,0,,,,,,,,,,,,,,,,
273.347,0,0,0,0,0,0,0,0,12,0,0,0,0,76,30,3,2168,0,0,0,0,1,309,0,0,0,21,0,0,0,0,0,0,0,0,0,76,0,0,206,79,0,0,0,0,0,0,0,0,0,0,0,0,0,0,0,0,0,0,0,0,0,0,0,0,0,0,0,,,,,,,,,,,,,,,,
273.347,0,0,0,0,0,0,0,0,12,0,0,0,0,76,30,3,2168,0,0,0,0,1,309,0,0,0,21,0,0,0,0,0,0,0,0,0,76,0,0,206,79,0,0,0,0,0,0,0,0,0,0,0,0,0,0,0,0,0,0,0,0,0,0,0,0,0,0,0,,,,,,,,,,,,,,,,
273.347,0,0,0,0,0,0,0,0,12,0,0,0,0,76,30,3,2168,0,0,0,0,1,309,0,0,0,21,0,0,0,0,0,0,0,0,0,76,0,0,206,79,0,0,0,0,0,0,0,0,0,0,0,0,0,0,0,0,0,0,0,0,0,0,0,0,0,0,0,,,,,,,,,,,,,,,,
273.983,0,0,0,0,0,0,0,0,12,0,0,0,0,76,30,3,2168,0,0,0,0,1,309,0,0,0,21,0,0,0,0,0,0,0,0,0,76,0,0,206,79,0,0,0,0,0,0,0,0,0,0,0,0,0,0,0,0,0,0,0,0,0,0,0,0,0,0,0,,,,,,,,,,,,,,,,
273.983,0,0,0,0,0,0,0,0,12,0,0,0,0,76,30,3,2168,0,0,0,0,1,309,0,0,0,21,0,0,0,0,0,0,0,0,0,76,0,0,185,79,0,0,0,0,0,0,0,0,0,0,0,0,0,0,0,0,0,0,0,0,0,0,0,0,0,0,0,,,,,,,,,,,,,,,,
273.983,0,0,0,0,0,0,0,0,12,0,0,0,0,76,30,3,2168,0,0,0,0,1,309,0,0,0,21,0,0,0,0,0,0,0,0,0,76,0,0,185,79,0,0,0,0,0,0,0,0,0,0,0,0,0,0,0,0,0,0,0,0,0,0,0,0,0,0,0,,,,,,,,,,,,,,,,
274.492,0,0,0,0,0,0,0,0,12,0,0,0,0,76,30,3,2168,0,0,0,0,1,309,0,0,0,21,0,0,0,0,0,0,0,0,0,76,0,0,185,79,0,0,0,0,0,0,0,0,0,0,0,0,0,0,0,0,0,0,0,0,0,0,0,0,0,0,0,,,,,,,,,,,,,,,,
274.492,0,0,0,0,0,0,0,0,12,0,0,0,0,76,30,3,2168,0,0,0,0,1,309,0,0,0,21,0,0,0,0,0,0,0,0,0,76,0,0,185,79,0,0,0,0,0,0,0,0,0,0,0,0,0,0,0,0,0,0,0,0,0,0,0,0,0,0,0,,,,,,,,,,,,,,,,
274.492,0,0,0,0,0,0,0,0,12,0,0,0,0,76,30,3,2168,0,0,0,0,1,309,0,0,0,21,0,0,0,0,0,0,0,0,0,76,0,0,185,79,0,0,0,0,0,0,0,0,0,0,0,0,0,0,0,0,0,0,0,0,0,0,0,0,0,0,0,,,,,,,,,,,,,,,,
274.492,0,0,0,0,0,0,0,0,12,0,0,0,0,76,30,3,2168,0,0,0,0,1,309,0,0,0,21,0,0,0,0,0,0,0,0,0,76,0,0,185,79,0,0,0,0,0,0,0,0,0,0,0,0,0,0,0,0,0,0,0,0,0,0,0,0,0,0,0,,,,,,,,,,,,,,,,
275.062,0,0,0,0,0,0,0,0,12,0,0,0,0,76,30,3,2168,0,0,0,0,1,309,0,0,0,21,0,0,0,0,0,0,0,0,0,76,0,0,185,79,0,0,0,0,0,0,0,0,0,0,0,0,0,0,0,0,0,0,0,0,0,0,0,0,0,0,0,,,,,,,,,,,,,,,,
275.062,0,0,0,0,0,0,0,0,12,0,0,0,0,76,30,3,2168,0,0,0,0,1,309,0,0,0,21,0,0,0,0,0,0,0,0,0,76,0,0,185,79,0,0,0,0,0,0,0,0,0,0,0,0,0,0,0,0,0,0,0,0,0,0,0,0,0,0,0,,,,,,,,,,,,,,,,
275.062,0,0,0,0,0,0,0,0,12,0,0,0,0,76,30,3,2168,0,0,0,0,1,309,0,0,0,21,0,0,0,0,0,0,0,0,0,76,0,0,185,79,0,0,0,0,0,0,0,0,0,0,0,0,0,0,0,0,0,0,0,0,0,0,0,0,0,0,0,,,,,,,,,,,,,,,,
275.645,0,0,0,0,0,0,0,0,12,0,0,0,0,76,30,3,2168,0,0,0,0,1,309,0,0,0,21,0,0,0,0,0,0,0,0,0,76,0,0,185,79,0,0,0,0,0,0,0,0,0,0,0,0,0,0,0,0,0,0,0,0,0,0,0,0,0,0,0,,,,,,,,,,,,,,,,
275.645,0,0,0,0,0,0,0,0,12,0,0,0,0,76,30,3,2168,0,0,0,0,1,309,0,0,0,21,0,0,0,0,0,0,0,0,0,76,0,0,188,79,0,0,0,0,0,0,0,0,0,0,0,0,0,0,0,0,0,0,0,0,0,0,0,0,0,0,0,,,,,,,,,,,,,,,,
275.645,0,0,0,0,0,0,0,0,12,0,0,0,0,76,30,3,2168,0,0,0,0,1,309,0,0,0,21,0,0,0,0,0,0,0,0,0,77,0,0,188,79,0,0,0,0,0,0,0,0,0,0,0,0,0,0,0,0,0,0,0,0,0,0,0,0,0,0,0,,,,,,,,,,,,,,,,
276.213,0,0,0,0,0,0,0,0,12,0,0,0,0,76,30,3,2168,0,0,0,0,1,309,0,0,0,21,0,0,0,0,0,0,0,0,0,77,0,0,188,79,0,0,0,0,0,0,0,0,0,0,0,0,0,0,0,0,0,0,0,0,0,0,0,0,0,0,0,,,,,,,,,,,,,,,,
276.213,0,0,0,0,0,0,0,0,12,0,0,0,0,76,30,3,2168,0,0,0,0,1,309,0,0,0,21,0,0,0,0,0,0,0,0,0,77,0,0,188,79,0,0,0,0,0,0,0,0,0,0,0,0,0,0,0,0,0,0,0,0,0,0,0,0,0,0,0,,,,,,,,,,,,,,,,
276.213,0,0,0,0,0,0,0,0,12,0,0,0,0,76,30,3,2168,0,0,0,0,1,309,0,0,0,21,0,0,0,0,0,0,0,0,0,77,0,0,188,79,0,0,0,0,0,0,0,0,0,0,0,0,0,0,0,0,0,0,0,0,0,0,0,0,0,0,0,,,,,,,,,,,,,,,,
276.777,0,0,0,0,0,0,0,0,12,0,0,0,0,76,30,3,2168,0,0,0,0,1,309,0,0,0,21,0,0,0,0,0,0,0,0,0,77,0,0,188,79,0,0,0,0,0,0,0,0,0,0,0,0,0,0,0,0,0,0,0,0,0,0,0,0,0,0,0,,,,,,,,,,,,,,,,
276.777,0,0,0,0,0,0,0,0,12,0,0,0,0,75,30,3,2168,0,0,0,0,1,309,0,0,0,21,0,0,0,0,0,0,0,0,0,77,0,0,188,79,0,0,0,0,0,0,0,0,0,0,0,0,0,0,0,0,0,0,0,0,0,0,0,0,0,0,0,,,,,,,,,,,,,,,,
276.777,0,0,0,0,0,0,0,0,12,0,0,0,0,75,30,3,2168,0,0,0,0,1,309,0,0,0,21,0,0,0,0,0,0,0,0,0,77,0,0,188,79,0,0,0,0,0,0,0,0,0,0,0,0,0,0,0,0,0,0,0,0,0,0,0,0,0,0,0,,,,,,,,,,,,,,,,
277.628,0,0,0,0,0,0,0,0,12,0,0,0,0,75,30,3,2168,0,0,0,0,1,308,0,0,0,21,0,0,0,0,0,0,0,0,0,77,0,0,188,79,0,0,0,0,0,0,0,0,0,0,0,0,0,0,0,0,0,0,0,0,0,0,0,0,0,0,0,,,,,,,,,,,,,,,,
277.628,0,0,0,0,0,0,0,0,12,0,0,0,0,75,30,3,2168,0,0,0,0,1,308,0,0,0,21,0,0,0,0,0,0,0,0,0,77,0,0,201,79,0,0,0,0,0,0,0,0,0,0,0,0,0,0,0,0,0,0,0,0,0,0,0,0,0,0,0,,,,,,,,,,,,,,,,
277.628,0,0,0,0,0,0,0,0,12,0,0,0,0,75,30,3,2168,0,0,0,0,1,308,0,0,0,21,0,0,0,0,0,0,0,0,0,75,0,0,201,79,0,0,0,0,0,0,0,0,0,0,0,0,0,0,0,0,0,0,0,0,0,0,0,0,0,0,0,,,,,,,,,,,,,,,,
278.633,0,0,0,0,0,0,0,0,12,0,0,0,0,75,30,3,2168,0,0,0,0,1,308,0,0,0,21,0,0,0,0,0,0,0,0,0,75,0,0,201,79,0,0,0,0,0,0,0,0,0,0,0,0,0,0,0,0,0,0,0,0,0,0,0,0,0,0,0,,,,,,,,,,,,,,,,
278.633,0,0,0,0,0,0,0,0,12,0,0,0,0,75,30,3,2168,0,0,0,0,1,308,0,0,0,21,0,0,0,0,0,0,0,0,0,75,0,0,201,79,0,0,0,0,0,0,0,0,0,0,0,0,0,0,0,0,0,0,0,0,0,0,0,0,0,0,0,,,,,,,,,,,,,,,,
278.633,0,0,0,0,0,0,0,0,12,0,0,0,0,75,30,3,2168,0,0,0,0,1,308,0,0,0,21,0,0,0,0,0,0,0,0,0,75,0,0,201,79,0,0,0,0,0,0,0,0,0,0,0,0,0,0,0,0,0,0,0,0,0,0,0,0,0,0,0,,,,,,,,,,,,,,,,
279.248,0,0,0,0,0,0,0,0,12,0,0,0,0,75,30,3,2168,0,0,0,0,1,308,0,0,0,21,0,0,0,0,0,0,0,0,0,75,0,0,201,79,0,0,0,0,0,0,0,0,0,0,0,0,0,0,0,0,0,0,0,0,0,0,0,0,0,0,0,,,,,,,,,,,,,,,,
279.248,0,0,0,0,0,0,0,0,12,0,0,0,0,75,30,3,2168,0,0,0,0,1,308,0,0,0,21,0,0,0,0,0,0,0,0,0,75,0,0,201,79,0,0,0,0,0,0,0,0,0,0,0,0,0,0,0,0,0,0,0,0,0,0,0,0,0,0,0,,,,,,,,,,,,,,,,
279.248,0,0,0,0,0,0,0,0,12,0,0,0,0,75,30,3,2168,0,0,0,0,1,308,0,0,0,21,0,0,0,0,0,0,0,0,0,75,0,0,201,79,0,0,0,0,0,0,0,0,0,0,0,0,0,0,0,0,0,0,0,0,0,0,0,0,0,0,0,,,,,,,,,,,,,,,,
279.248,0,0,0,0,0,0,0,0,12,0,0,0,0,75,30,3,2168,0,0,0,0,1,308,0,0,0,21,0,0,0,0,0,0,0,0,0,75,0,0,201,79,0,0,0,0,0,0,0,0,0,0,0,0,0,0,0,0,0,0,0,0,0,0,0,0,0,0,0,,,,,,,,,,,,,,,,
279.788,0,0,0,0,0,0,0,0,12,0,0,0,0,75,30,3,2168,0,0,0,0,1,308,0,0,0,21,0,0,0,0,0,0,0,0,0,75,0,0,201,79,0,0,0,0,0,0,0,0,0,0,0,0,0,0,0,0,0,0,0,0,0,0,0,0,0,0,0,,,,,,,,,,,,,,,,
279.788,0,0,0,0,0,0,0,0,12,0,0,0,0,75,30,3,2168,0,0,0,0,1,308,0,0,0,21,0,0,0,0,0,0,0,0,0,75,0,0,180,79,0,0,0,0,0,0,0,0,0,0,0,0,0,0,0,0,0,0,0,0,0,0,0,0,0,0,0,,,,,,,,,,,,,,,,
279.788,0,0,0,0,0,0,0,0,12,0,0,0,0,75,30,3,2168,0,0,0,0,1,308,0,0,0,21,0,0,0,0,0,0,0,0,0,76,0,0,180,79,0,0,0,0,0,0,0,0,0,0,0,0,0,0,0,0,0,0,0,0,0,0,0,0,0,0,0,,,,,,,,,,,,,,,,
280.357,0,0,0,0,0,0,0,0,12,0,0,0,0,75,30,3,2168,0,0,0,0,1,308,0,0,0,21,0,0,0,0,0,0,0,0,0,76,0,0,180,79,0,0,0,0,0,0,0,0,0,0,0,0,0,0,0,0,0,0,0,0,0,0,0,0,0,0,0,,,,,,,,,,,,,,,,
280.357,0,0,0,0,0,0,0,0,12,0,0,0,0,75,30,3,2168,0,0,0,0,1,308,0,0,0,21,0,0,0,0,0,0,0,0,0,76,0,0,180,79,0,0,0,0,0,0,0,0,0,0,0,0,0,0,0,0,0,0,0,0,0,0,0,0,0,0,0,,,,,,,,,,,,,,,,
280.357,0,0,0,0,0,0,0,0,12,0,0,0,0,75,30,3,2168,0,0,0,0,1,308,0,0,0,21,0,0,0,0,0,0,0,0,0,76,0,0,180,79,0,0,0,0,0,0,0,0,0,0,0,0,0,0,0,0,0,0,0,0,0,0,0,0,0,0,0,,,,,,,,,,,,,,,,
280.911,0,0,0,0,0,0,0,0,12,0,0,0,0,75,30,3,2168,0,0,0,0,1,308,0,0,0,21,0,0,0,0,0,0,0,0,0,76,0,0,180,79,0,0,0,0,0,0,0,0,0,0,0,0,0,0,0,0,0,0,0,0,0,0,0,0,0,0,0,,,,,,,,,,,,,,,,
280.911,0,0,0,0,0,0,0,0,12,0,0,0,0,75,30,3,2168,0,0,0,0,1,308,0,0,0,21,0,0,0,0,0,0,0,0,0,76,0,0,180,79,0,0,0,0,0,0,0,0,0,0,0,0,0,0,0,0,0,0,0,0,0,0,0,0,0,0,0,,,,,,,,,,,,,,,,
280.911,0,0,0,0,0,0,0,0,12,0,0,0,0,75,30,3,2168,0,0,0,0,1,308,0,0,0,21,0,0,0,0,0,0,0,0,0,76,0,0,180,79,0,0,0,0,0,0,0,0,0,0,0,0,0,0,0,0,0,0,0,0,0,0,0,0,0,0,0,,,,,,,,,,,,,,,,
280.911,0,0,0,0,0,0,0,0,12,0,0,0,0,75,30,3,2033,0,0,0,0,1,308,0,0,0,21,0,0,0,0,0,0,0,0,0,76,0,0,180,79,0,0,0,0,0,0,0,0,0,0,0,0,0,0,0,0,0,0,0,0,0,0,0,0,0,0,0,,,,,,,,,,,,,,,,
281.501,0,0,0,0,0,0,0,0,12,0,0,0,0,75,30,3,2033,0,0,0,0,1,308,0,0,0,21,0,0,0,0,0,0,0,0,0,76,0,0,180,79,0,0,0,0,0,0,0,0,0,0,0,0,0,0,0,0,0,0,0,0,0,0,0,0,0,0,0,,,,,,,,,,,,,,,,
281.501,0,0,0,0,0,0,0,0,12,0,0,0,0,75,30,3,2033,0,0,0,0,1,308,0,0,0,21,0,0,0,0,0,0,0,0,0,76,0,0,180,79,0,0,0,0,0,0,0,0,0,0,0,0,0,0,0,0,0,0,0,0,0,0,0,0,0,0,0,,,,,,,,,,,,,,,,
281.501,0,0,0,0,0,0,0,0,12,0,0,0,0,75,30,3,2033,0,0,0,0,1,308,0,0,0,21,0,0,0,0,0,0,0,0,0,76,0,0,180,79,0,0,0,0,0,0,0,0,0,0,0,0,0,0,0,0,0,0,0,0,0,0,0,0,0,0,0,,,,,,,,,,,,,,,,
282.058,0,0,0,0,0,0,0,0,12,0,0,0,0,75,30,3,2033,0,0,0,0,1,309,0,0,0,21,0,0,0,0,0,0,0,0,0,76,0,0,180,79,0,0,0,0,0,0,0,0,0,0,0,0,0,0,0,0,0,0,0,0,0,0,0,0,0,0,0,,,,,,,,,,,,,,,,
282.058,0,0,0,0,0,0,0,0,12,0,0,0,0,75,30,3,2033,0,0,0,0,1,309,0,0,0,21,0,0,0,0,0,0,0,0,0,76,0,0,182,79,0,0,0,0,0,0,0,0,0,0,0,0,0,0,0,0,0,0,0,0,0,0,0,0,0,0,0,,,,,,,,,,,,,,,,
282.058,0,0,0,0,0,0,0,0,12,0,0,0,0,75,30,3,2033,0,0,0,0,1,309,0,0,0,21,0,0,0,0,0,0,0,0,0,76,0,0,182,79,0,0,0,0,0,0,0,0,0,0,0,0,0,0,0,0,0,0,0,0,0,0,0,0,0,0,0,,,,,,,,,,,,,,,,
282.644,0,0,0,0,0,0,0,0,12,0,0,0,0,75,30,3,2033,0,0,0,0,1,309,0,0,0,21,0,0,0,0,0,0,0,0,0,76,0,0,182,79,0,0,0,0,0,0,0,0,0,0,0,0,0,0,0,0,0,0,0,0,0,0,0,0,0,0,0,,,,,,,,,,,,,,,,
282.644,0,0,0,0,0,0,0,0,12,0,0,0,0,75,30,3,2033,0,0,0,0,1,309,0,0,0,21,0,0,0,0,0,0,0,0,0,76,0,0,182,79,0,0,0,0,0,0,0,0,0,0,0,0,0,0,0,0,0,0,0,0,0,0,0,0,0,0,0,,,,,,,,,,,,,,,,
282.644,0,0,0,0,0,0,0,0,12,0,0,0,0,75,30,3,2033,0,0,0,0,1,309,0,0,0,21,0,0,0,0,0,0,0,0,0,76,0,0,182,79,0,0,0,0,0,0,0,0,0,0,0,0,0,0,0,0,0,0,0,0,0,0,0,0,0,0,0,,,,,,,,,,,,,,,,
283.630,0,0,0,0,0,0,0,0,12,0,0,0,0,75,30,3,2033,0,0,0,0,1,309,0,0,0,21,0,0,0,0,0,0,0,0,0,76,0,0,182,79,0,0,0,0,0,0,0,0,0,0,0,0,0,0,0,0,0,0,0,0,0,0,0,0,0,0,0,,,,,,,,,,,,,,,,
283.630,0,0,0,0,0,0,0,0,12,0,0,0,0,75,30,3,2033,0,0,0,0,1,309,0,0,0,21,0,0,0,0,0,0,0,0,0,76,0,0,193,79,0,0,0,0,0,0,0,0,0,0,0,0,0,0,0,0,0,0,0,0,0,0,0,0,0,0,0,,,,,,,,,,,,,,,,
283.630,0,0,0,0,0,0,0,0,12,0,0,0,0,75,30,3,2033,0,0,0,0,1,309,0,0,0,21,0,0,0,0,0,0,0,0,0,76,0,0,193,79,0,0,0,0,0,0,0,0,0,0,0,0,0,0,0,0,0,0,0,0,0,0,0,0,0,0,0,,,,,,,,,,,,,,,,
284.192,0,0,0,0,0,0,0,0,12,0,0,0,0,75,30,3,2033,0,0,0,0,1,309,0,0,0,21,0,0,0,0,0,0,0,0,0,76,0,0,193,79,0,0,0,0,0,0,0,0,0,0,0,0,0,0,0,0,0,0,0,0,0,0,0,0,0,0,0,,,,,,,,,,,,,,,,
284.192,0,0,0,0,0,0,0,0,12,0,0,0,0,75,30,3,2033,0,0,0,0,2,309,0,0,0,21,0,0,0,0,0,0,0,0,0,76,0,0,193,79,0,0,0,0,0,0,0,0,0,0,0,0,0,0,0,0,0,0,0,0,0,0,0,0,0,0,0,,,,,,,,,,,,,,,,
284.192,0,0,0,0,0,0,0,0,12,0,0,0,0,75,30,3,2033,0,0,0,0,2,309,0,0,0,21,0,0,0,0,0,0,0,0,0,76,0,0,193,79,0,0,0,0,0,0,0,0,0,0,0,0,0,0,0,0,0,0,0,0,0,0,0,0,0,0,0,,,,,,,,,,,,,,,,
284.771,0,0,0,0,0,0,0,0,12,0,0,0,0,75,30,3,2033,0,0,0,0,2,309,0,0,0,21,0,0,0,0,0,0,0,0,0,76,0,0,193,79,0,0,0,0,0,0,0,0,0,0,0,0,0,0,0,0,0,0,0,0,0,0,0,0,0,0,0,,,,,,,,,,,,,,,,
284.771,0,0,0,0,0,0,0,0,12,0,0,0,0,75,30,3,2033,0,0,0,0,2,309,0,0,0,21,0,0,0,0,0,0,0,0,0,76,0,0,193,79,0,0,0,0,0,0,0,0,0,0,0,0,0,0,0,0,0,0,0,0,0,0,0,0,0,0,0,,,,,,,,,,,,,,,,
284.771,0,0,0,0,0,0,0,0,12,0,0,0,0,75,30,3,2033,0,0,0,0,2,309,0,0,0,21,0,0,0,0,0,0,0,0,0,76,0,0,193,79,0,0,0,0,0,0,0,0,0,0,0,0,0,0,0,0,0,0,0,0,0,0,0,0,0,0,0,,,,,,,,,,,,,,,,
284.771,0,0,0,0,0,0,0,0,12,0,0,0,0,75,30,3,2033,0,0,0,0,2,309,0,0,0,21,0,0,0,0,0,0,0,0,0,76,0,0,193,79,0,0,0,0,0,0,0,0,0,0,0,0,0,0,0,0,0,0,0,0,0,0,0,0,0,0,0,,,,,,,,,,,,,,,,
295.156,0,0,0,0,0,0,0,0,12,0,0,0,0,75,30,3,2033,0,0,0,0,2,309,0,0,0,21,0,0,0,0,0,0,0,0,0,76,0,0,193,79,0,0,0,0,0,0,0,0,0,0,0,0,0,0,0,0,0,0,0,0,0,0,0,0,0,0,0,,,,,,,,,,,,,,,,
295.156,0,0,0,0,0,0,0,0,12,0,0,0,0,75,30,3,2033,0,0,0,0,2,309,0,0,0,21,0,0,0,0,0,0,0,0,0,76,0,0,193,79,0,0,0,0,0,0,0,0,0,0,0,0,0,0,0,0,0,0,0,0,0,0,0,0,0,0,0,,,,,,,,,,,,,,,,
295.156,0,0,0,0,0,0,0,0,12,0,0,0,0,75,30,3,2033,0,0,0,0,2,309,0,0,0,21,0,0,0,0,0,0,0,0,0,76,0,0,193,79,0,0,0,0,0,0,0,0,0,0,0,0,0,0,0,0,0,0,0,0,0,0,0,0,0,0,0,,,,,,,,,,,,,,,,
347.846,0,0,0,0,0,0,0,0,12,0,0,0,0,75,30,3,2033,0,0,0,0,2,308,0,0,0,21,0,0,0,0,0,0,0,0,0,76,0,0,193,79,0,0,0,0,0,0,0,0,0,0,0,0,0,0,0,0,0,0,0,0,0,0,0,0,0,0,0,,,,,,,,,,,,,,,,
347.846,0,0,0,0,0,0,0,0,12,0,0,0,0,75,30,3,2033,0,0,0,0,2,308,0,0,0,21,0,0,0,0,0,0,0,0,0,76,0,0,175,79,0,0,0,0,0,0,0,0,0,0,0,0,0,0,0,0,0,0,0,0,0,0,0,0,0,0,0,,,,,,,,,,,,,,,,
347.846,0,0,0,0,0,0,0,0,12,0,0,0,0,75,30,3,2033,0,0,0,0,2,308,0,0,0,21,0,0,0,0,0,0,0,0,0,76,0,0,175,79,0,0,0,0,0,0,0,0,0,0,0,0,0,0,0,0,0,0,0,0,0,0,0,0,0,0,0,,,,,,,,,,,,,,,,
348.415,0,0,0,0,0,0,0,0,12,0,0,0,0,75,30,3,2033,0,0,0,0,2,308,0,0,0,21,0,0,0,0,0,0,0,0,0,76,0,0,175,79,0,0,0,0,0,0,0,0,0,0,0,0,0,0,0,0,0,0,0,0,0,0,0,0,0,0,0,,,,,,,,,,,,,,,,
348.415,0,0,0,0,0,0,0,0,12,0,0,0,0,76,30,3,2033,0,0,0,0,2,308,0,0,0,21,0,0,0,0,0,0,0,0,0,76,0,0,175,79,0,0,0,0,0,0,0,0,0,0,0,0,0,0,0,0,0,0,0,0,0,0,0,0,0,0,0,,,,,,,,,,,,,,,,
348.415,0,0,0,0,0,0,0,0,12,0,0,0,0,76,30,3,2033,0,0,0,0,2,308,0,0,0,21,0,0,0,0,0,0,0,0,0,76,0,0,175,78,0,0,0,0,0,0,0,0,0,0,0,0,0,0,0,0,0,0,0,0,0,0,0,0,0,0,0,,,,,,,,,,,,,,,,
348.987,0,0,0,0,0,0,0,0,12,0,0,0,0,76,30,3,2033,0,0,0,0,2,308,0,0,0,21,0,0,0,0,0,0,0,0,0,76,0,0,175,78,0,0,0,0,0,0,0,0,0,0,0,0,0,0,0,0,0,0,0,0,0,0,0,0,0,0,0,,,,,,,,,,,,,,,,
348.987,0,0,0,0,0,0,0,0,12,0,0,0,0,76,30,3,2033,0,0,0,0,0,308,0,0,0,21,0,0,0,0,0,0,0,0,0,76,0,0,175,78,0,0,0,0,0,0,0,0,0,0,0,0,0,0,0,0,0,0,0,0,0,0,0,0,0,0,0,,,,,,,,,,,,,,,,
348.987,0,0,0,0,0,0,0,0,12,0,0,0,0,76,30,3,2033,0,0,0,0,0,308,0,0,0,21,0,0,0,0,0,0,0,0,0,76,0,0,175,78,0,0,0,0,0,0,0,0,0,0,0,0,0,0,0,0,0,0,0,0,0,0,0,0,0,0,0,,,,,,,,,,,,,,,,
349.558,0,0,0,0,0,0,0,0,12,0,0,0,0,76,30,3,2033,0,0,0,0,0,308,0,0,0,21,0,0,0,0,0,0,0,0,0,76,0,0,175,78,0,0,0,0,0,0,0,0,0,0,0,0,0,0,0,0,0,0,0,0,0,0,0,0,0,0,0,,,,,,,,,,,,,,,,
349.558,0,0,0,0,0,0,0,0,12,0,0,0,0,76,30,3,2033,0,0,0,0,0,308,0,0,0,21,0,0,0,0,0,0,0,0,0,76,0,0,175,78,0,0,0,0,0,0,0,0,0,0,0,0,0,0,0,0,0,0,0,0,0,0,0,0,0,0,0,,,,,,,,,,,,,,,,
349.558,0,0,0,0,0,0,0,0,12,0,0,0,0,76,30,3,2033,0,0,0,0,0,308,0,0,0,21,0,0,0,0,0,0,0,0,0,76,0,0,175,78,0,0,0,0,0,0,0,0,0,0,0,0,0,0,0,0,0,0,0,0,0,0,0,0,0,0,0,,,,,,,,,,,,,,,,
349.558,0,0,0,0,0,0,0,0,12,0,0,0,0,76,30,3,2033,0,0,0,0,0,308,0,0,0,21,0,0,0,0,0,0,0,0,0,76,0,0,175,78,0,0,0,0,0,0,0,0,0,0,0,0,0,0,0,0,0,0,0,0,0,0,0,0,0,0,0,,,,,,,,,,,,,,,,
350.124,0,0,0,0,0,0,0,0,12,0,0,0,0,76,30,3,2033,0,0,0,0,0,308,0,0,0,21,0,0,0,0,0,0,0,0,0,76,0,0,175,78,0,0,0,0,0,0,0,0,0,0,0,0,0,0,0,0,0,0,0,0,0,0,0,0,0,0,0,,,,,,,,,,,,,,,,
350.124,0,0,0,0,0,0,0,0,12,0,0,0,0,76,30,3,2033,0,0,0,0,0,308,0,0,0,21,0,0,0,0,0,0,0,0,0,76,0,0,175,78,0,0,0,0,0,0,0,0,0,0,0,0,0,0,0,0,0,0,0,0,0,0,0,0,0,0,0,,,,,,,,,,,,,,,,
350.124,0,0,0,0,0,0,0,0,12,0,0,0,0,76,30,3,2033,0,0,0,0,0,308,0,0,0,21,0,0,0,0,0,0,0,0,0,76,0,0,175,78,0,0,0,0,0,0,0,0,0,0,0,0,0,0,0,0,0,0,0,0,0,0,0,0,0,0,0,,,,,,,,,,,,,,,,
350.124,0,0,0,0,0,0,0,0,12,0,0,0,0,76,30,3,2058,0,0,0,0,0,308,0,0,0,21,0,0,0,0,0,0,0,0,0,76,0,0,175,78,0,0,0,0,0,0,0,0,0,0,0,0,0,0,0,0,0,0,0,0,0,0,0,0,0,0,0,,,,,,,,,,,,,,,,
350.697,0,0,0,0,0,0,0,0,12,0,0,0,0,76,30,3,2058,0,0,0,0,0,308,0,0,0,21,0,0,0,0,0,0,0,0,0,76,0,0,175,78,0,0,0,0,0,0,0,0,0,0,0,0,0,0,0,0,0,0,0,0,0,0,0,0,0,0,0,,,,,,,,,,,,,,,,
350.697,0,0,0,0,0,0,0,0,12,0,0,0,0,76,30,3,2058,0,0,0,0,0,308,0,0,0,21,0,0,0,0,0,0,0,0,0,76,0,0,173,78,0,0,0,0,0,0,0,0,0,0,0,0,0,0,0,0,0,0,0,0,0,0,0,0,0,0,0,,,,,,,,,,,,,,,,
350.697,0,0,0,0,0,0,0,0,12,0,0,0,0,76,30,3,2058,0,0,0,0,0,308,0,0,0,21,0,0,0,0,0,0,0,0,0,76,0,0,173,78,0,0,0,0,0,0,0,0,0,0,0,0,0,0,0,0,0,0,0,0,0,0,0,0,0,0,0,,,,,,,,,,,,,,,,
351.267,0,0,0,0,0,0,0,0,12,0,0,0,0,76,30,3,2058,0,0,0,0,0,308,0,0,0,21,0,0,0,0,0,0,0,0,0,76,0,0,173,78,0,0,0,0,0,0,0,0,0,0,0,0,0,0,0,0,0,0,0,0,0,0,0,0,0,0,0,,,,,,,,,,,,,,,,
351.267,0,0,0,0,0,0,0,0,12,0,0,0,0,76,30,3,2058,0,0,0,0,0,308,0,0,0,21,0,0,0,0,0,0,0,0,0,76,0,0,173,78,0,0,0,0,0,0,0,0,0,0,0,0,0,0,0,0,0,0,0,0,0,0,0,0,0,0,0,,,,,,,,,,,,,,,,
351.267,0,0,0,0,0,0,0,0,12,0,0,0,0,76,30,3,2058,0,0,0,0,0,308,0,0,0,21,0,0,0,0,0,0,0,0,0,76,0,0,173,78,0,0,0,0,0,0,0,0,0,0,0,0,0,0,0,0,0,0,0,0,0,0,0,0,0,0,0,,,,,,,,,,,,,,,,
351.835,0,0,0,0,0,0,0,0,12,0,0,0,0,76,30,3,2058,0,0,0,0,0,306,0,0,0,21,0,0,0,0,0,0,0,0,0,76,0,0,173,78,0,0,0,0,0,0,0,0,0,0,0,0,0,0,0,0,0,0,0,0,0,0,0,0,0,0,0,,,,,,,,,,,,,,,,
351.835,0,0,0,0,0,0,0,0,12,0,0,0,0,76,30,3,2058,0,0,0,0,0,306,0,0,0,21,0,0,0,0,0,0,0,0,0,76,0,0,198,78,0,0,0,0,0,0,0,0,0,0,0,0,0,0,0,0,0,0,0,0,0,0,0,0,0,0,0,,,,,,,,,,,,,,,,
351.835,0,0,0,0,0,0,0,0,12,0,0,0,0,76,30,3,2058,0,0,0,0,0,306,0,0,0,21,0,0,0,0,0,0,0,0,0,75,0,0,198,78,0,0,0,0,0,0,0,0,0,0,0,0,0,0,0,0,0,0,0,0,0,0,0,0,0,0,0,,,,,,,,,,,,,,,,
352.408,0,0,0,0,0,0,0,0,12,0,0,0,0,76,30,3,2058,0,0,0,0,0,306,0,0,0,21,0,0,0,0,0,0,0,0,0,75,0,0,198,78,0,0,0,0,0,0,0,0,0,0,0,0,0,0,0,0,0,0,0,0,0,0,0,0,0,0,0,,,,,,,,,,,,,,,,
352.408,0,0,0,0,0,0,0,0,12,0,0,0,0,76,30,3,2058,0,0,0,0,0,306,0,0,0,21,0,0,0,0,0,0,0,0,0,75,0,0,198,78,0,0,0,0,0,0,0,0,0,0,0,0,0,0,0,0,0,0,0,0,0,0,0,0,0,0,0,,,,,,,,,,,,,,,,
352.408,0,0,0,0,0,0,0,0,12,0,0,0,0,76,30,3,2058,0,0,0,0,0,306,0,0,0,21,0,0,0,0,0,0,0,0,0,75,0,0,198,78,0,0,0,0,0,0,0,0,0,0,0,0,0,0,0,0,0,0,0,0,0,0,0,0,0,0,0,,,,,,,,,,,,,,,,
352.974,0,0,0,0,0,0,0,0,12,0,0,0,0,76,30,3,2058,0,0,0,0,0,306,0,0,0,21,0,0,0,0,0,0,0,0,0,75,0,0,198,78,0,0,0,0,0,0,0,0,0,0,0,0,0,0,0,0,0,0,0,0,0,0,0,0,0,0,0,,,,,,,,,,,,,,,,
352.974,0,0,0,0,0,0,0,0,12,0,0,0,0,76,30,3,2058,0,0,0,0,0,306,0,0,0,21,0,0,0,0,0,0,0,0,0,75,0,0,198,78,0,0,0,0,0,0,0,0,0,0,0,0,0,0,0,0,0,0,0,0,0,0,0,0,0,0,0,,,,,,,,,,,,,,,,
352.974,0,0,0,0,0,0,0,0,12,0,0,0,0,76,30,3,2058,0,0,0,0,0,306,0,0,0,21,0,0,0,0,0,0,0,0,0,75,0,0,198,78,0,0,0,0,0,0,0,0,0,0,0,0,0,0,0,0,0,0,0,0,0,0,0,0,0,0,0,,,,,,,,,,,,,,,,
353.546,0,0,0,0,0,0,0,0,12,0,0,0,0,76,30,3,2058,0,0,0,0,0,306,0,0,0,21,0,0,0,0,0,0,0,0,0,75,0,0,198,78,0,0,0,0,0,0,0,0,0,0,0,0,0,0,0,0,0,0,0,0,0,0,0,0,0,0,0,,,,,,,,,,,,,,,,
353.546,0,0,0,0,0,0,0,0,12,0,0,0,0,76,30,3,2058,0,0,0,0,0,306,0,0,0,21,0,0,0,0,0,0,0,0,0,75,0,0,198,78,0,0,0,0,0,0,0,0,0,0,0,0,0,0,0,0,0,0,0,0,0,0,0,0,0,0,0,,,,,,,,,,,,,,,,
353.546,0,0,0,0,0,0,0,0,12,0,0,0,0,76,30,3,2058,0,0,0,0,0,306,0,0,0,21,0,0,0,0,0,0,0,0,0,75,0,0,198,78,0,0,0,0,0,0,0,0,0,0,0,0,0,0,0,0,0,0,0,0,0,0,0,0,0,0,0,,,,,,,,,,,,,,,,
353.546,0,0,0,0,0,0,0,0,12,0,0,0,0,76,30,3,2058,0,0,0,0,0,306,0,0,0,21,0,0,0,0,0,0,0,0,0,75,0,0,198,78,0,0,0,0,0,0,0,0,0,0,0,0,0,0,0,0,0,0,0,0,0,0,0,0,0,0,0,,,,,,,,,,,,,,,,
354.116,0,0,0,0,0,0,0,0,12,0,0,0,0,76,30,3,2058,0,0,0,0,0,307,0,0,0,21,0,0,0,0,0,0,0,0,0,75,0,0,198,78,0,0,0,0,0,0,0,0,0,0,0,0,0,0,0,0,0,0,0,0,0,0,0,0,0,0,0,,,,,,,,,,,,,,,,
354.116,0,0,0,0,0,0,0,0,12,0,0,0,0,76,30,3,2058,0,0,0,0,0,307,0,0,0,21,0,0,0,0,0,0,0,0,0,75,0,0,190,78,0,0,0,0,0,0,0,0,0,0,0,0,0,0,0,0,0,0,0,0,0,0,0,0,0,0,0,,,,,,,,,,,,,,,,
354.116,0,0,0,0,0,0,0,0,12,0,0,0,0,76,30,3,2058,0,0,0,0,0,307,0,0,0,21,0,0,0,0,0,0,0,0,0,76,0,0,190,78,0,0,0,0,0,0,0,0,0,0,0,0,0,0,0,0,0,0,0,0,0,0,0,0,0,0,0,,,,,,,,,,,,,,,,
354.685,0,0,0,0,0,0,0,0,12,0,0,0,0,76,30,3,2058,0,0,0,0,0,307,0,0,0,21,0,0,0,0,0,0,0,0,0,76,0,0,190,78,0,0,0,0,0,0,0,0,0,0,0,0,0,0,0,0,0,0,0,0,0,0,0,0,0,0,0,,,,,,,,,,,,,,,,
354.685,0,0,0,0,0,0,0,0,12,0,0,0,0,76,30,3,2058,0,0,0,0,0,307,0,0,0,21,0,0,0,0,0,0,0,0,0,76,0,0,190,78,0,0,0,0,0,0,0,0,0,0,0,0,0,0,0,0,0,0,0,0,0,0,0,0,0,0,0,,,,,,,,,,,,,,,,
354.685,0,0,0,0,0,0,0,0,12,0,0,0,0,76,30,3,2058,0,0,0,0,0,307,0,0,0,21,0,0,0,0,0,0,0,0,0,76,0,0,190,78,0,0,0,0,0,0,0,0,0,0,0,0,0,0,0,0,0,0,0,0,0,0,0,0,0,0,0,,,,,,,,,,,,,,,,
355.620,0,0,0,0,0,0,0,0,12,0,0,0,0,76,30,3,2058,0,0,0,0,0,308,0,0,0,21,0,0,0,0,0,0,0,0,0,76,0,0,190,78,0,0,0,0,0,0,0,0,0,0,0,0,0,0,0,0,0,0,0,0,0,0,0,0,0,0,0,,,,,,,,,,,,,,,,
355.620,0,0,0,0,0,0,0,0,12,0,0,0,0,76,30,3,2058,0,0,0,0,0,308,0,0,0,21,0,0,0,0,0,0,0,0,0,76,0,0,184,78,0,0,0,0,0,0,0,0,0,0,0,0,0,0,0,0,0,0,0,0,0,0,0,0,0,0,0,,,,,,,,,,,,,,,,
355.620,0,0,0,0,0,0,0,0,12,0,0,0,0,76,30,3,2058,0,0,0,0,0,308,0,0,0,21,0,0,0,0,0,0,0,0,0,76,0,0,184,78,0,0,0,0,0,0,0,0,0,0,0,0,0,0,0,0,0,0,0,0,0,0,0,0,0,0,0,,,,,,,,,,,,,,,,
356.192,0,0,0,0,0,0,0,0,12,0,0,0,0,76,30,3,2058,0,0,0,0,0,308,0,0,0,21,0,0,0,0,0,0,0,0,0,76,0,0,184,78,0,0,0,0,0,0,0,0,0,0,0,0,0,0,0,0,0,0,0,0,0,0,0,0,0,0,0,,,,,,,,,,,,,,,,
356.192,0,0,0,0,0,0,0,0,12,0,0,0,0,76,30,3,2058,0,0,0,0,0,308,0,0,0,21,0,0,0,0,0,0,0,0,0,76,0,0,184,78,0,0,0,0,0,0,0,0,0,0,0,0,0,0,0,0,0,0,0,0,0,0,0,0,0,0,0,,,,,,,,,,,,,,,,
356.192,0,0,0,0,0,0,0,0,12,0,0,0,0,76,30,3,2058,0,0,0,0,0,308,0,0,0,21,0,0,0,0,0,0,0,0,0,76,0,0,184,78,0,0,0,0,0,0,0,0,0,0,0,0,0,0,0,0,0,0,0,0,0,0,0,0,0,0,0,,,,,,,,,,,,,,,,
356.760,0,0,0,0,0,0,0,0,12,0,0,0,0,76,30,3,2058,0,0,0,0,0,308,0,0,0,21,0,0,0,0,0,0,0,0,0,76,0,0,184,78,0,0,0,0,0,0,0,0,0,0,0,0,0,0,0,0,0,0,0,0,0,0,0,0,0,0,0,,,,,,,,,,,,,,,,
356.760,0,0,0,0,0,0,0,0,12,0,0,0,0,76,30,3,2058,0,0,0,0,0,308,0,0,0,21,0,0,0,0,0,0,0,0,0,76,0,0,184,78,0,0,0,0,0,0,0,0,0,0,0,0,0,0,0,0,0,0,0,0,0,0,0,0,0,0,0,,,,,,,,,,,,,,,,
356.760,0,0,0,0,0,0,0,0,12,0,0,0,0,76,30,3,2058,0,0,0,0,0,308,0,0,0,21,0,0,0,0,0,0,0,0,0,76,0,0,184,78,0,0,0,0,0,0,0,0,0,0,0,0,0,0,0,0,0,0,0,0,0,0,0,0,0,0,0,,,,,,,,,,,,,,,,
357.335,0,0,0,0,0,0,0,0,12,0,0,0,0,76,30,3,2058,0,0,0,0,0,308,0,0,0,21,0,0,0,0,0,0,0,0,0,76,0,0,184,78,0,0,0,0,0,0,0,0,0,0,0,0,0,0,0,0,0,0,0,0,0,0,0,0,0,0,0,,,,,,,,,,,,,,,,
357.335,0,0,0,0,0,0,0,0,12,0,0,0,0,76,30,3,2058,0,0,0,0,0,308,0,0,0,21,0,0,0,0,0,0,0,0,0,76,0,0,184,78,0,0,0,0,0,0,0,0,0,0,0,0,0,0,0,0,0,0,0,0,0,0,0,0,0,0,0,,,,,,,,,,,,,,,,
357.335,0,0,0,0,0,0,0,0,12,0,0,0,0,76,30,3,2058,0,0,0,0,0,308,0,0,0,21,0,0,0,0,0,0,0,0,0,76,0,0,184,78,0,0,0,0,0,0,0,0,0,0,0,0,0,0,0,0,0,0,0,0,0,0,0,0,0,0,0,,,,,,,,,,,,,,,,
357.335,0,0,0,0,0,0,0,0,12,0,0,0,0,76,30,3,2013,0,0,0,0,0,308,0,0,0,21,0,0,0,0,0,0,0,0,0,76,0,0,184,78,0,0,0,0,0,0,0,0,0,0,0,0,0,0,0,0,0,0,0,0,0,0,0,0,0,0,0,,,,,,,,,,,,,,,,
357.903,0,0,0,0,0,0,0,0,12,0,0,0,0,76,30,3,2013,0,0,0,0,0,308,0,0,0,21,0,0,0,0,0,0,0,0,0,76,0,0,184,78,0,0,0,0,0,0,0,0,0,0,0,0,0,0,0,0,0,0,0,0,0,0,0,0,0,0,0,,,,,,,,,,,,,,,,
357.903,0,0,0,0,0,0,0,0,12,0,0,0,0,76,30,3,2013,0,0,0,0,0,308,0,0,0,21,0,0,0,0,0,0,0,0,0,76,0,0,184,78,0,0,0,0,0,0,0,0,0,0,0,0,0,0,0,0,0,0,0,0,0,0,0,0,0,0,0,,,,,,,,,,,,,,,,
357.903,0,0,0,0,0,0,0,0,12,0,0,0,0,76,30,3,2013,0,0,0,0,0,308,0,0,0,21,0,0,0,0,0,0,0,0,0,76,0,0,184,78,0,0,0,0,0,0,0,0,0,0,0,0,0,0,0,0,0,0,0,0,0,0,0,0,0,0,0,,,,,,,,,,,,,,,,
358.470,0,0,0,0,0,0,0,0,12,0,0,0,0,76,30,3,2013,0,0,0,0,0,308,0,0,0,21,0,0,0,0,0,0,0,0,0,76,0,0,184,78,0,0,0,0,0,0,0,0,0,0,0,0,0,0,0,0,0,0,0,0,0,0,0,0,0,0,0,,,,,,,,,,,,,,,,
358.470,0,0,0,0,0,0,0,0,12,0,0,0,0,76,30,3,2013,0,0,0,0,0,308,0,0,0,21,0,0,0,0,0,0,0,0,0,76,0,0,184,78,0,0,0,0,0,0,0,0,0,0,0,0,0,0,0,0,0,0,0,0,0,0,0,0,0,0,0,,,,,,,,,,,,,,,,
358.470,0,0,0,0,0,0,0,0,12,0,0,0,0,76,30,3,2013,0,0,0,0,0,308,0,0,0,21,0,0,0,0,0,0,0,0,0,76,0,0,184,78,0,0,0,0,0,0,0,0,0,0,0,0,0,0,0,0,0,0,0,0,0,0,0,0,0,0,0,,,,,,,,,,,,,,,,
358.470,0,0,0,0,0,0,0,0,12,0,0,0,0,76,30,3,2013,0,0,0,0,0,308,0,0,0,21,0,0,0,0,0,0,0,0,0,76,0,0,184,78,0,0,0,0,0,0,0,0,0,0,0,0,0,0,0,0,0,0,0,0,0,0,0,0,0,0,0,,,,,,,,,,,,,,,,
359.041,0,0,0,0,0,0,0,0,12,0,0,0,0,76,30,3,2013,0,0,0,0,0,308,0,0,0,21,0,0,0,0,0,0,0,0,0,76,0,0,184,78,0,0,0,0,0,0,0,0,0,0,0,0,0,0,0,0,0,0,0,0,0,0,0,0,0,0,0,,,,,,,,,,,,,,,,
359.041,0,0,0,0,0,0,0,0,12,0,0,0,0,76,30,3,2013,0,0,0,0,0,308,0,0,0,21,0,0,0,0,0,0,0,0,0,76,0,0,184,78,0,0,0,0,0,0,0,0,0,0,0,0,0,0,0,0,0,0,0,0,0,0,0,0,0,0,0,,,,,,,,,,,,,,,,
359.041,0,0,0,0,0,0,0,0,12,0,0,0,0,76,30,3,2013,0,0,0,0,0,308,0,0,0,21,0,0,0,0,0,0,0,0,0,76,0,0,184,78,0,0,0,0,0,0,0,0,0,0,0,0,0,0,0,0,0,0,0,0,0,0,0,0,0,0,0,,,,,,,,,,,,,,,,
359.626,0,0,0,0,0,0,0,0,12,0,0,0,0,76,30,3,2013,0,0,0,0,0,307,0,0,0,21,0,0,0,0,0,0,0,0,0,76,0,0,184,78,0,0,0,0,0,0,0,0,0,0,0,0,0,0,0,0,0,0,0,0,0,0,0,0,0,0,0,,,,,,,,,,,,,,,,
359.626,0,0,0,0,0,0,0,0,12,0,0,0,0,76,30,3,2013,0,0,0,0,0,307,0,0,0,21,0,0,0,0,0,0,0,0,0,76,0,0,188,78,0,0,0,0,0,0,0,0,0,0,0,0,0,0,0,0,0,0,0,0,0,0,0,0,0,0,0,,,,,,,,,,,,,,,,
359.626,0,0,0,0,0,0,0,0,12,0,0,0,0,76,30,3,2013,0,0,0,0,0,307,0,0,0,21,0,0,0,0,0,0,0,0,0,76,0,0,188,78,0,0,0,0,0,0,0,0,0,0,0,0,0,0,0,0,0,0,0,0,0,0,0,0,0,0,0,,,,,,,,,,,,,,,,
360.197,0,0,0,0,0,0,0,0,12,0,0,0,0,76,30,3,2013,0,0,0,0,0,307,0,0,0,21,0,0,0,0,0,0,0,0,0,76,0,0,188,78,0,0,0,0,0,0,0,0,0,0,0,0,0,0,0,0,0,0,0,0,0,0,0,0,0,0,0,,,,,,,,,,,,,,,,
360.197,0,0,0,0,0,0,0,0,12,0,0,0,0,76,30,3,2013,0,0,0,0,0,307,0,0,0,21,0,0,0,0,0,0,0,0,0,76,0,0,188,78,0,0,0,0,0,0,0,0,0,0,0,0,0,0,0,0,0,0,0,0,0,0,0,0,0,0,0,,,,,,,,,,,,,,,,
360.197,0,0,0,0,0,0,0,0,12,0,0,0,0,76,30,3,2013,0,0,0,0,0,307,0,0,0,21,0,0,0,0,0,0,0,0,0,76,0,0,188,78,0,0,0,0,0,0,0,0,0,0,0,0,0,0,0,0,0,0,0,0,0,0,0,0,0,0,0,,,,,,,,,,,,,,,,
360.766,0,0,0,0,0,0,0,0,12,0,0,0,0,76,30,3,2013,0,0,0,0,0,307,0,0,0,21,0,0,0,0,0,0,0,0,0,76,0,0,188,78,0,0,0,0,0,0,0,0,0,0,0,0,0,0,0,0,0,0,0,0,0,0,0,0,0,0,0,,,,,,,,,,,,,,,,
360.766,0,0,0,0,0,0,0,0,12,0,0,0,0,75,30,3,2013,0,0,0,0,0,307,0,0,0,21,0,0,0,0,0,0,0,0,0,76,0,0,188,78,0,0,0,0,0,0,0,0,0,0,0,0,0,0,0,0,0,0,0,0,0,0,0,0,0,0,0,,,,,,,,,,,,,,,,
360.766,0,0,0,0,0,0,0,0,12,0,0,0,0,75,30,3,2013,0,0,0,0,0,307,0,0,0,21,0,0,0,0,0,0,0,0,0,76,0,0,188,78,0,0,0,0,0,0,0,0,0,0,0,0,0,0,0,0,0,0,0,0,0,0,0,0,0,0,0,,,,,,,,,,,,,,,,
361.622,0,0,0,0,0,0,0,0,12,0,0,0,0,75,30,3,2013,0,0,0,0,0,308,0,0,0,21,0,0,0,0,0,0,0,0,0,76,0,0,188,78,0,0,0,0,0,0,0,0,0,0,0,0,0,0,0,0,0,0,0,0,0,0,0,0,0,0,0,,,,,,,,,,,,,,,,
361.622,0,0,0,0,0,0,0,0,12,0,0,0,0,75,30,3,2013,0,0,0,0,0,308,0,0,0,21,0,0,0,0,0,0,0,0,0,76,0,0,179,78,0,0,0,0,0,0,0,0,0,0,0,0,0,0,0,0,0,0,0,0,0,0,0,0,0,0,0,,,,,,,,,,,,,,,,
361.622,0,0,0,0,0,0,0,0,12,0,0,0,0,75,30,3,2013,0,0,0,0,0,308,0,0,0,21,0,0,0,0,0,0,0,0,0,77,0,0,179,78,0,0,0,0,0,0,0,0,0,0,0,0,0,0,0,0,0,0,0,0,0,0,0,0,0,0,0,,,,,,,,,,,,,,,,
362.192,0,0,0,0,0,0,0,0,12,0,0,0,0,75,30,3,2013,0,0,0,0,0,308,0,0,0,21,0,0,0,0,0,0,0,0,0,77,0,0,179,78,0,0,0,0,0,0,0,0,0,0,0,0,0,0,0,0,0,0,0,0,0,0,0,0,0,0,0,,,,,,,,,,,,,,,,
362.192,0,0,0,0,0,0,0,0,12,0,0,0,0,75,30,3,2013,0,0,0,0,0,308,0,0,0,21,0,0,0,0,0,0,0,0,0,77,0,0,179,78,0,0,0,0,0,0,0,0,0,0,0,0,0,0,0,0,0,0,0,0,0,0,0,0,0,0,0,,,,,,,,,,,,,,,,
362.192,0,0,0,0,0,0,0,0,12,0,0,0,0,75,30,3,2013,0,0,0,0,0,308,0,0,0,21,0,0,0,0,0,0,0,0,0,77,0,0,179,78,0,0,0,0,0,0,0,0,0,0,0,0,0,0,0,0,0,0,0,0,0,0,0,0,0,0,0,,,,,,,,,,,,,,,,
362.767,0,0,0,0,0,0,0,0,12,0,0,0,0,75,30,3,2013,0,0,0,0,0,308,0,0,0,21,0,0,0,0,0,0,0,0,0,77,0,0,179,78,0,0,0,0,0,0,0,0,0,0,0,0,0,0,0,0,0,0,0,0,0,0,0,0,0,0,0,,,,,,,,,,,,,,,,
362.767,0,0,0,0,0,0,0,0,12,0,0,0,0,75,30,3,2013,0,0,0,0,0,308,0,0,0,21,0,0,0,0,0,0,0,0,0,77,0,0,179,78,0,0,0,0,0,0,0,0,0,0,0,0,0,0,0,0,0,0,0,0,0,0,0,0,0,0,0,,,,,,,,,,,,,,,,
362.767,0,0,0,0,0,0,0,0,12,0,0,0,0,75,30,3,2013,0,0,0,0,0,308,0,0,0,21,0,0,0,0,0,0,0,0,0,77,0,0,179,78,0,0,0,0,0,0,0,0,0,0,0,0,0,0,0,0,0,0,0,0,0,0,0,0,0,0,0,,,,,,,,,,,,,,,,
362.767,0,0,0,0,0,0,0,0,12,0,0,0,0,75,30,3,2013,0,0,0,0,0,308,0,0,0,21,0,0,0,0,0,0,0,0,0,77,0,0,179,78,0,0,0,0,0,0,0,0,0,0,0,0,0,0,0,0,0,0,0,0,0,0,0,0,0,0,0,,,,,,,,,,,,,,,,
363.628,0,0,0,0,0,0,0,0,12,0,0,0,0,75,30,3,2013,0,0,0,0,0,308,0,0,0,21,0,0,0,0,0,0,0,0,0,77,0,0,179,78,0,0,0,0,0,0,0,0,0,0,0,0,0,0,0,0,0,0,0,0,0,0,0,0,0,0,0,,,,,,,,,,,,,,,,
363.628,0,0,0,0,0,0,0,0,12,0,0,0,0,75,30,3,2013,0,0,0,0,0,308,0,0,0,21,0,0,0,0,0,0,0,0,0,77,0,0,175,78,0,0,0,0,0,0,0,0,0,0,0,0,0,0,0,0,0,0,0,0,0,0,0,0,0,0,0,,,,,,,,,,,,,,,,
363.628,0,0,0,0,0,0,0,0,12,0,0,0,0,75,30,3,2013,0,0,0,0,0,308,0,0,0,21,0,0,0,0,0,0,0,0,0,76,0,0,175,78,0,0,0,0,0,0,0,0,0,0,0,0,0,0,0,0,0,0,0,0,0,0,0,0,0,0,0,,,,,,,,,,,,,,,,
364.198,0,0,0,0,0,0,0,0,12,0,0,0,0,75,30,3,2013,0,0,0,0,0,308,0,0,0,21,0,0,0,0,0,0,0,0,0,76,0,0,175,78,0,0,0,0,0,0,0,0,0,0,0,0,0,0,0,0,0,0,0,0,0,0,0,0,0,0,0,,,,,,,,,,,,,,,,
364.198,0,0,0,0,0,0,0,0,12,0,0,0,0,75,30,3,2013,0,0,0,0,0,308,0,0,0,21,0,0,0,0,0,0,0,0,0,76,0,0,175,78,0,0,0,0,0,0,0,0,0,0,0,0,0,0,0,0,0,0,0,0,0,0,0,0,0,0,0,,,,,,,,,,,,,,,,
364.198,0,0,0,0,0,0,0,0,12,0,0,0,0,75,30,3,2013,0,0,0,0,0,308,0,0,0,21,0,0,0,0,0,0,0,0,0,76,0,0,175,78,0,0,0,0,0,0,0,0,0,0,0,0,0,0,0,0,0,0,0,0,0,0,0,0,0,0,0,,,,,,,,,,,,,,,,
364.768,0,0,0,0,0,0,0,0,12,0,0,0,0,75,30,3,2013,0,0,0,0,0,308,0,0,0,21,0,0,0,0,0,0,0,0,0,76,0,0,175,78,0,0,0,0,0,0,0,0,0,0,0,0,0,0,0,0,0,0,0,0,0,0,0,0,0,0,0,,,,,,,,,,,,,,,,
364.768,0,0,0,0,0,0,0,0,12,0,0,0,0,75,30,3,2013,0,0,0,0,0,308,0,0,0,21,0,0,0,0,0,0,0,0,0,76,0,0,175,78,0,0,0,0,0,0,0,0,0,0,0,0,0,0,0,0,0,0,0,0,0,0,0,0,0,0,0,,,,,,,,,,,,,,,,
364.768,0,0,0,0,0,0,0,0,12,0,0,0,0,75,30,3,2013,0,0,0,0,0,308,0,0,0,21,0,0,0,0,0,0,0,0,0,76,0,0,175,78,0,0,0,0,0,0,0,0,0,0,0,0,0,0,0,0,0,0,0,0,0,0,0,0,0,0,0,,,,,,,,,,,,,,,,
365.341,0,0,0,0,0,0,0,0,12,0,0,0,0,75,30,3,2013,0,0,0,0,0,308,0,0,0,21,0,0,0,0,0,0,0,0,0,76,0,0,175,78,0,0,0,0,0,0,0,0,0,0,0,0,0,0,0,0,0,0,0,0,0,0,0,0,0,0,0,,,,,,,,,,,,,,,,
365.341,0,0,0,0,0,0,0,0,12,0,0,0,0,75,30,3,2013,0,0,0,0,0,308,0,0,0,21,0,0,0,0,0,0,0,0,0,76,0,0,175,78,0,0,0,0,0,0,0,0,0,0,0,0,0,0,0,0,0,0,0,0,0,0,0,0,0,0,0,,,,,,,,,,,,,,,,
365.341,0,0,0,0,0,0,0,0,12,0,0,0,0,75,30,3,2013,0,0,0,0,0,308,0,0,0,21,0,0,0,0,0,0,0,0,0,76,0,0,175,78,0,0,0,0,0,0,0,0,0,0,0,0,0,0,0,0,0,0,0,0,0,0,0,0,0,0,0,,,,,,,,,,,,,,,,
365.341,0,0,0,0,0,0,0,0,12,0,0,0,0,75,30,3,2102,0,0,0,0,0,308,0,0,0,21,0,0,0,0,0,0,0,0,0,76,0,0,175,78,0,0,0,0,0,0,0,0,0,0,0,0,0,0,0,0,0,0,0,0,0,0,0,0,0,0,0,,,,,,,,,,,,,,,,
366.124,0,0,0,0,0,0,0,0,12,0,0,0,0,75,30,3,2102,0,0,0,0,0,308,0,0,0,21,0,0,0,0,0,0,0,0,0,76,0,0,175,78,0,0,0,0,0,0,0,0,0,0,0,0,0,0,0,0,0,0,0,0,0,0,0,0,0,0,0,,,,,,,,,,,,,,,,
366.124,0,0,0,0,0,0,0,0,12,0,0,0,0,75,30,3,2102,0,0,0,0,0,308,0,0,0,21,0,0,0,0,0,0,0,0,0,76,0,0,175,78,0,0,0,0,0,0,0,0,0,0,0,0,0,0,0,0,0,0,0,0,0,0,0,0,0,0,0,,,,,,,,,,,,,,,,
366.124,0,0,0,0,0,0,0,0,12,0,0,0,0,75,30,3,2102,0,0,0,0,0,308,0,0,0,21,0,0,0,0,0,0,0,0,0,76,0,0,175,78,0,0,0,0,0,0,0,0,0,0,0,0,0,0,0,0,0,0,0,0,0,0,0,0,0,0,0,,,,,,,,,,,,,,,,
366.698,0,0,0,0,0,0,0,0,12,0,0,0,0,75,30,3,2102,0,0,0,0,0,308,0,0,0,21,0,0,0,0,0,0,0,0,0,76,0,0,175,78,0,0,0,0,0,0,0,0,0,0,0,0,0,0,0,0,0,0,0,0,0,0,0,0,0,0,0,,,,,,,,,,,,,,,,
366.698,0,0,0,0,0,0,0,0,12,0,0,0,0,75,30,3,2102,0,0,0,0,0,308,0,0,0,21,0,0,0,0,0,0,0,0,0,76,0,0,181,78,0,0,0,0,0,0,0,0,0,0,0,0,0,0,0,0,0,0,0,0,0,0,0,0,0,0,0,,,,,,,,,,,,,,,,
366.698,0,0,0,0,0,0,0,0,12,0,0,0,0,75,30,3,2102,0,0,0,0,0,308,0,0,0,21,0,0,0,0,0,0,0,0,0,76,0,0,181,78,0,0,0,0,0,0,0,0,0,0,0,0,0,0,0,0,0,0,0,0,0,0,0,0,0,0,0,,,,,,,,,,,,,,,,
367.620,0,0,0,0,0,0,0,0,12,0,0,0,0,75,30,3,2102,0,0,0,0,0,308,0,0,0,21,0,0,0,0,0,0,0,0,0,76,0,0,181,78,0,0,0,0,0,0,0,0,0,0,0,0,0,0,0,0,0,0,0,0,0,0,0,0,0,0,0,,,,,,,,,,,,,,,,
367.620,0,0,0,0,0,0,0,0,12,0,0,0,0,75,30,3,2102,0,0,0,0,0,308,0,0,0,21,0,0,0,0,0,0,0,0,0,76,0,0,181,78,0,0,0,0,0,0,0,0,0,0,0,0,0,0,0,0,0,0,0,0,0,0,0,0,0,0,0,,,,,,,,,,,,,,,,
367.620,0,0,0,0,0,0,0,0,12,0,0,0,0,75,30,3,2102,0,0,0,0,0,308,0,0,0,21,0,0,0,0,0,0,0,0,0,76,0,0,181,78,0,0,0,0,0,0,0,0,0,0,0,0,0,0,0,0,0,0,0,0,0,0,0,0,0,0,0,,,,,,,,,,,,,,,,
368.191,0,0,0,0,0,0,0,0,12,0,0,0,0,75,30,3,2102,0,0,0,0,0,308,0,0,0,21,0,0,0,0,0,0,0,0,0,76,0,0,181,78,0,0,0,0,0,0,0,0,0,0,0,0,0,0,0,0,0,0,0,0,0,0,0,0,0,0,0,,,,,,,,,,,,,,,,
368.191,0,0,0,0,0,0,0,0,12,0,0,0,0,75,30,3,2102,0,0,0,0,0,308,0,0,0,21,0,0,0,0,0,0,0,0,0,76,0,0,181,78,0,0,0,0,0,0,0,0,0,0,0,0,0,0,0,0,0,0,0,0,0,0,0,0,0,0,0,,,,,,,,,,,,,,,,
368.191,0,0,0,0,0,0,0,0,12,0,0,0,0,75,30,3,2102,0,0,0,0,0,308,0,0,0,21,0,0,0,0,0,0,0,0,0,76,0,0,181,78,0,0,0,0,0,0,0,0,0,0,0,0,0,0,0,0,0,0,0,0,0,0,0,0,0,0,0,,,,,,,,,,,,,,,,
368.191,0,0,0,0,0,0,0,0,12,0,0,0,0,75,30,3,2102,0,0,0,0,0,308,0,0,0,21,0,0,0,0,0,0,0,0,0,76,0,0,181,78,0,0,0,0,0,0,0,0,0,0,0,0,0,0,0,0,0,0,0,0,0,0,0,0,0,0,0,,,,,,,,,,,,,,,,
368.760,0,0,0,0,0,0,0,0,12,0,0,0,0,75,30,3,2102,0,0,0,0,0,308,0,0,0,21,0,0,0,0,0,0,0,0,0,76,0,0,181,78,0,0,0,0,0,0,0,0,0,0,0,0,0,0,0,0,0,0,0,0,0,0,0,0,0,0,0,,,,,,,,,,,,,,,,
368.760,0,0,0,0,0,0,0,0,12,0,0,0,0,75,30,3,2102,0,0,0,0,0,308,0,0,0,21,0,0,0,0,0,0,0,0,0,76,0,0,181,78,0,0,0,0,0,0,0,0,0,0,0,0,0,0,0,0,0,0,0,0,0,0,0,0,0,0,0,,,,,,,,,,,,,,,,
368.760,0,0,0,0,0,0,0,0,12,0,0,0,0,75,30,3,2102,0,0,0,0,0,308,0,0,0,21,0,0,0,0,0,0,0,0,0,76,0,0,181,78,0,0,0,0,0,0,0,0,0,0,0,0,0,0,0,0,0,0,0,0,0,0,0,0,0,0,0,,,,,,,,,,,,,,,,
369.336,0,0,0,0,0,0,0,0,12,0,0,0,0,75,30,3,2102,0,0,0,0,0,307,0,0,0,21,0,0,0,0,0,0,0,0,0,76,0,0,181,78,0,0,0,0,0,0,0,0,0,0,0,0,0,0,0,0,0,0,0,0,0,0,0,0,0,0,0,,,,,,,,,,,,,,,,
369.336,0,0,0,0,0,0,0,0,12,0,0,0,0,75,30,3,2102,0,0,0,0,0,307,0,0,0,21,0,0,0,0,0,0,0,0,0,76,0,0,182,78,0,0,0,0,0,0,0,0,0,0,0,0,0,0,0,0,0,0,0,0,0,0,0,0,0,0,0,,,,,,,,,,,,,,,,
369.336,0,0,0,0,0,0,0,0,12,0,0,0,0,75,30,3,2102,0,0,0,0,0,307,0,0,0,21,0,0,0,0,0,0,0,0,0,76,0,0,182,78,0,0,0,0,0,0,0,0,0,0,0,0,0,0,0,0,0,0,0,0,0,0,0,0,0,0,0,,,,,,,,,,,,,,,,
370.126,0,0,0,0,0,0,0,0,12,0,0,0,0,75,30,3,2102,0,0,0,0,0,307,0,0,0,22,0,0,0,0,0,0,0,0,0,76,0,0,182,78,0,0,0,0,0,0,0,0,0,0,0,0,0,0,0,0,0,0,0,0,0,0,0,0,0,0,0,,,,,,,,,,,,,,,,
370.126,0,0,0,0,0,0,0,0,12,0,0,0,0,75,30,3,2102,0,0,0,0,0,307,0,0,0,22,0,0,0,0,0,0,0,0,0,76,0,0,182,78,0,0,0,0,0,0,0,0,0,0,0,0,0,0,0,0,0,0,0,0,0,0,0,0,0,0,0,,,,,,,,,,,,,,,,
370.126,0,0,0,0,0,0,0,0,12,0,0,0,0,75,30,3,2102,0,0,0,0,0,307,0,0,0,22,0,0,0,0,0,0,0,0,0,76,0,0,182,78,0,0,0,0,0,0,0,0,0,0,0,0,0,0,0,0,0,0,0,0,0,0,0,0,0,0,0,,,,,,,,,,,,,,,,
370.698,0,0,0,0,0,0,0,0,12,0,0,0,0,75,30,3,2102,0,0,0,0,0,308,0,0,0,22,0,0,0,0,0,0,0,0,0,76,0,0,182,78,0,0,0,0,0,0,0,0,0,0,0,0,0,0,0,0,0,0,0,0,0,0,0,0,0,0,0,,,,,,,,,,,,,,,,
370.698,0,0,0,0,0,0,0,0,12,0,0,0,0,75,30,3,2102,0,0,0,0,0,308,0,0,0,22,0,0,0,0,0,0,0,0,0,76,0,0,173,78,0,0,0,0,0,0,0,0,0,0,0,0,0,0,0,0,0,0,0,0,0,0,0,0,0,0,0,,,,,,,,,,,,,,,,
370.698,0,0,0,0,0,0,0,0,12,0,0,0,0,75,30,3,2102,0,0,0,0,0,308,0,0,0,22,0,0,0,0,0,0,0,0,0,76,0,0,173,78,0,0,0,0,0,0,0,0,0,0,0,0,0,0,0,0,0,0,0,0,0,0,0,0,0,0,0,,,,,,,,,,,,,,,,
371.622,0,0,0,0,0,0,0,0,12,0,0,0,0,75,30,3,2102,0,0,0,0,0,308,0,0,0,22,0,0,0,0,0,0,0,0,0,76,0,0,173,78,0,0,0,0,0,0,0,0,0,0,0,0,0,0,0,0,0,0,0,0,0,0,0,0,0,0,0,,,,,,,,,,,,,,,,
371.622,0,0,0,0,0,0,0,0,12,0,0,0,0,75,30,3,2102,0,0,0,0,1,308,0,0,0,22,0,0,0,0,0,0,0,0,0,76,0,0,173,78,0,0,0,0,0,0,0,0,0,0,0,0,0,0,0,0,0,0,0,0,0,0,0,0,0,0,0,,,,,,,,,,,,,,,,
371.622,0,0,0,0,0,0,0,0,12,0,0,0,0,75,30,3,2102,0,0,0,0,1,308,0,0,0,22,0,0,0,0,0,0,0,0,0,76,0,0,173,78,0,0,0,0,0,0,0,0,0,0,0,0,0,0,0,0,0,0,0,0,0,0,0,0,0,0,0,,,,,,,,,,,,,,,,
372.192,0,0,0,0,0,0,0,0,12,0,0,0,0,75,30,3,2102,0,0,0,0,1,308,0,0,0,22,0,0,0,0,0,0,0,0,0,76,0,0,173,78,0,0,0,0,0,0,0,0,0,0,0,0,0,0,0,0,0,0,0,0,0,0,0,0,0,0,0,,,,,,,,,,,,,,,,
372.192,0,0,0,0,0,0,0,0,12,0,0,0,0,75,30,3,2102,0,0,0,0,1,308,0,0,0,22,0,0,0,0,0,0,0,0,0,76,0,0,173,78,0,0,0,0,0,0,0,0,0,0,0,0,0,0,0,0,0,0,0,0,0,0,0,0,0,0,0,,,,,,,,,,,,,,,,
372.192,0,0,0,0,0,0,0,0,12,0,0,0,0,75,30,3,2102,0,0,0,0,1,308,0,0,0,22,0,0,0,0,0,0,0,0,0,76,0,0,173,78,0,0,0,0,0,0,0,0,0,0,0,0,0,0,0,0,0,0,0,0,0,0,0,0,0,0,0,,,,,,,,,,,,,,,,
372.192,0,0,0,0,0,0,0,0,12,0,0,0,0,75,30,3,2103,0,0,0,0,1,308,0,0,0,22,0,0,0,0,0,0,0,0,0,76,0,0,173,78,0,0,0,0,0,0,0,0,0,0,0,0,0,0,0,0,0,0,0,0,0,0,0,0,0,0,0,,,,,,,,,,,,,,,,
372.766,0,0,0,0,0,0,0,0,12,0,0,0,0,75,30,3,2103,0,0,0,0,1,308,0,0,0,21,0,0,0,0,0,0,0,0,0,76,0,0,173,78,0,0,0,0,0,0,0,0,0,0,0,0,0,0,0,0,0,0,0,0,0,0,0,0,0,0,0,,,,,,,,,,,,,,,,
372.766,0,0,0,0,0,0,0,0,12,0,0,0,0,75,30,3,2103,0,0,0,0,1,308,0,0,0,21,0,0,0,0,0,0,0,0,0,76,0,0,173,78,0,0,0,0,0,0,0,0,0,0,0,0,0,0,0,0,0,0,0,0,0,0,0,0,0,0,0,,,,,,,,,,,,,,,,
372.766,0,0,0,0,0,0,0,0,12,0,0,0,0,75,30,3,2103,0,0,0,0,1,308,0,0,0,21,0,0,0,0,0,0,0,0,0,76,0,0,173,78,0,0,0,0,0,0,0,0,0,0,0,0,0,0,0,0,0,0,0,0,0,0,0,0,0,0,0,,,,,,,,,,,,,,,,
373.335,0,0,0,0,0,0,0,0,12,0,0,0,0,75,30,3,2103,0,0,0,0,1,307,0,0,0,21,0,0,0,0,0,0,0,0,0,76,0,0,173,78,0,0,0,0,0,0,0,0,0,0,0,0,0,0,0,0,0,0,0,0,0,0,0,0,0,0,0,,,,,,,,,,,,,,,,
373.335,0,0,0,0,0,0,0,0,12,0,0,0,0,75,30,3,2103,0,0,0,0,1,307,0,0,0,21,0,0,0,0,0,0,0,0,0,76,0,0,184,78,0,0,0,0,0,0,0,0,0,0,0,0,0,0,0,0,0,0,0,0,0,0,0,0,0,0,0,,,,,,,,,,,,,,,,
373.335,0,0,0,0,0,0,0,0,12,0,0,0,0,75,30,3,2103,0,0,0,0,1,307,0,0,0,21,0,0,0,0,0,0,0,0,0,76,0,0,184,78,0,0,0,0,0,0,0,0,0,0,0,0,0,0,0,0,0,0,0,0,0,0,0,0,0,0,0,,,,,,,,,,,,,,,,
373.903,0,0,0,0,0,0,0,0,12,0,0,0,0,75,30,3,2103,0,0,0,0,1,307,0,0,0,21,0,0,0,0,0,0,0,0,0,76,0,0,184,78,0,0,0,0,0,0,0,0,0,0,0,0,0,0,0,0,0,0,0,0,0,0,0,0,0,0,0,,,,,,,,,,,,,,,,
373.903,0,0,0,0,0,0,0,0,12,0,0,0,0,75,30,3,2103,0,0,0,0,1,307,0,0,0,21,0,0,0,0,0,0,0,0,0,76,0,0,184,78,0,0,0,0,0,0,0,0,0,0,0,0,0,0,0,0,0,0,0,0,0,0,0,0,0,0,0,,,,,,,,,,,,,,,,
373.903,0,0,0,0,0,0,0,0,12,0,0,0,0,75,30,3,2103,0,0,0,0,1,307,0,0,0,21,0,0,0,0,0,0,0,0,0,76,0,0,184,78,0,0,0,0,0,0,0,0,0,0,0,0,0,0,0,0,0,0,0,0,0,0,0,0,0,0,0,,,,,,,,,,,,,,,,
373.903,0,0,0,0,0,0,0,0,12,0,0,0,0,75,30,3,2103,0,0,0,0,1,307,0,0,0,21,0,0,0,0,0,0,0,0,0,76,0,0,184,78,0,0,0,0,0,0,0,0,0,0,0,0,0,0,0,0,0,0,0,0,0,0,0,0,0,0,0,,,,,,,,,,,,,,,,
374.472,0,0,0,0,0,0,0,0,12,0,0,0,0,75,30,3,2103,0,0,0,0,1,307,0,0,0,22,0,0,0,0,0,0,0,0,0,76,0,0,184,78,0,0,0,0,0,0,0,0,0,0,0,0,0,0,0,0,0,0,0,0,0,0,0,0,0,0,0,,,,,,,,,,,,,,,,
374.472,0,0,0,0,0,0,0,0,12,0,0,0,0,75,30,3,2103,0,0,0,0,1,307,0,0,0,22,0,0,0,0,0,0,0,0,0,76,0,0,184,78,0,0,0,0,0,0,0,0,0,0,0,0,0,0,0,0,0,0,0,0,0,0,0,0,0,0,0,,,,,,,,,,,,,,,,
374.472,0,0,0,0,0,0,0,0,12,0,0,0,0,75,30,3,2103,0,0,0,0,1,307,0,0,0,22,0,0,0,0,0,0,0,0,0,76,0,0,184,78,0,0,0,0,0,0,0,0,0,0,0,0,0,0,0,0,0,0,0,0,0,0,0,0,0,0,0,,,,,,,,,,,,,,,,
375.042,0,0,0,0,0,0,0,0,12,0,0,0,0,75,30,3,2103,0,0,0,0,1,308,0,0,0,22,0,0,0,0,0,0,0,0,0,76,0,0,184,78,0,0,0,0,0,0,0,0,0,0,0,0,0,0,0,0,0,0,0,0,0,0,0,0,0,0,0,,,,,,,,,,,,,,,,
375.042,0,0,0,0,0,0,0,0,12,0,0,0,0,75,30,3,2103,0,0,0,0,1,308,0,0,0,22,0,0,0,0,0,0,0,0,0,76,0,0,192,78,0,0,0,0,0,0,0,0,0,0,0,0,0,0,0,0,0,0,0,0,0,0,0,0,0,0,0,,,,,,,,,,,,,,,,
375.042,0,0,0,0,0,0,0,0,12,0,0,0,0,75,30,3,2103,0,0,0,0,1,308,0,0,0,22,0,0,0,0,0,0,0,0,0,76,0,0,192,78,0,0,0,0,0,0,0,0,0,0,0,0,0,0,0,0,0,0,0,0,0,0,0,0,0,0,0,,,,,,,,,,,,,,,,
375.628,0,0,0,0,0,0,0,0,12,0,0,0,0,75,30,3,2103,0,0,0,0,1,308,0,0,0,22,0,0,0,0,0,0,0,0,0,76,0,0,192,78,0,0,0,0,0,0,0,0,0,0,0,0,0,0,0,0,0,0,0,0,0,0,0,0,0,0,0,,,,,,,,,,,,,,,,
375.628,0,0,0,0,0,0,0,0,12,0,0,0,0,75,30,3,2103,0,0,0,0,1,308,0,0,0,22,0,0,0,0,0,0,0,0,0,76,0,0,192,78,0,0,0,0,0,0,0,0,0,0,0,0,0,0,0,0,0,0,0,0,0,0,0,0,0,0,0,,,,,,,,,,,,,,,,
375.628,0,0,0,0,0,0,0,0,12,0,0,0,0,75,30,3,2103,0,0,0,0,1,308,0,0,0,22,0,0,0,0,0,0,0,0,0,76,0,0,192,78,0,0,0,0,0,0,0,0,0,0,0,0,0,0,0,0,0,0,0,0,0,0,0,0,0,0,0,,,,,,,,,,,,,,,,
376.198,0,0,0,0,0,0,0,0,12,0,0,0,0,75,30,3,2103,0,0,0,0,1,308,0,0,0,22,0,0,0,0,0,0,0,0,0,76,0,0,192,78,0,0,0,0,0,0,0,0,0,0,0,0,0,0,0,0,0,0,0,0,0,0,0,0,0,0,0,,,,,,,,,,,,,,,,
376.198,0,0,0,0,0,0,0,0,12,0,0,0,0,75,30,3,2103,0,0,0,0,1,308,0,0,0,22,0,0,0,0,0,0,0,0,0,76,0,0,192,78,0,0,0,0,0,0,0,0,0,0,0,0,0,0,0,0,0,0,0,0,0,0,0,0,0,0,0,,,,,,,,,,,,,,,,
376.198,0,0,0,0,0,0,0,0,12,0,0,0,0,75,30,3,2103,0,0,0,0,1,308,0,0,0,22,0,0,0,0,0,0,0,0,0,76,0,0,192,78,0,0,0,0,0,0,0,0,0,0,0,0,0,0,0,0,0,0,0,0,0,0,0,0,0,0,0,,,,,,,,,,,,,,,,
376.769,0,0,0,0,0,0,0,0,12,0,0,0,0,75,30,3,2103,0,0,0,0,1,307,0,0,0,22,0,0,0,0,0,0,0,0,0,76,0,0,192,78,0,0,0,0,0,0,0,0,0,0,0,0,0,0,0,0,0,0,0,0,0,0,0,0,0,0,0,,,,,,,,,,,,,,,,
376.769,0,0,0,0,0,0,0,0,12,0,0,0,0,75,30,3,2103,0,0,0,0,1,307,0,0,0,22,0,0,0,0,0,0,0,0,0,76,0,0,191,78,0,0,0,0,0,0,0,0,0,0,0,0,0,0,0,0,0,0,0,0,0,0,0,0,0,0,0,,,,,,,,,,,,,,,,
376.769,0,0,0,0,0,0,0,0,12,0,0,0,0,75,30,3,2103,0,0,0,0,1,307,0,0,0,22,0,0,0,0,0,0,0,0,0,75,0,0,191,78,0,0,0,0,0,0,0,0,0,0,0,0,0,0,0,0,0,0,0,0,0,0,0,0,0,0,0,,,,,,,,,,,,,,,,
377.624,0,0,0,0,0,0,0,0,12,0,0,0,0,75,30,3,2103,0,0,0,0,1,307,0,0,0,22,0,0,0,0,0,0,0,0,0,75,0,0,191,78,0,0,0,0,0,0,0,0,0,0,0,0,0,0,0,0,0,0,0,0,0,0,0,0,0,0,0,,,,,,,,,,,,,,,,
377.624,0,0,0,0,0,0,0,0,12,0,0,0,0,75,30,3,2103,0,0,0,0,1,307,0,0,0,22,0,0,0,0,0,0,0,0,0,75,0,0,191,78,0,0,0,0,0,0,0,0,0,0,0,0,0,0,0,0,0,0,0,0,0,0,0,0,0,0,0,,,,,,,,,,,,,,,,
377.624,0,0,0,0,0,0,0,0,12,0,0,0,0,75,30,3,2103,0,0,0,0,1,307,0,0,0,22,0,0,0,0,0,0,0,0,0,75,0,0,191,78,0,0,0,0,0,0,0,0,0,0,0,0,0,0,0,0,0,0,0,0,0,0,0,0,0,0,0,,,,,,,,,,,,,,,,
377.624,0,0,0,0,0,0,0,0,12,0,0,0,0,75,30,3,2103,0,0,0,0,1,307,0,0,0,22,0,0,0,0,0,0,0,0,0,75,0,0,191,78,0,0,0,0,0,0,0,0,0,0,0,0,0,0,0,0,0,0,0,0,0,0,0,0,0,0,0,,,,,,,,,,,,,,,,
378.197,0,0,0,0,0,0,0,0,12,0,0,0,0,75,30,3,2103,0,0,0,0,1,307,0,0,0,21,0,0,0,0,0,0,0,0,0,75,0,0,191,78,0,0,0,0,0,0,0,0,0,0,0,0,0,0,0,0,0,0,0,0,0,0,0,0,0,0,0,,,,,,,,,,,,,,,,
378.197,0,0,0,0,0,0,0,0,12,0,0,0,0,75,30,3,2103,0,0,0,0,1,307,0,0,0,21,0,0,0,0,0,0,0,0,0,75,0,0,191,78,0,0,0,0,0,0,0,0,0,0,0,0,0,0,0,0,0,0,0,0,0,0,0,0,0,0,0,,,,,,,,,,,,,,,,
378.197,0,0,0,0,0,0,0,0,12,0,0,0,0,75,30,3,2103,0,0,0,0,1,307,0,0,0,21,0,0,0,0,0,0,0,0,0,75,0,0,191,78,0,0,0,0,0,0,0,0,0,0,0,0,0,0,0,0,0,0,0,0,0,0,0,0,0,0,0,,,,,,,,,,,,,,,,
378.770,0,0,0,0,0,0,0,0,12,0,0,0,0,75,30,3,2103,0,0,0,0,1,308,0,0,0,21,0,0,0,0,0,0,0,0,0,75,0,0,191,78,0,0,0,0,0,0,0,0,0,0,0,0,0,0,0,0,0,0,0,0,0,0,0,0,0,0,0,,,,,,,,,,,,,,,,
378.770,0,0,0,0,0,0,0,0,12,0,0,0,0,75,30,3,2103,0,0,0,0,1,308,0,0,0,21,0,0,0,0,0,0,0,0,0,75,0,0,187,78,0,0,0,0,0,0,0,0,0,0,0,0,0,0,0,0,0,0,0,0,0,0,0,0,0,0,0,,,,,,,,,,,,,,,,
378.770,0,0,0,0,0,0,0,0,12,0,0,0,0,75,30,3,2103,0,0,0,0,1,308,0,0,0,21,0,0,0,0,0,0,0,0,0,76,0,0,187,78,0,0,0,0,0,0,0,0,0,0,0,0,0,0,0,0,0,0,0,0,0,0,0,0,0,0,0,,,,,,,,,,,,,,,,
379.620,0,0,0,0,0,0,0,0,12,0,0,0,0,75,30,3,2103,0,0,0,0,1,308,0,0,0,21,0,0,0,0,0,0,0,0,0,76,0,0,187,78,0,0,0,0,0,0,0,0,0,0,0,0,0,0,0,0,0,0,0,0,0,0,0,0,0,0,0,,,,,,,,,,,,,,,,
379.620,0,0,0,0,0,0,0,0,12,0,0,0,0,75,30,3,2103,0,0,0,0,1,308,0,0,0,21,0,0,0,0,0,0,0,0,0,76,0,0,187,78,0,0,0,0,0,0,0,0,0,0,0,0,0,0,0,0,0,0,0,0,0,0,0,0,0,0,0,,,,,,,,,,,,,,,,
379.620,0,0,0,0,0,0,0,0,12,0,0,0,0,75,30,3,2103,0,0,0,0,1,308,0,0,0,21,0,0,0,0,0,0,0,0,0,76,0,0,187,78,0,0,0,0,0,0,0,0,0,0,0,0,0,0,0,0,0,0,0,0,0,0,0,0,0,0,0,,,,,,,,,,,,,,,,
379.620,0,0,0,0,0,0,0,0,12,0,0,0,0,75,30,3,2040,0,0,0,0,1,308,0,0,0,21,0,0,0,0,0,0,0,0,0,76,0,0,187,78,0,0,0,0,0,0,0,0,0,0,0,0,0,0,0,0,0,0,0,0,0,0,0,0,0,0,0,,,,,,,,,,,,,,,,
380.191,0,0,0,0,0,0,0,0,12,0,0,0,0,75,30,3,2040,0,0,0,0,1,308,0,0,0,21,0,0,0,0,0,0,0,0,0,76,0,0,187,78,0,0,0,0,0,0,0,0,0,0,0,0,0,0,0,0,0,0,0,0,0,0,0,0,0,0,0,,,,,,,,,,,,,,,,
380.191,0,0,0,0,0,0,0,0,12,0,0,0,0,75,30,3,2040,0,0,0,0,1,308,0,0,0,21,0,0,0,0,0,0,0,0,0,76,0,0,187,78,0,0,0,0,0,0,0,0,0,0,0,0,0,0,0,0,0,0,0,0,0,0,0,0,0,0,0,,,,,,,,,,,,,,,,
380.191,0,0,0,0,0,0,0,0,12,0,0,0,0,75,30,3,2040,0,0,0,0,1,308,0,0,0,21,0,0,0,0,0,0,0,0,0,76,0,0,187,78,0,0,0,0,0,0,0,0,0,0,0,0,0,0,0,0,0,0,0,0,0,0,0,0,0,0,0,,,,,,,,,,,,,,,,
380.760,0,0,0,0,0,0,0,0,12,0,0,0,0,75,30,3,2040,0,0,0,0,1,307,0,0,0,21,0,0,0,0,0,0,0,0,0,76,0,0,187,78,0,0,0,0,0,0,0,0,0,0,0,0,0,0,0,0,0,0,0,0,0,0,0,0,0,0,0,,,,,,,,,,,,,,,,
380.760,0,0,0,0,0,0,0,0,12,0,0,0,0,75,30,3,2040,0,0,0,0,1,307,0,0,0,21,0,0,0,0,0,0,0,0,0,76,0,0,187,78,0,0,0,0,0,0,0,0,0,0,0,0,0,0,0,0,0,0,0,0,0,0,0,0,0,0,0,,,,,,,,,,,,,,,,
380.760,0,0,0,0,0,0,0,0,12,0,0,0,0,75,30,3,2040,0,0,0,0,1,307,0,0,0,21,0,0,0,0,0,0,0,0,0,75,0,0,187,78,0,0,0,0,0,0,0,0,0,0,0,0,0,0,0,0,0,0,0,0,0,0,0,0,0,0,0,,,,,,,,,,,,,,,,
381.330,0,0,0,0,0,0,0,0,12,0,0,0,0,75,30,3,2040,0,0,0,0,1,307,0,0,0,21,0,0,0,0,0,0,0,0,0,75,0,0,187,78,0,0,0,0,0,0,0,0,0,0,0,0,0,0,0,0,0,0,0,0,0,0,0,0,0,0,0,,,,,,,,,,,,,,,,
381.330,0,0,0,0,0,0,0,0,12,0,0,0,0,75,30,3,2040,0,0,0,0,1,307,0,0,0,21,0,0,0,0,0,0,0,0,0,75,0,0,187,78,0,0,0,0,0,0,0,0,0,0,0,0,0,0,0,0,0,0,0,0,0,0,0,0,0,0,0,,,,,,,,,,,,,,,,
381.334,0,0,0,0,0,0,0,0,12,0,0,0,0,75,30,3,2040,0,0,0,0,1,307,0,0,0,21,0,0,0,0,0,0,0,0,0,75,0,0,187,78,0,0,0,0,0,0,0,0,0,0,0,0,0,0,0,0,0,0,0,0,0,0,0,0,0,0,0,,,,,,,,,,,,,,,,
382.126,0,0,0,0,0,0,0,0,12,0,0,0,0,75,30,3,2040,0,0,0,0,1,307,0,0,0,21,0,0,0,0,0,0,0,0,0,75,0,0,187,78,0,0,0,0,0,0,0,0,0,0,0,0,0,0,0,0,0,0,0,0,0,0,0,0,0,0,0,,,,,,,,,,,,,,,,
382.126,0,0,0,0,0,0,0,0,12,0,0,0,0,75,30,3,2040,0,0,0,0,1,307,0,0,0,21,0,0,0,0,0,0,0,0,0,75,0,0,187,78,0,0,0,0,0,0,0,0,0,0,0,0,0,0,0,0,0,0,0,0,0,0,0,0,0,0,0,,,,,,,,,,,,,,,,
382.126,0,0,0,0,0,0,0,0,12,0,0,0,0,75,30,3,2040,0,0,0,0,1,307,0,0,0,21,0,0,0,0,0,0,0,0,0,75,0,0,187,78,0,0,0,0,0,0,0,0,0,0,0,0,0,0,0,0,0,0,0,0,0,0,0,0,0,0,0,,,,,,,,,,,,,,,,
382.697,0,0,0,0,0,0,0,0,12,0,0,0,0,75,30,3,2040,0,0,0,0,1,308,0,0,0,21,0,0,0,0,0,0,0,0,0,75,0,0,187,78,0,0,0,0,0,0,0,0,0,0,0,0,0,0,0,0,0,0,0,0,0,0,0,0,0,0,0,,,,,,,,,,,,,,,,
382.697,0,0,0,0,0,0,0,0,12,0,0,0,0,75,30,3,2040,0,0,0,0,1,308,0,0,0,21,0,0,0,0,0,0,0,0,0,75,0,0,187,78,0,0,0,0,0,0,0,0,0,0,0,0,0,0,0,0,0,0,0,0,0,0,0,0,0,0,0,,,,,,,,,,,,,,,,
382.697,0,0,0,0,0,0,0,0,12,0,0,0,0,75,30,3,2040,0,0,0,0,1,308,0,0,0,21,0,0,0,0,0,0,0,0,0,76,0,0,187,78,0,0,0,0,0,0,0,0,0,0,0,0,0,0,0,0,0,0,0,0,0,0,0,0,0,0,0,,,,,,,,,,,,,,,,
383.270,0,0,0,0,0,0,0,0,12,0,0,0,0,75,30,3,2040,0,0,0,0,1,308,0,0,0,21,0,0,0,0,0,0,0,0,0,76,0,0,187,78,0,0,0,0,0,0,0,0,0,0,0,0,0,0,0,0,0,0,0,0,0,0,0,0,0,0,0,,,,,,,,,,,,,,,,
383.270,0,0,0,0,0,0,0,0,12,0,0,0,0,75,30,3,2040,0,0,0,0,1,308,0,0,0,21,0,0,0,0,0,0,0,0,0,76,0,0,187,78,0,0,0,0,0,0,0,0,0,0,0,0,0,0,0,0,0,0,0,0,0,0,0,0,0,0,0,,,,,,,,,,,,,,,,
383.270,0,0,0,0,0,0,0,0,12,0,0,0,0,75,30,3,2040,0,0,0,0,1,308,0,0,0,21,0,0,0,0,0,0,0,0,0,76,0,0,187,78,0,0,0,0,0,0,0,0,0,0,0,0,0,0,0,0,0,0,0,0,0,0,0,0,0,0,0,,,,,,,,,,,,,,,,
383.270,0,0,0,0,0,0,0,0,12,0,0,0,0,75,30,3,2040,0,0,0,0,1,308,0,0,0,21,0,0,0,0,0,0,0,0,0,76,0,0,187,78,0,0,0,0,0,0,0,0,0,0,0,0,0,0,0,0,0,0,0,0,0,0,0,0,0,0,0,,,,,,,,,,,,,,,,
384.122,0,0,0,0,0,0,0,0,12,0,0,0,0,75,30,3,2040,0,0,0,0,1,308,0,0,0,22,0,0,0,0,0,0,0,0,0,76,0,0,187,78,0,0,0,0,0,0,0,0,0,0,0,0,0,0,0,0,0,0,0,0,0,0,0,0,0,0,0,,,,,,,,,,,,,,,,
384.122,0,0,0,0,0,0,0,0,12,0,0,0,0,75,30,3,2040,0,0,0,0,1,308,0,0,0,22,0,0,0,0,0,0,0,0,0,76,0,0,187,78,0,0,0,0,0,0,0,0,0,0,0,0,0,0,0,0,0,0,0,0,0,0,0,0,0,0,0,,,,,,,,,,,,,,,,
384.122,0,0,0,0,0,0,0,0,12,0,0,0,0,75,30,3,2040,0,0,0,0,1,308,0,0,0,22,0,0,0,0,0,0,0,0,0,76,0,0,187,78,0,0,0,0,0,0,0,0,0,0,0,0,0,0,0,0,0,0,0,0,0,0,0,0,0,0,0,,,,,,,,,,,,,,,,
384.692,0,0,0,0,0,0,0,0,12,0,0,0,0,75,30,3,2040,0,0,0,0,1,307,0,0,0,22,0,0,0,0,0,0,0,0,0,76,0,0,187,78,0,0,0,0,0,0,0,0,0,0,0,0,0,0,0,0,0,0,0,0,0,0,0,0,0,0,0,,,,,,,,,,,,,,,,
384.692,0,0,0,0,0,0,0,0,12,0,0,0,0,75,30,3,2040,0,0,0,0,1,307,0,0,0,22,0,0,0,0,0,0,0,0,0,76,0,0,189,78,0,0,0,0,0,0,0,0,0,0,0,0,0,0,0,0,0,0,0,0,0,0,0,0,0,0,0,,,,,,,,,,,,,,,,
384.692,0,0,0,0,0,0,0,0,12,0,0,0,0,75,30,3,2040,0,0,0,0,1,307,0,0,0,22,0,0,0,0,0,0,0,0,0,76,0,0,189,78,0,0,0,0,0,0,0,0,0,0,0,0,0,0,0,0,0,0,0,0,0,0,0,0,0,0,0,,,,,,,,,,,,,,,,
385.262,0,0,0,0,0,0,0,0,12,0,0,0,0,75,30,3,2040,0,0,0,0,1,307,0,0,0,22,0,0,0,0,0,0,0,0,0,76,0,0,189,78,0,0,0,0,0,0,0,0,0,0,0,0,0,0,0,0,0,0,0,0,0,0,0,0,0,0,0,,,,,,,,,,,,,,,,
385.262,0,0,0,0,0,0,0,0,12,0,0,0,0,75,30,3,2040,0,0,0,0,1,307,0,0,0,22,0,0,0,0,0,0,0,0,0,76,0,0,189,78,0,0,0,0,0,0,0,0,0,0,0,0,0,0,0,0,0,0,0,0,0,0,0,0,0,0,0,,,,,,,,,,,,,,,,
385.262,0,0,0,0,0,0,0,0,12,0,0,0,0,75,30,3,2040,0,0,0,0,1,307,0,0,0,22,0,0,0,0,0,0,0,0,0,76,0,0,189,78,0,0,0,0,0,0,0,0,0,0,0,0,0,0,0,0,0,0,0,0,0,0,0,0,0,0,0,,,,,,,,,,,,,,,,
386.128,0,0,0,0,0,0,0,0,12,0,0,0,0,75,30,3,2040,0,0,0,0,1,307,0,0,0,21,0,0,0,0,0,0,0,0,0,76,0,0,189,78,0,0,0,0,0,0,0,0,0,0,0,0,0,0,0,0,0,0,0,0,0,0,0,0,0,0,0,,,,,,,,,,,,,,,,
386.128,0,0,0,0,0,0,0,0,12,0,0,0,0,75,30,3,2040,0,0,0,0,1,307,0,0,0,21,0,0,0,0,0,0,0,0,0,76,0,0,189,78,0,0,0,0,0,0,0,0,0,0,0,0,0,0,0,0,0,0,0,0,0,0,0,0,0,0,0,,,,,,,,,,,,,,,,
386.128,0,0,0,0,0,0,0,0,12,0,0,0,0,75,30,3,2040,0,0,0,0,1,307,0,0,0,21,0,0,0,0,0,0,0,0,0,76,0,0,189,78,0,0,0,0,0,0,0,0,0,0,0,0,0,0,0,0,0,0,0,0,0,0,0,0,0,0,0,,,,,,,,,,,,,,,,
386.698,0,0,0,0,0,0,0,0,12,0,0,0,0,75,30,3,2040,0,0,0,0,1,307,0,0,0,21,0,0,0,0,0,0,0,0,0,76,0,0,189,78,0,0,0,0,0,0,0,0,0,0,0,0,0,0,0,0,0,0,0,0,0,0,0,0,0,0,0,,,,,,,,,,,,,,,,
386.698,0,0,0,0,0,0,0,0,12,0,0,0,0,75,30,3,2040,0,0,0,0,1,307,0,0,0,21,0,0,0,0,0,0,0,0,0,76,0,0,190,78,0,0,0,0,0,0,0,0,0,0,0,0,0,0,0,0,0,0,0,0,0,0,0,0,0,0,0,,,,,,,,,,,,,,,,
386.698,0,0,0,0,0,0,0,0,12,0,0,0,0,75,30,3,2040,0,0,0,0,1,307,0,0,0,21,0,0,0,0,0,0,0,0,0,76,0,0,190,78,0,0,0,0,0,0,0,0,0,0,0,0,0,0,0,0,0,0,0,0,0,0,0,0,0,0,0,,,,,,,,,,,,,,,,
387.624,0,0,0,0,0,0,0,0,12,0,0,0,0,75,30,3,2040,0,0,0,0,1,307,0,0,0,21,0,0,0,0,0,0,0,0,0,76,0,0,190,78,0,0,0,0,0,0,0,0,0,0,0,0,0,0,0,0,0,0,0,0,0,0,0,0,0,0,0,,,,,,,,,,,,,,,,
387.624,0,0,0,0,0,0,0,0,12,0,0,0,0,75,30,3,2040,0,0,0,0,1,307,0,0,0,21,0,0,0,0,0,0,0,0,0,76,0,0,190,78,0,0,0,0,0,0,0,0,0,0,0,0,0,0,0,0,0,0,0,0,0,0,0,0,0,0,0,,,,,,,,,,,,,,,,
387.624,0,0,0,0,0,0,0,0,12,0,0,0,0,75,30,3,2040,0,0,0,0,1,307,0,0,0,21,0,0,0,0,0,0,0,0,0,76,0,0,190,78,0,0,0,0,0,0,0,0,0,0,0,0,0,0,0,0,0,0,0,0,0,0,0,0,0,0,0,,,,,,,,,,,,,,,,
387.624,0,0,0,0,0,0,0,0,12,0,0,0,0,75,30,3,2040,0,0,0,0,1,307,0,0,0,21,0,0,0,0,0,0,0,0,0,76,0,0,190,78,0,0,0,0,0,0,0,0,0,0,0,0,0,0,0,0,0,0,0,0,0,0,0,0,0,0,0,,,,,,,,,,,,,,,,
388.199,0,0,0,0,0,0,0,0,12,0,0,0,0,75,30,3,2040,0,0,0,0,1,307,0,0,0,21,0,0,0,0,0,0,0,0,0,76,0,0,190,78,0,0,0,0,0,0,0,0,0,0,0,0,0,0,0,0,0,0,0,0,0,0,0,0,0,0,0,,,,,,,,,,,,,,,,
388.199,0,0,0,0,0,0,0,0,12,0,0,0,0,75,30,3,2040,0,0,0,0,1,307,0,0,0,21,0,0,0,0,0,0,0,0,0,76,0,0,190,78,0,0,0,0,0,0,0,0,0,0,0,0,0,0,0,0,0,0,0,0,0,0,0,0,0,0,0,,,,,,,,,,,,,,,,
388.199,0,0,0,0,0,0,0,0,12,0,0,0,0,75,30,3,2040,0,0,0,0,1,307,0,0,0,21,0,0,0,0,0,0,0,0,0,76,0,0,190,78,0,0,0,0,0,0,0,0,0,0,0,0,0,0,0,0,0,0,0,0,0,0,0,0,0,0,0,,,,,,,,,,,,,,,,
388.199,0,0,0,0,0,0,0,0,12,0,0,0,0,75,30,3,2146,0,0,0,0,1,307,0,0,0,21,0,0,0,0,0,0,0,0,0,76,0,0,190,78,0,0,0,0,0,0,0,0,0,0,0,0,0,0,0,0,0,0,0,0,0,0,0,0,0,0,0,,,,,,,,,,,,,,,,
388.767,0,0,0,0,0,0,0,0,12,0,0,0,0,75,30,3,2146,0,0,0,0,1,307,0,0,0,21,0,0,0,0,0,0,0,0,0,76,0,0,190,78,0,0,0,0,0,0,0,0,0,0,0,0,0,0,0,0,0,0,0,0,0,0,0,0,0,0,0,,,,,,,,,,,,,,,,
388.767,0,0,0,0,0,0,0,0,12,0,0,0,0,75,30,3,2146,0,0,0,0,1,307,0,0,0,21,0,0,0,0,0,0,0,0,0,76,0,0,190,78,0,0,0,0,0,0,0,0,0,0,0,0,0,0,0,0,0,0,0,0,0,0,0,0,0,0,0,,,,,,,,,,,,,,,,
388.767,0,0,0,0,0,0,0,0,12,0,0,0,0,75,30,3,2146,0,0,0,0,1,307,0,0,0,21,0,0,0,0,0,0,0,0,0,76,0,0,190,78,0,0,0,0,0,0,0,0,0,0,0,0,0,0,0,0,0,0,0,0,0,0,0,0,0,0,0,,,,,,,,,,,,,,,,
389.336,0,0,0,0,0,0,0,0,12,0,0,0,0,75,30,3,2146,0,0,0,0,1,308,0,0,0,21,0,0,0,0,0,0,0,0,0,76,0,0,190,78,0,0,0,0,0,0,0,0,0,0,0,0,0,0,0,0,0,0,0,0,0,0,0,0,0,0,0,,,,,,,,,,,,,,,,
389.336,0,0,0,0,0,0,0,0,12,0,0,0,0,75,30,3,2146,0,0,0,0,1,308,0,0,0,21,0,0,0,0,0,0,0,0,0,76,0,0,188,78,0,0,0,0,0,0,0,0,0,0,0,0,0,0,0,0,0,0,0,0,0,0,0,0,0,0,0,,,,,,,,,,,,,,,,
389.336,0,0,0,0,0,0,0,0,12,0,0,0,0,75,30,3,2146,0,0,0,0,1,308,0,0,0,21,0,0,0,0,0,0,0,0,0,76,0,0,188,78,0,0,0,0,0,0,0,0,0,0,0,0,0,0,0,0,0,0,0,0,0,0,0,0,0,0,0,,,,,,,,,,,,,,,,
389.905,0,0,0,0,0,0,0,0,12,0,0,0,0,75,30,3,2146,0,0,0,0,1,308,0,0,0,21,0,0,0,0,0,0,0,0,0,76,0,0,188,78,0,0,0,0,0,0,0,0,0,0,0,0,0,0,0,0,0,0,0,0,0,0,0,0,0,0,0,,,,,,,,,,,,,,,,
389.905,0,0,0,0,0,0,0,0,12,0,0,0,0,75,30,3,2146,0,0,0,0,1,308,0,0,0,21,0,0,0,0,0,0,0,0,0,76,0,0,188,78,0,0,0,0,0,0,0,0,0,0,0,0,0,0,0,0,0,0,0,0,0,0,0,0,0,0,0,,,,,,,,,,,,,,,,
389.905,0,0,0,0,0,0,0,0,12,0,0,0,0,75,30,3,2146,0,0,0,0,1,308,0,0,0,21,0,0,0,0,0,0,0,0,0,76,0,0,188,78,0,0,0,0,0,0,0,0,0,0,0,0,0,0,0,0,0,0,0,0,0,0,0,0,0,0,0,,,,,,,,,,,,,,,,
390.474,0,0,0,0,0,0,0,0,12,0,0,0,0,75,30,3,2146,0,0,0,0,1,308,0,0,0,21,0,0,0,0,0,0,0,0,0,76,0,0,188,78,0,0,0,0,0,0,0,0,0,0,0,0,0,0,0,0,0,0,0,0,0,0,0,0,0,0,0,,,,,,,,,,,,,,,,
390.474,0,0,0,0,0,0,0,0,12,0,0,0,0,75,30,3,2146,0,0,0,0,1,308,0,0,0,21,0,0,0,0,0,0,0,0,0,76,0,0,188,78,0,0,0,0,0,0,0,0,0,0,0,0,0,0,0,0,0,0,0,0,0,0,0,0,0,0,0,,,,,,,,,,,,,,,,
390.474,0,0,0,0,0,0,0,0,12,0,0,0,0,75,30,3,2146,0,0,0,0,1,308,0,0,0,21,0,0,0,0,0,0,0,0,0,76,0,0,188,78,0,0,0,0,0,0,0,0,0,0,0,0,0,0,0,0,0,0,0,0,0,0,0,0,0,0,0,,,,,,,,,,,,,,,,
391.048,0,0,0,0,0,0,0,0,12,0,0,0,0,75,30,3,2146,0,0,0,0,1,308,0,0,0,21,0,0,0,0,0,0,0,0,0,76,0,0,188,78,0,0,0,0,0,0,0,0,0,0,0,0,0,0,0,0,0,0,0,0,0,0,0,0,0,0,0,,,,,,,,,,,,,,,,
391.048,0,0,0,0,0,0,0,0,12,0,0,0,0,75,30,3,2146,0,0,0,0,1,308,0,0,0,21,0,0,0,0,0,0,0,0,0,76,0,0,185,78,0,0,0,0,0,0,0,0,0,0,0,0,0,0,0,0,0,0,0,0,0,0,0,0,0,0,0,,,,,,,,,,,,,,,,
391.048,0,0,0,0,0,0,0,0,12,0,0,0,0,75,30,3,2146,0,0,0,0,1,308,0,0,0,21,0,0,0,0,0,0,0,0,0,76,0,0,185,78,0,0,0,0,0,0,0,0,0,0,0,0,0,0,0,0,0,0,0,0,0,0,0,0,0,0,0,,,,,,,,,,,,,,,,
392.120,0,0,0,0,0,0,0,0,12,0,0,0,0,75,30,3,2146,0,0,0,0,1,308,0,0,0,21,0,0,0,0,0,0,0,0,0,76,0,0,185,78,0,0,0,0,0,0,0,0,0,0,0,0,0,0,0,0,0,0,0,0,0,0,0,0,0,0,0,,,,,,,,,,,,,,,,
392.120,0,0,0,0,0,0,0,0,12,0,0,0,0,75,30,3,2146,0,0,0,0,1,308,0,0,0,21,0,0,0,0,0,0,0,0,0,76,0,0,185,78,0,0,0,0,0,0,0,0,0,0,0,0,0,0,0,0,0,0,0,0,0,0,0,0,0,0,0,,,,,,,,,,,,,,,,
392.120,0,0,0,0,0,0,0,0,12,0,0,0,0,75,30,3,2146,0,0,0,0,1,308,0,0,0,21,0,0,0,0,0,0,0,0,0,76,0,0,185,78,0,0,0,0,0,0,0,0,0,0,0,0,0,0,0,0,0,0,0,0,0,0,0,0,0,0,0,,,,,,,,,,,,,,,,
392.691,0,0,0,0,0,0,0,0,12,0,0,0,0,75,30,3,2146,0,0,0,0,1,308,0,0,0,21,0,0,0,0,0,0,0,0,0,76,0,0,185,78,0,0,0,0,0,0,0,0,0,0,0,0,0,0,0,0,0,0,0,0,0,0,0,0,0,0,0,,,,,,,,,,,,,,,,
392.691,0,0,0,0,0,0,0,0,12,0,0,0,0,75,30,3,2146,0,0,0,0,1,308,0,0,0,21,0,0,0,0,0,0,0,0,0,76,0,0,188,78,0,0,0,0,0,0,0,0,0,0,0,0,0,0,0,0,0,0,0,0,0,0,0,0,0,0,0,,,,,,,,,,,,,,,,
392.691,0,0,0,0,0,0,0,0,12,0,0,0,0,75,30,3,2146,0,0,0,0,1,308,0,0,0,21,0,0,0,0,0,0,0,0,0,75,0,0,188,78,0,0,0,0,0,0,0,0,0,0,0,0,0,0,0,0,0,0,0,0,0,0,0,0,0,0,0,,,,,,,,,,,,,,,,
393.261,0,0,0,0,0,0,0,0,12,0,0,0,0,75,30,3,2146,0,0,0,0,1,308,0,0,0,21,0,0,0,0,0,0,0,0,0,75,0,0,188,78,0,0,0,0,0,0,0,0,0,0,0,0,0,0,0,0,0,0,0,0,0,0,0,0,0,0,0,,,,,,,,,,,,,,,,
393.261,0,0,0,0,0,0,0,0,12,0,0,0,0,75,30,3,2146,0,0,0,0,2,308,0,0,0,21,0,0,0,0,0,0,0,0,0,75,0,0,188,78,0,0,0,0,0,0,0,0,0,0,0,0,0,0,0,0,0,0,0,0,0,0,0,0,0,0,0,,,,,,,,,,,,,,,,
393.261,0,0,0,0,0,0,0,0,12,0,0,0,0,75,30,3,2146,0,0,0,0,2,308,0,0,0,21,0,0,0,0,0,0,0,0,0,75,0,0,188,78,0,0,0,0,0,0,0,0,0,0,0,0,0,0,0,0,0,0,0,0,0,0,0,0,0,0,0,,,,,,,,,,,,,,,,
393.836,0,0,0,0,0,0,0,0,12,0,0,0,0,75,30,3,2146,0,0,0,0,2,308,0,0,0,21,0,0,0,0,0,0,0,0,0,75,0,0,188,78,0,0,0,0,0,0,0,0,0,0,0,0,0,0,0,0,0,0,0,0,0,0,0,0,0,0,0,,,,,,,,,,,,,,,,
393.836,0,0,0,0,0,0,0,0,12,0,0,0,0,75,30,3,2146,0,0,0,0,2,308,0,0,0,21,0,0,0,0,0,0,0,0,0,75,0,0,188,78,0,0,0,0,0,0,0,0,0,0,0,0,0,0,0,0,0,0,0,0,0,0,0,0,0,0,0,,,,,,,,,,,,,,,,
393.836,0,0,0,0,0,0,0,0,12,0,0,0,0,75,30,3,2146,0,0,0,0,2,308,0,0,0,21,0,0,0,0,0,0,0,0,0,75,0,0,188,78,0,0,0,0,0,0,0,0,0,0,0,0,0,0,0,0,0,0,0,0,0,0,0,0,0,0,0,,,,,,,,,,,,,,,,
393.836,0,0,0,0,0,0,0,0,12,0,0,0,0,75,30,3,2146,0,0,0,0,2,308,0,0,0,21,0,0,0,0,0,0,0,0,0,75,0,0,188,78,0,0,0,0,0,0,0,0,0,0,0,0,0,0,0,0,0,0,0,0,0,0,0,0,0,0,0,,,,,,,,,,,,,,,,
394.404,0,0,0,0,0,0,0,0,12,0,0,0,0,75,30,3,2146,0,0,0,0,2,308,0,0,0,21,0,0,0,0,0,0,0,0,0,75,0,0,188,78,0,0,0,0,0,0,0,0,0,0,0,0,0,0,0,0,0,0,0,0,0,0,0,0,0,0,0,,,,,,,,,,,,,,,,
394.404,0,0,0,0,0,0,0,0,12,0,0,0,0,75,30,3,2146,0,0,0,0,2,308,0,0,0,21,0,0,0,0,0,0,0,0,0,75,0,0,188,78,0,0,0,0,0,0,0,0,0,0,0,0,0,0,0,0,0,0,0,0,0,0,0,0,0,0,0,,,,,,,,,,,,,,,,
394.404,0,0,0,0,0,0,0,0,12,0,0,0,0,75,30,3,2146,0,0,0,0,2,308,0,0,0,21,0,0,0,0,0,0,0,0,0,75,0,0,188,78,0,0,0,0,0,0,0,0,0,0,0,0,0,0,0,0,0,0,0,0,0,0,0,0,0,0,0,,,,,,,,,,,,,,,,
394.970,0,0,0,0,0,0,0,0,12,0,0,0,0,75,30,3,2146,0,0,0,0,2,308,0,0,0,21,0,0,0,0,0,0,0,0,0,75,0,0,188,78,0,0,0,0,0,0,0,0,0,0,0,0,0,0,0,0,0,0,0,0,0,0,0,0,0,0,0,,,,,,,,,,,,,,,,
394.970,0,0,0,0,0,0,0,0,12,0,0,0,0,75,30,3,2146,0,0,0,0,2,308,0,0,0,21,0,0,0,0,0,0,0,0,0,75,0,0,183,78,0,0,0,0,0,0,0,0,0,0,0,0,0,0,0,0,0,0,0,0,0,0,0,0,0,0,0,,,,,,,,,,,,,,,,
394.970,0,0,0,0,0,0,0,0,12,0,0,0,0,75,30,3,2146,0,0,0,0,2,308,0,0,0,21,0,0,0,0,0,0,0,0,0,76,0,0,183,78,0,0,0,0,0,0,0,0,0,0,0,0,0,0,0,0,0,0,0,0,0,0,0,0,0,0,0,,,,,,,,,,,,,,,,
396.126,0,0,0,0,0,0,0,0,12,0,0,0,0,75,30,3,2146,0,0,0,0,2,308,0,0,0,21,0,0,0,0,0,0,0,0,0,76,0,0,183,78,0,0,0,0,0,0,0,0,0,0,0,0,0,0,0,0,0,0,0,0,0,0,0,0,0,0,0,,,,,,,,,,,,,,,,
396.126,0,0,0,0,0,0,0,0,12,0,0,0,0,75,30,3,2146,0,0,0,0,2,308,0,0,0,21,0,0,0,0,0,0,0,0,0,76,0,0,183,78,0,0,0,0,0,0,0,0,0,0,0,0,0,0,0,0,0,0,0,0,0,0,0,0,0,0,0,,,,,,,,,,,,,,,,
396.126,0,0,0,0,0,0,0,0,12,0,0,0,0,75,30,3,2146,0,0,0,0,2,308,0,0,0,21,0,0,0,0,0,0,0,0,0,76,0,0,183,78,0,0,0,0,0,0,0,0,0,0,0,0,0,0,0,0,0,0,0,0,0,0,0,0,0,0,0,,,,,,,,,,,,,,,,
396.698,0,0,0,0,0,0,0,0,12,0,0,0,0,75,30,3,2146,0,0,0,0,2,308,0,0,0,21,0,0,0,0,0,0,0,0,0,76,0,0,183,78,0,0,0,0,0,0,0,0,0,0,0,0,0,0,0,0,0,0,0,0,0,0,0,0,0,0,0,,,,,,,,,,,,,,,,
396.698,0,0,0,0,0,0,0,0,12,0,0,0,0,75,30,3,2146,0,0,0,0,2,308,0,0,0,21,0,0,0,0,0,0,0,0,0,76,0,0,171,78,0,0,0,0,0,0,0,0,0,0,0,0,0,0,0,0,0,0,0,0,0,0,0,0,0,0,0,,,,,,,,,,,,,,,,
396.698,0,0,0,0,0,0,0,0,12,0,0,0,0,75,30,3,2146,0,0,0,0,2,308,0,0,0,21,0,0,0,0,0,0,0,0,0,76,0,0,171,78,0,0,0,0,0,0,0,0,0,0,0,0,0,0,0,0,0,0,0,0,0,0,0,0,0,0,0,,,,,,,,,,,,,,,,
397.266,0,0,0,0,0,0,0,0,12,0,0,0,0,75,30,3,2146,0,0,0,0,2,308,0,0,0,21,0,0,0,0,0,0,0,0,0,76,0,0,171,78,0,0,0,0,0,0,0,0,0,0,0,0,0,0,0,0,0,0,0,0,0,0,0,0,0,0,0,,,,,,,,,,,,,,,,
397.266,0,0,0,0,0,0,0,0,12,0,0,0,0,75,30,3,2146,0,0,0,0,2,308,0,0,0,21,0,0,0,0,0,0,0,0,0,76,0,0,171,78,0,0,0,0,0,0,0,0,0,0,0,0,0,0,0,0,0,0,0,0,0,0,0,0,0,0,0,,,,,,,,,,,,,,,,
397.266,0,0,0,0,0,0,0,0,12,0,0,0,0,75,30,3,2146,0,0,0,0,2,308,0,0,0,21,0,0,0,0,0,0,0,0,0,76,0,0,171,78,0,0,0,0,0,0,0,0,0,0,0,0,0,0,0,0,0,0,0,0,0,0,0,0,0,0,0,,,,,,,,,,,,,,,,
397.836,0,0,0,0,0,0,0,0,12,0,0,0,0,75,30,3,2146,0,0,0,0,2,308,0,0,0,21,0,0,0,0,0,0,0,0,0,76,0,0,171,78,0,0,0,0,0,0,0,0,0,0,0,0,0,0,0,0,0,0,0,0,0,0,0,0,0,0,0,,,,,,,,,,,,,,,,
397.836,0,0,0,0,0,0,0,0,12,0,0,0,0,75,30,3,2146,0,0,0,0,2,308,0,0,0,21,0,0,0,0,0,0,0,0,0,76,0,0,171,78,0,0,0,0,0,0,0,0,0,0,0,0,0,0,0,0,0,0,0,0,0,0,0,0,0,0,0,,,,,,,,,,,,,,,,
397.836,0,0,0,0,0,0,0,0,12,0,0,0,0,75,30,3,2146,0,0,0,0,2,308,0,0,0,21,0,0,0,0,0,0,0,0,0,76,0,0,171,78,0,0,0,0,0,0,0,0,0,0,0,0,0,0,0,0,0,0,0,0,0,0,0,0,0,0,0,,,,,,,,,,,,,,,,
397.836,0,0,0,0,0,0,0,0,12,0,0,0,0,75,30,3,1938,0,0,0,0,2,308,0,0,0,21,0,0,0,0,0,0,0,0,0,76,0,0,171,78,0,0,0,0,0,0,0,0,0,0,0,0,0,0,0,0,0,0,0,0,0,0,0,0,0,0,0,,,,,,,,,,,,,,,,
398.411,0,0,0,0,0,0,0,0,12,0,0,0,0,75,30,3,1938,0,0,0,0,2,308,0,0,0,21,0,0,0,0,0,0,0,0,0,76,0,0,171,78,0,0,0,0,0,0,0,0,0,0,0,0,0,0,0,0,0,0,0,0,0,0,0,0,0,0,0,,,,,,,,,,,,,,,,
398.411,0,0,0,0,0,0,0,0,12,0,0,0,0,75,30,3,1938,0,0,0,0,2,308,0,0,0,21,0,0,0,0,0,0,0,0,0,76,0,0,171,78,0,0,0,0,0,0,0,0,0,0,0,0,0,0,0,0,0,0,0,0,0,0,0,0,0,0,0,,,,,,,,,,,,,,,,
398.411,0,0,0,0,0,0,0,0,12,0,0,0,0,75,30,3,1938,0,0,0,0,2,308,0,0,0,21,0,0,0,0,0,0,0,0,0,76,0,0,171,78,0,0,0,0,0,0,0,0,0,0,0,0,0,0,0,0,0,0,0,0,0,0,0,0,0,0,0,,,,,,,,,,,,,,,,
398.411,0,0,0,0,0,0,0,0,12,0,0,0,0,75,30,3,1938,0,0,0,0,2,308,0,0,0,21,0,0,0,0,0,0,0,0,0,76,0,0,171,78,0,0,0,0,0,0,0,0,0,0,0,0,0,0,0,0,0,0,0,0,0,0,0,0,0,0,0,,,,,,,,,,,,,,,,
398.977,0,0,0,0,0,0,0,0,12,0,0,0,0,75,30,3,1938,0,0,0,0,2,308,0,0,0,21,0,0,0,0,0,0,0,0,0,76,0,0,171,78,0,0,0,0,0,0,0,0,0,0,0,0,0,0,0,0,0,0,0,0,0,0,0,0,0,0,0,,,,,,,,,,,,,,,,
398.977,0,0,0,0,0,0,0,0,12,0,0,0,0,74,30,3,1938,0,0,0,0,2,308,0,0,0,21,0,0,0,0,0,0,0,0,0,76,0,0,171,78,0,0,0,0,0,0,0,0,0,0,0,0,0,0,0,0,0,0,0,0,0,0,0,0,0,0,0,,,,,,,,,,,,,,,,
398.977,0,0,0,0,0,0,0,0,12,0,0,0,0,74,30,3,1938,0,0,0,0,2,308,0,0,0,21,0,0,0,0,0,0,0,0,0,76,0,0,171,78,0,0,0,0,0,0,0,0,0,0,0,0,0,0,0,0,0,0,0,0,0,0,0,0,0,0,0,,,,,,,,,,,,,,,,
399.549,0,0,0,0,0,0,0,0,12,0,0,0,0,74,30,3,1938,0,0,0,0,2,308,0,0,0,21,0,0,0,0,0,0,0,0,0,76,0,0,171,78,0,0,0,0,0,0,0,0,0,0,0,0,0,0,0,0,0,0,0,0,0,0,0,0,0,0,0,,,,,,,,,,,,,,,,
399.549,0,0,0,0,0,0,0,0,12,0,0,0,0,74,30,3,1938,0,0,0,0,2,308,0,0,0,21,0,0,0,0,0,0,0,0,0,76,0,0,169,78,0,0,0,0,0,0,0,0,0,0,0,0,0,0,0,0,0,0,0,0,0,0,0,0,0,0,0,,,,,,,,,,,,,,,,
399.549,0,0,0,0,0,0,0,0,12,0,0,0,0,74,30,3,1938,0,0,0,0,2,308,0,0,0,21,0,0,0,0,0,0,0,0,0,76,0,0,169,78,0,0,0,0,0,0,0,0,0,0,0,0,0,0,0,0,0,0,0,0,0,0,0,0,0,0,0,,,,,,,,,,,,,,,,
400.122,0,0,0,0,0,0,0,0,12,0,0,0,0,74,30,3,1938,0,0,0,0,2,308,0,0,0,21,0,0,0,0,0,0,0,0,0,76,0,0,169,78,0,0,0,0,0,0,0,0,0,0,0,0,0,0,0,0,0,0,0,0,0,0,0,0,0,0,0,,,,,,,,,,,,,,,,
400.122,0,0,0,0,0,0,0,0,12,0,0,0,0,74,30,3,1938,0,0,0,0,2,308,0,0,0,21,0,0,0,0,0,0,0,0,0,76,0,0,169,78,0,0,0,0,0,0,0,0,0,0,0,0,0,0,0,0,0,0,0,0,0,0,0,0,0,0,0,,,,,,,,,,,,,,,,
400.122,0,0,0,0,0,0,0,0,12,0,0,0,0,74,30,3,1938,0,0,0,0,2,308,0,0,0,21,0,0,0,0,0,0,0,0,0,76,0,0,169,78,0,0,0,0,0,0,0,0,0,0,0,0,0,0,0,0,0,0,0,0,0,0,0,0,0,0,0,,,,,,,,,,,,,,,,
400.692,0,0,0,0,0,0,0,0,12,0,0,0,0,74,30,3,1938,0,0,0,0,2,307,0,0,0,21,0,0,0,0,0,0,0,0,0,76,0,0,169,78,0,0,0,0,0,0,0,0,0,0,0,0,0,0,0,0,0,0,0,0,0,0,0,0,0,0,0,,,,,,,,,,,,,,,,
400.692,0,0,0,0,0,0,0,0,12,0,0,0,0,74,30,3,1938,0,0,0,0,2,307,0,0,0,21,0,0,0,0,0,0,0,0,0,76,0,0,191,78,0,0,0,0,0,0,0,0,0,0,0,0,0,0,0,0,0,0,0,0,0,0,0,0,0,0,0,,,,,,,,,,,,,,,,
400.692,0,0,0,0,0,0,0,0,12,0,0,0,0,74,30,3,1938,0,0,0,0,2,307,0,0,0,21,0,0,0,0,0,0,0,0,0,76,0,0,191,78,0,0,0,0,0,0,0,0,0,0,0,0,0,0,0,0,0,0,0,0,0,0,0,0,0,0,0,,,,,,,,,,,,,,,,
401.266,0,0,0,0,0,0,0,0,12,0,0,0,0,74,30,3,1938,0,0,0,0,2,307,0,0,0,21,0,0,0,0,0,0,0,0,0,76,0,0,191,78,0,0,0,0,0,0,0,0,0,0,0,0,0,0,0,0,0,0,0,0,0,0,0,0,0,0,0,,,,,,,,,,,,,,,,
401.266,0,0,0,0,0,0,0,0,12,0,0,0,0,74,30,3,1938,0,0,0,0,2,307,0,0,0,21,0,0,0,0,0,0,0,0,0,76,0,0,191,78,0,0,0,0,0,0,0,0,0,0,0,0,0,0,0,0,0,0,0,0,0,0,0,0,0,0,0,,,,,,,,,,,,,,,,
401.266,0,0,0,0,0,0,0,0,12,0,0,0,0,74,30,3,1938,0,0,0,0,2,307,0,0,0,21,0,0,0,0,0,0,0,0,0,76,0,0,191,78,0,0,0,0,0,0,0,0,0,0,0,0,0,0,0,0,0,0,0,0,0,0,0,0,0,0,0,,,,,,,,,,,,,,,,
402.128,0,0,0,0,0,0,0,0,12,0,0,0,0,74,30,3,1938,0,0,0,0,2,307,0,0,0,21,0,0,0,0,0,0,0,0,0,76,0,0,191,78,0,0,0,0,0,0,0,0,0,0,0,0,0,0,0,0,0,0,0,0,0,0,0,0,0,0,0,,,,,,,,,,,,,,,,
402.128,0,0,0,0,0,0,0,0,12,0,0,0,0,74,30,3,1938,0,0,0,0,2,307,0,0,0,21,0,0,0,0,0,0,0,0,0,76,0,0,191,78,0,0,0,0,0,0,0,0,0,0,0,0,0,0,0,0,0,0,0,0,0,0,0,0,0,0,0,,,,,,,,,,,,,,,,
402.128,0,0,0,0,0,0,0,0,12,0,0,0,0,74,30,3,1938,0,0,0,0,2,307,0,0,0,21,0,0,0,0,0,0,0,0,0,76,0,0,191,78,0,0,0,0,0,0,0,0,0,0,0,0,0,0,0,0,0,0,0,0,0,0,0,0,0,0,0,,,,,,,,,,,,,,,,
402.698,0,0,0,0,0,0,0,0,12,0,0,0,0,74,30,3,1938,0,0,0,0,2,309,0,0,0,21,0,0,0,0,0,0,0,0,0,76,0,0,191,78,0,0,0,0,0,0,0,0,0,0,0,0,0,0,0,0,0,0,0,0,0,0,0,0,0,0,0,,,,,,,,,,,,,,,,
402.698,0,0,0,0,0,0,0,0,12,0,0,0,0,74,30,3,1938,0,0,0,0,2,309,0,0,0,21,0,0,0,0,0,0,0,0,0,76,0,0,183,78,0,0,0,0,0,0,0,0,0,0,0,0,0,0,0,0,0,0,0,0,0,0,0,0,0,0,0,,,,,,,,,,,,,,,,
402.698,0,0,0,0,0,0,0,0,12,0,0,0,0,74,30,3,1938,0,0,0,0,2,309,0,0,0,21,0,0,0,0,0,0,0,0,0,78,0,0,183,78,0,0,0,0,0,0,0,0,0,0,0,0,0,0,0,0,0,0,0,0,0,0,0,0,0,0,0,,,,,,,,,,,,,,,,
403.268,0,0,0,0,0,0,0,0,12,0,0,0,0,74,30,3,1938,0,0,0,0,2,309,0,0,0,21,0,0,0,0,0,0,0,0,0,78,0,0,183,78,0,0,0,0,0,0,0,0,0,0,0,0,0,0,0,0,0,0,0,0,0,0,0,0,0,0,0,,,,,,,,,,,,,,,,
403.268,0,0,0,0,0,0,0,0,12,0,0,0,0,74,30,3,1938,0,0,0,0,2,309,0,0,0,21,0,0,0,0,0,0,0,0,0,78,0,0,183,78,0,0,0,0,0,0,0,0,0,0,0,0,0,0,0,0,0,0,0,0,0,0,0,0,0,0,0,,,,,,,,,,,,,,,,
403.268,0,0,0,0,0,0,0,0,12,0,0,0,0,74,30,3,1938,0,0,0,0,2,309,0,0,0,21,0,0,0,0,0,0,0,0,0,78,0,0,183,78,0,0,0,0,0,0,0,0,0,0,0,0,0,0,0,0,0,0,0,0,0,0,0,0,0,0,0,,,,,,,,,,,,,,,,
403.268,0,0,0,0,0,0,0,0,12,0,0,0,0,74,30,3,1938,0,0,0,0,2,309,0,0,0,21,0,0,0,0,0,0,0,0,0,78,0,0,183,78,0,0,0,0,0,0,0,0,0,0,0,0,0,0,0,0,0,0,0,0,0,0,0,0,0,0,0,,,,,,,,,,,,,,,,
404.124,0,0,0,0,0,0,0,0,12,0,0,0,0,74,30,3,1938,0,0,0,0,2,309,0,0,0,21,0,0,0,0,0,0,0,0,0,78,0,0,183,78,0,0,0,0,0,0,0,0,0,0,0,0,0,0,0,0,0,0,0,0,0,0,0,0,0,0,0,,,,,,,,,,,,,,,,
404.124,0,0,0,0,0,0,0,0,12,0,0,0,0,74,30,3,1938,0,0,0,0,2,309,0,0,0,21,0,0,0,0,0,0,0,0,0,78,0,0,183,78,0,0,0,0,0,0,0,0,0,0,0,0,0,0,0,0,0,0,0,0,0,0,0,0,0,0,0,,,,,,,,,,,,,,,,
404.124,0,0,0,0,0,0,0,0,12,0,0,0,0,74,30,3,1938,0,0,0,0,2,309,0,0,0,21,0,0,0,0,0,0,0,0,0,78,0,0,183,78,0,0,0,0,0,0,0,0,0,0,0,0,0,0,0,0,0,0,0,0,0,0,0,0,0,0,0,,,,,,,,,,,,,,,,
404.695,0,0,0,0,0,0,0,0,12,0,0,0,0,74,30,3,1938,0,0,0,0,2,301,0,0,0,21,0,0,0,0,0,0,0,0,0,78,0,0,183,78,0,0,0,0,0,0,0,0,0,0,0,0,0,0,0,0,0,0,0,0,0,0,0,0,0,0,0,,,,,,,,,,,,,,,,
404.695,0,0,0,0,0,0,0,0,12,0,0,0,0,74,30,3,1938,0,0,0,0,2,301,0,0,0,21,0,0,0,0,0,0,0,0,0,78,0,0,293,78,0,0,0,0,0,0,0,0,0,0,0,0,0,0,0,0,0,0,0,0,0,0,0,0,0,0,0,,,,,,,,,,,,,,,,
404.695,0,0,0,0,0,0,0,0,12,0,0,0,0,74,30,3,1938,0,0,0,0,2,301,0,0,0,21,0,0,0,0,0,0,0,0,0,70,0,0,293,78,0,0,0,0,0,0,0,0,0,0,0,0,0,0,0,0,0,0,0,0,0,0,0,0,0,0,0,,,,,,,,,,,,,,,,
405.266,0,0,0,0,0,0,0,0,12,0,0,0,0,74,30,3,1938,0,0,0,0,2,301,0,0,0,21,0,0,0,0,0,0,0,0,0,70,0,0,293,78,0,0,0,0,0,0,0,0,0,0,0,0,0,0,0,0,0,0,0,0,0,0,0,0,0,0,0,,,,,,,,,,,,,,,,
405.266,0,0,0,0,0,0,0,0,12,0,0,0,0,74,30,3,1938,0,0,0,0,2,301,0,0,0,21,0,0,0,0,0,0,0,0,0,70,0,0,293,78,0,0,0,0,0,0,0,0,0,0,0,0,0,0,0,0,0,0,0,0,0,0,0,0,0,0,0,,,,,,,,,,,,,,,,
405.266,0,0,0,0,0,0,0,0,12,0,0,0,0,74,30,3,1938,0,0,0,0,2,301,0,0,0,21,0,0,0,0,0,0,0,0,0,70,0,0,293,78,0,0,0,0,0,0,0,0,0,0,0,0,0,0,0,0,0,0,0,3,0,0,0,0,0,0,0,,,,,,,,,,,,,,,,
405.836,0,0,0,0,0,0,0,0,12,0,0,0,0,74,30,3,1938,0,0,0,0,2,301,0,0,0,21,0,0,0,0,0,0,0,0,0,70,0,0,293,78,0,0,0,0,0,0,0,0,0,0,0,0,0,0,0,0,0,0,0,3,0,0,0,0,0,0,0,,,,,,,,,,,,,,,,
405.836,0,0,0,0,0,0,0,0,12,0,0,0,0,74,30,3,1938,0,0,0,0,2,301,0,0,0,21,0,0,0,0,0,0,0,0,0,70,0,0,293,78,0,0,0,0,0,0,0,0,0,0,0,0,0,0,0,0,0,0,0,3,0,0,0,0,0,0,0,,,,,,,,,,,,,,,,
405.836,0,0,0,0,0,0,0,0,12,0,0,0,0,74,30,3,1938,0,0,0,0,2,301,0,0,0,21,0,0,0,0,0,0,0,0,0,70,0,0,293,78,0,0,0,0,0,0,0,0,0,0,0,0,0,0,0,0,0,0,0,3,0,0,0,0,0,0,0,,,,,,,,,,,,,,,,
405.836,0,0,0,0,0,0,0,0,12,0,0,0,0,74,30,3,2729,0,0,0,0,2,301,0,0,0,21,0,0,0,0,0,0,0,0,0,70,0,0,293,78,0,0,0,0,0,0,0,0,0,0,0,0,0,0,0,0,0,0,0,3,0,0,0,0,0,0,0,,,,,,,,,,,,,,,,
406.407,0,0,0,0,0,0,0,0,12,0,0,0,0,74,30,3,2729,0,0,0,0,2,301,0,0,0,20,0,0,0,0,0,0,0,0,0,70,0,0,293,78,0,0,0,0,0,0,0,0,0,0,0,0,0,0,0,0,0,0,0,3,0,0,0,0,0,0,0,,,,,,,,,,,,,,,,
406.407,0,0,0,0,0,0,0,0,12,0,0,0,0,74,30,3,2729,0,0,0,0,2,301,0,0,0,20,0,0,0,0,0,0,0,0,0,70,0,0,293,78,0,0,0,0,0,0,0,0,0,0,0,0,0,0,0,0,0,0,0,3,0,0,0,0,0,0,0,,,,,,,,,,,,,,,,
406.407,0,0,0,0,0,0,0,0,12,0,0,0,0,74,30,3,2729,0,0,0,0,2,301,0,0,0,20,0,0,0,0,0,0,0,0,0,70,0,0,293,78,0,0,0,0,0,0,0,0,0,0,0,0,0,0,0,0,0,0,0,3,0,0,0,0,0,0,0,,,,,,,,,,,,,,,,
406.974,0,0,0,0,0,0,0,0,12,0,0,0,0,74,30,3,2729,0,0,0,0,2,287,0,0,0,20,0,0,0,0,0,0,0,0,0,70,0,0,293,78,0,0,0,0,0,0,0,0,0,0,0,0,0,0,0,0,0,0,0,3,0,0,0,0,0,0,0,,,,,,,,,,,,,,,,
406.974,0,0,0,0,0,0,0,0,12,0,0,0,0,74,30,3,2729,0,0,0,0,2,287,0,0,0,20,0,0,0,0,0,0,0,0,0,70,0,0,417,78,0,0,0,0,0,0,0,0,0,0,0,0,0,0,0,0,0,0,0,3,0,0,0,0,0,0,0,,,,,,,,,,,,,,,,
406.974,0,0,0,0,0,0,0,0,12,0,0,0,0,74,30,3,2729,0,0,0,0,2,287,0,0,0,20,0,0,0,0,0,0,0,0,0,55,0,0,417,78,0,0,0,0,0,0,0,0,0,0,0,0,0,0,0,0,0,0,0,3,0,0,0,0,0,0,0,,,,,,,,,,,,,,,,
407.620,0,0,0,0,0,0,0,0,12,0,0,0,0,74,30,3,2729,0,0,0,0,2,287,0,0,0,20,0,0,0,0,0,0,0,0,0,55,0,0,417,78,0,0,0,0,0,0,0,0,0,0,0,0,0,0,0,0,0,0,0,3,0,0,0,0,0,0,0,,,,,,,,,,,,,,,,
407.620,0,0,0,0,0,0,0,0,12,0,0,0,0,74,30,3,2729,0,0,0,0,2,287,0,0,0,20,0,0,0,0,0,0,0,0,0,55,0,0,417,78,0,0,0,0,0,0,0,0,0,0,0,0,0,0,0,0,0,0,0,3,0,0,0,0,0,0,0,,,,,,,,,,,,,,,,
407.620,0,0,0,0,0,0,0,0,12,0,0,0,0,74,30,3,2729,0,0,0,0,2,287,0,0,0,20,0,0,0,0,0,0,0,0,0,55,0,0,417,78,0,0,0,0,0,0,0,0,0,0,0,0,0,0,0,0,0,0,0,3,0,0,0,0,0,0,0,,,,,,,,,,,,,,,,
407.620,0,0,0,0,0,0,0,0,12,0,0,0,0,74,30,3,2729,0,0,0,0,2,287,0,0,0,20,0,0,0,0,0,0,0,0,0,55,0,0,417,78,0,0,0,0,0,0,0,0,0,0,0,0,0,0,0,0,0,0,0,3,0,0,0,0,0,0,0,,,,,,,,,,,,,,,,
408.193,0,0,0,0,0,0,0,0,12,0,0,0,0,74,30,3,2729,0,0,0,0,2,287,0,0,0,20,0,0,0,0,0,0,0,0,0,55,0,0,417,78,0,0,0,0,0,0,0,0,0,0,0,0,0,0,0,0,0,0,0,3,0,0,0,0,0,0,0,,,,,,,,,,,,,,,,
408.193,0,0,0,0,0,0,0,0,12,0,0,0,0,74,30,3,2729,0,0,0,0,2,287,0,0,0,20,0,0,0,0,0,0,0,0,0,55,0,0,417,78,0,0,0,0,0,0,0,0,0,0,0,0,0,0,0,0,0,0,0,3,0,0,0,0,0,0,0,,,,,,,,,,,,,,,,
408.193,0,0,0,0,0,0,0,0,12,0,0,0,0,74,30,3,2729,0,0,0,0,2,287,0,0,0,20,0,0,0,0,0,0,0,0,0,55,0,0,417,78,0,0,0,0,0,0,0,0,0,0,0,0,0,0,0,0,0,0,0,3,0,0,0,0,0,0,0,,,,,,,,,,,,,,,,
408.766,0,0,0,0,0,0,0,0,12,0,0,0,0,74,30,3,2729,0,0,0,0,2,284,0,0,0,20,0,0,0,0,0,0,0,0,0,55,0,0,417,78,0,0,0,0,0,0,0,0,0,0,0,0,0,0,0,0,0,0,0,3,0,0,0,0,0,0,0,,,,,,,,,,,,,,,,
408.766,0,0,0,0,0,0,0,0,12,0,0,0,0,74,30,3,2729,0,0,0,0,2,284,0,0,0,20,0,0,0,0,0,0,0,0,0,55,0,0,419,78,0,0,0,0,0,0,0,0,0,0,0,0,0,0,0,0,0,0,0,3,0,0,0,0,0,0,0,,,,,,,,,,,,,,,,
408.766,0,0,0,0,0,0,0,0,12,0,0,0,0,74,30,3,2729,0,0,0,0,2,284,0,0,0,20,0,0,0,0,0,0,0,0,0,52,0,0,419,78,0,0,0,0,0,0,0,0,0,0,0,0,0,0,0,0,0,0,0,3,0,0,0,0,0,0,0,,,,,,,,,,,,,,,,
409.335,0,0,0,0,0,0,0,0,12,0,0,0,0,74,30,3,2729,0,0,0,0,2,284,0,0,0,20,0,0,0,0,0,0,0,0,0,52,0,0,419,78,0,0,0,0,0,0,0,0,0,0,0,0,0,0,0,0,0,0,0,3,0,0,0,0,0,0,0,,,,,,,,,,,,,,,,
409.335,0,0,0,0,0,0,0,0,12,0,0,0,0,74,30,3,2729,0,0,0,0,2,284,0,0,0,20,0,0,0,0,0,0,0,0,0,52,0,0,419,78,0,0,0,0,0,0,0,0,0,0,0,0,0,0,0,0,0,0,0,3,0,0,0,0,0,0,0,,,,,,,,,,,,,,,,
409.335,0,0,0,0,0,0,0,0,12,0,0,0,0,74,30,3,2729,0,0,0,0,2,284,0,0,0,20,0,0,0,0,0,0,0,0,0,52,0,0,419,78,0,0,0,0,0,0,0,0,0,0,0,0,0,0,0,0,0,0,0,0,0,0,0,0,0,0,0,,,,,,,,,,,,,,,,
410.126,0,0,0,0,0,0,0,0,12,0,0,0,0,74,30,3,2729,0,0,0,0,2,284,0,0,0,20,0,0,0,0,0,0,0,0,0,52,0,0,419,78,0,0,0,0,0,0,0,0,0,0,0,0,0,0,0,0,0,0,0,0,0,0,0,0,0,0,0,,,,,,,,,,,,,,,,
410.126,0,0,0,0,0,0,0,0,12,0,0,0,0,74,30,3,2729,0,0,0,0,2,284,0,0,0,20,0,0,0,0,0,0,0,0,0,52,0,0,419,78,0,0,0,0,0,0,0,0,0,0,0,0,0,0,0,0,0,0,0,0,0,0,0,0,0,0,0,,,,,,,,,,,,,,,,
410.126,0,0,0,0,0,0,0,0,12,0,0,0,0,74,30,3,2729,0,0,0,0,2,284,0,0,0,20,0,0,0,0,0,0,0,0,0,52,0,0,419,78,0,0,0,0,0,0,0,0,0,0,0,0,0,0,0,0,0,0,0,0,0,0,0,0,0,0,0,,,,,,,,,,,,,,,,
410.698,0,0,0,0,0,0,0,0,12,0,0,0,0,74,30,3,2729,0,0,0,0,2,308,0,0,0,20,0,0,0,0,0,0,0,0,0,52,0,0,419,78,0,0,0,0,0,0,0,0,0,0,0,0,0,0,0,0,0,0,0,0,0,0,0,0,0,0,0,,,,,,,,,,,,,,,,
410.698,0,0,0,0,0,0,0,0,12,0,0,0,0,74,30,3,2729,0,0,0,0,2,308,0,0,0,20,0,0,0,0,0,0,0,0,0,52,0,0,416,78,0,0,0,0,0,0,0,0,0,0,0,0,0,0,0,0,0,0,0,0,0,0,0,0,0,0,0,,,,,,,,,,,,,,,,
410.698,0,0,0,0,0,0,0,0,12,0,0,0,0,74,30,3,2729,0,0,0,0,2,308,0,0,0,20,0,0,0,0,0,0,0,0,0,77,0,0,416,78,0,0,0,0,0,0,0,0,0,0,0,0,0,0,0,0,0,0,0,0,0,0,0,0,0,0,0,,,,,,,,,,,,,,,,
412.122,0,0,0,0,0,0,0,0,12,0,0,0,0,74,30,3,2729,0,0,0,0,2,308,0,0,0,19,0,0,0,0,0,0,0,0,0,77,0,0,416,78,0,0,0,0,0,0,0,0,0,0,0,0,0,0,0,0,0,0,0,0,0,0,0,0,0,0,0,,,,,,,,,,,,,,,,
412.122,0,0,0,0,0,0,0,0,12,0,0,0,0,74,30,3,2729,0,0,0,0,2,308,0,0,0,19,0,0,0,0,0,0,0,0,0,77,0,0,416,78,0,0,0,0,0,0,0,0,0,0,0,0,0,0,0,0,0,0,0,0,0,0,0,0,0,0,0,,,,,,,,,,,,,,,,
412.122,0,0,0,0,0,0,0,0,12,0,0,0,0,74,30,3,2729,0,0,0,0,2,308,0,0,0,19,0,0,0,0,0,0,0,0,0,77,0,0,416,78,0,0,0,0,0,0,0,0,0,0,0,0,0,0,0,0,0,0,0,0,0,0,0,0,0,0,0,,,,,,,,,,,,,,,,
412.692,0,0,0,0,0,0,0,0,12,0,0,0,0,74,30,3,2729,0,0,0,0,2,288,0,0,0,19,0,0,0,0,0,0,0,0,0,77,0,0,416,78,0,0,0,0,0,0,0,0,0,0,0,0,0,0,0,0,0,0,0,0,0,0,0,0,0,0,0,,,,,,,,,,,,,,,,
412.692,0,0,0,0,0,0,0,0,12,0,0,0,0,74,30,3,2729,0,0,0,0,2,288,0,0,0,19,0,0,0,0,0,0,0,0,0,77,0,0,419,78,0,0,0,0,0,0,0,0,0,0,0,0,0,0,0,0,0,0,0,0,0,0,0,0,0,0,0,,,,,,,,,,,,,,,,
412.692,0,0,0,0,0,0,0,0,12,0,0,0,0,74,30,3,2729,0,0,0,0,2,288,0,0,0,19,0,0,0,0,0,0,0,0,0,55,0,0,419,78,0,0,0,0,0,0,0,0,0,0,0,0,0,0,0,0,0,0,0,0,0,0,0,0,0,0,0,,,,,,,,,,,,,,,,
413.266,0,0,0,0,0,0,0,0,12,0,0,0,0,74,30,3,2729,0,0,0,0,2,288,0,0,0,19,0,0,0,0,0,0,0,0,0,55,0,0,419,78,0,0,0,0,0,0,0,0,0,0,0,0,0,0,0,0,0,0,0,0,0,0,0,0,0,0,0,,,,,,,,,,,,,,,,
413.266,0,0,0,0,0,0,0,0,12,0,0,0,0,74,30,3,2729,0,0,0,0,3,288,0,0,0,19,0,0,0,0,0,0,0,0,0,55,0,0,419,78,0,0,0,0,0,0,0,0,0,0,0,0,0,0,0,0,0,0,0,0,0,0,0,0,0,0,0,,,,,,,,,,,,,,,,
413.266,0,0,0,0,0,0,0,0,12,0,0,0,0,74,30,3,2729,0,0,0,0,3,288,0,0,0,19,0,0,0,0,0,0,0,0,0,55,0,0,419,78,0,0,0,0,0,0,0,0,0,0,0,0,0,0,0,0,0,0,0,13,0,0,0,0,0,0,0,,,,,,,,,,,,,,,,
413.835,0,0,0,0,0,0,0,0,12,0,0,0,0,74,30,3,2729,0,0,0,0,3,288,0,0,0,19,0,0,0,0,0,0,0,0,0,55,0,0,419,78,0,0,0,0,0,0,0,0,0,0,0,0,0,0,0,0,0,0,0,13,0,0,0,0,0,0,0,,,,,,,,,,,,,,,,
413.835,0,0,0,0,0,0,0,0,12,0,0,0,0,74,30,3,2729,0,0,0,0,3,288,0,0,0,19,0,0,0,0,0,0,0,0,0,55,0,0,419,78,0,0,0,0,0,0,0,0,0,0,0,0,0,0,0,0,0,0,0,13,0,0,0,0,0,0,0,,,,,,,,,,,,,,,,
413.835,0,0,0,0,0,0,0,0,12,0,0,0,0,74,30,3,2729,0,0,0,0,3,288,0,0,0,19,0,0,0,0,0,0,0,0,0,55,0,0,419,78,0,0,0,0,0,0,0,0,0,0,0,0,0,0,0,0,0,0,0,13,0,0,0,0,0,0,0,,,,,,,,,,,,,,,,
413.835,0,0,0,0,0,0,0,0,12,0,0,0,0,74,30,3,4324,0,0,0,0,3,288,0,0,0,19,0,0,0,0,0,0,0,0,0,55,0,0,419,78,0,0,0,0,0,0,0,0,0,0,0,0,0,0,0,0,0,0,0,13,0,0,0,0,0,0,0,,,,,,,,,,,,,,,,
414.404,0,0,0,0,0,0,0,0,12,0,0,0,0,74,30,3,4324,0,0,0,0,3,288,0,0,0,19,0,0,0,0,0,0,0,0,0,55,0,0,419,78,0,0,0,0,0,0,0,0,0,0,0,0,0,0,0,0,0,0,0,13,0,0,0,0,0,0,0,,,,,,,,,,,,,,,,
414.404,0,0,0,0,0,0,0,0,12,0,0,0,0,74,30,3,4324,0,0,0,0,3,288,0,0,0,19,0,0,0,0,0,0,0,0,0,55,0,0,419,78,0,0,0,0,0,0,0,0,0,0,0,0,0,0,0,0,0,0,0,13,0,0,0,0,0,0,0,,,,,,,,,,,,,,,,
414.404,0,0,0,0,0,0,0,0,12,0,0,0,0,74,30,3,4324,0,0,0,0,3,288,0,0,0,19,0,0,0,0,0,0,0,0,0,55,0,0,419,78,0,0,0,0,0,0,0,0,0,0,0,0,0,0,0,0,0,0,0,13,0,0,0,0,0,0,0,,,,,,,,,,,,,,,,
414.404,0,0,0,0,0,0,0,0,12,0,0,0,0,74,30,3,4324,0,0,0,0,3,288,0,0,0,19,0,0,0,0,0,0,0,0,0,55,0,0,419,78,0,0,0,0,0,0,0,0,0,0,0,0,0,0,0,0,0,0,0,13,0,0,0,0,0,0,0,,,,,,,,,,,,,,,,
414.972,0,0,0,0,0,0,0,0,12,0,0,0,0,74,30,3,4324,0,0,0,0,3,288,0,0,0,21,0,0,0,0,0,0,0,0,0,55,0,0,419,78,0,0,0,0,0,0,0,0,0,0,0,0,0,0,0,0,0,0,0,13,0,0,0,0,0,0,0,,,,,,,,,,,,,,,,
414.972,0,0,0,0,0,0,0,0,12,0,0,0,0,75,30,3,4324,0,0,0,0,3,288,0,0,0,21,0,0,0,0,0,0,0,0,0,55,0,0,419,78,0,0,0,0,0,0,0,0,0,0,0,0,0,0,0,0,0,0,0,13,0,0,0,0,0,0,0,,,,,,,,,,,,,,,,
414.972,0,0,0,0,0,0,0,0,12,0,0,0,0,75,30,3,4324,0,0,0,0,3,288,0,0,0,21,0,0,0,0,0,0,0,0,0,55,0,0,419,78,0,0,0,0,0,0,0,0,0,0,0,0,0,0,0,0,0,0,0,13,0,0,0,0,0,0,0,,,,,,,,,,,,,,,,
415.547,0,0,0,0,0,0,0,0,12,0,0,0,0,75,30,3,4324,0,0,0,0,3,283,0,0,0,21,0,0,0,0,0,0,0,0,0,55,0,0,419,78,0,0,0,0,0,0,0,0,0,0,0,0,0,0,0,0,0,0,0,13,0,0,0,0,0,0,0,,,,,,,,,,,,,,,,
415.547,0,0,0,0,0,0,0,0,12,0,0,0,0,75,30,3,4324,0,0,0,0,3,283,0,0,0,21,0,0,0,0,0,0,0,0,0,55,0,0,413,78,0,0,0,0,0,0,0,0,0,0,0,0,0,0,0,0,0,0,0,13,0,0,0,0,0,0,0,,,,,,,,,,,,,,,,
415.547,0,0,0,0,0,0,0,0,12,0,0,0,0,75,30,3,4324,0,0,0,0,3,283,0,0,0,21,0,0,0,0,0,0,0,0,0,51,0,0,413,78,0,0,0,0,0,0,0,0,0,0,0,0,0,0,0,0,0,0,0,13,0,0,0,0,0,0,0,,,,,,,,,,,,,,,,
416.128,0,0,0,0,0,0,0,0,12,0,0,0,0,75,30,3,4324,0,0,0,0,3,283,0,0,0,22,0,0,0,0,0,0,0,0,0,51,0,0,413,78,0,0,0,0,0,0,0,0,0,0,0,0,0,0,0,0,0,0,0,13,0,0,0,0,0,0,0,,,,,,,,,,,,,,,,
416.128,0,0,0,0,0,0,0,0,12,0,0,0,0,75,30,3,4324,0,0,0,0,3,283,0,0,0,22,0,0,0,0,0,0,0,0,0,51,0,0,413,78,0,0,0,0,0,0,0,0,0,0,0,0,0,0,0,0,0,0,0,13,0,0,0,0,0,0,0,,,,,,,,,,,,,,,,
416.128,0,0,0,0,0,0,0,0,12,0,0,0,0,75,30,3,4324,0,0,0,0,3,283,0,0,0,22,0,0,0,0,0,0,0,0,0,51,0,0,413,78,0,0,0,0,0,0,0,0,0,0,0,0,0,0,0,0,0,0,0,13,0,0,0,0,0,0,0,,,,,,,,,,,,,,,,
416.698,0,0,0,0,0,0,0,0,12,0,0,0,0,75,30,3,4324,0,0,0,0,3,307,0,0,0,22,0,0,0,0,0,0,0,0,0,51,0,0,413,78,0,0,0,0,0,0,0,0,0,0,0,0,0,0,0,0,0,0,0,13,0,0,0,0,0,0,0,,,,,,,,,,,,,,,,
416.698,0,0,0,0,0,0,0,0,12,0,0,0,0,75,30,3,4324,0,0,0,0,3,307,0,0,0,22,0,0,0,0,0,0,0,0,0,51,0,0,237,78,0,0,0,0,0,0,0,0,0,0,0,0,0,0,0,0,0,0,0,13,0,0,0,0,0,0,0,,,,,,,,,,,,,,,,
416.698,0,0,0,0,0,0,0,0,12,0,0,0,0,75,30,3,4324,0,0,0,0,3,307,0,0,0,22,0,0,0,0,0,0,0,0,0,75,0,0,237,78,0,0,0,0,0,0,0,0,0,0,0,0,0,0,0,0,0,0,0,13,0,0,0,0,0,0,0,,,,,,,,,,,,,,,,
417.268,0,0,0,0,0,0,0,0,12,0,0,0,0,75,30,3,4324,0,0,0,0,3,307,0,0,0,22,0,0,0,0,0,0,0,0,0,75,0,0,237,78,0,0,0,0,0,0,0,0,0,0,0,0,0,0,0,0,0,0,0,13,0,0,0,0,0,0,0,,,,,,,,,,,,,,,,
417.268,0,0,0,0,0,0,0,0,12,0,0,0,0,75,30,3,4324,0,0,0,0,3,307,0,0,0,22,0,0,0,0,0,0,0,0,0,75,0,0,237,78,0,0,0,0,0,0,0,0,0,0,0,0,0,0,0,0,0,0,0,13,0,0,0,0,0,0,0,,,,,,,,,,,,,,,,
417.268,0,0,0,0,0,0,0,0,12,0,0,0,0,75,30,3,4324,0,0,0,0,3,307,0,0,0,22,0,0,0,0,0,0,0,0,0,75,0,0,237,78,0,0,0,0,0,0,0,0,0,0,0,0,0,0,0,0,0,0,0,10,0,0,0,0,0,0,0,,,,,,,,,,,,,,,,
418.624,0,0,0,0,0,0,0,0,12,0,0,0,0,75,30,3,4324,0,0,0,0,3,306,0,0,0,22,0,0,0,0,0,0,0,0,0,75,0,0,237,78,0,0,0,0,0,0,0,0,0,0,0,0,0,0,0,0,0,0,0,10,0,0,0,0,0,0,0,,,,,,,,,,,,,,,,
418.624,0,0,0,0,0,0,0,0,12,0,0,0,0,75,30,3,4324,0,0,0,0,3,306,0,0,0,22,0,0,0,0,0,0,0,0,0,75,0,0,426,78,0,0,0,0,0,0,0,0,0,0,0,0,0,0,0,0,0,0,0,10,0,0,0,0,0,0,0,,,,,,,,,,,,,,,,
418.624,0,0,0,0,0,0,0,0,12,0,0,0,0,75,30,3,4324,0,0,0,0,3,306,0,0,0,22,0,0,0,0,0,0,0,0,0,80,0,0,426,78,0,0,0,0,0,0,0,0,0,0,0,0,0,0,0,0,0,0,0,10,0,0,0,0,0,0,0,,,,,,,,,,,,,,,,
419.197,0,0,0,0,0,0,0,0,12,0,0,0,0,75,30,3,4324,0,0,0,0,3,306,0,0,0,21,0,0,0,0,0,0,0,0,0,80,0,0,426,78,0,0,0,0,0,0,0,0,0,0,0,0,0,0,0,0,0,0,0,10,0,0,0,0,0,0,0,,,,,,,,,,,,,,,,
419.197,0,0,0,0,0,0,0,0,12,0,0,0,0,75,30,3,4324,0,0,0,0,3,306,0,0,0,21,0,0,0,0,0,0,0,0,0,80,0,0,426,78,0,0,0,0,0,0,0,0,0,0,0,0,0,0,0,0,0,0,0,10,0,0,0,0,0,0,0,,,,,,,,,,,,,,,,
419.197,0,0,0,0,0,0,0,0,12,0,0,0,0,75,30,3,4324,0,0,0,0,3,306,0,0,0,21,0,0,0,0,0,0,0,0,0,80,0,0,426,78,0,0,0,0,0,0,0,0,0,0,0,0,0,0,0,0,0,0,0,10,0,0,0,0,0,0,0,,,,,,,,,,,,,,,,
419.766,0,0,0,0,0,0,0,0,12,0,0,0,0,75,30,3,4324,0,0,0,0,3,306,0,0,0,21,0,0,0,0,0,0,0,0,0,80,0,0,426,78,0,0,0,0,0,0,0,0,0,0,0,0,0,0,0,0,0,0,0,10,0,0,0,0,0,0,0,,,,,,,,,,,,,,,,
419.766,0,0,0,0,0,0,0,0,12,0,0,0,0,75,30,3,4324,0,0,0,0,3,306,0,0,0,21,0,0,0,0,0,0,0,0,0,80,0,0,426,78,0,0,0,0,0,0,0,0,0,0,0,0,0,0,0,0,0,0,0,10,0,0,0,0,0,0,0,,,,,,,,,,,,,,,,
419.766,0,0,0,0,0,0,0,0,12,0,0,0,0,75,30,3,4324,0,0,0,0,3,306,0,0,0,21,0,0,0,0,0,0,0,0,0,80,0,0,426,78,0,0,0,0,0,0,0,0,0,0,0,0,0,0,0,0,0,0,0,10,0,0,0,0,0,0,0,,,,,,,,,,,,,,,,
419.766,0,0,0,0,0,0,0,0,12,0,0,0,0,75,30,3,4324,0,0,0,0,3,306,0,0,0,21,0,0,0,0,0,0,0,0,0,80,0,0,426,78,0,0,0,0,0,0,0,0,0,0,0,0,0,0,0,0,0,0,0,10,0,0,0,0,0,0,0,,,,,,,,,,,,,,,,
420.620,0,0,0,0,0,0,0,0,12,0,0,0,0,75,30,3,4324,0,0,0,0,3,294,0,0,0,21,0,0,0,0,0,0,0,0,0,80,0,0,426,78,0,0,0,0,0,0,0,0,0,0,0,0,0,0,0,0,0,0,0,10,0,0,0,0,0,0,0,,,,,,,,,,,,,,,,
420.620,0,0,0,0,0,0,0,0,12,0,0,0,0,75,30,3,4324,0,0,0,0,3,294,0,0,0,21,0,0,0,0,0,0,0,0,0,80,0,0,426,78,0,0,0,0,0,0,0,0,0,0,0,0,0,0,0,0,0,0,0,10,0,0,0,0,0,0,0,,,,,,,,,,,,,,,,
420.620,0,0,0,0,0,0,0,0,12,0,0,0,0,75,30,3,4324,0,0,0,0,3,294,0,0,0,21,0,0,0,0,0,0,0,0,0,62,0,0,426,78,0,0,0,0,0,0,0,0,0,0,0,0,0,0,0,0,0,0,0,10,0,0,0,0,0,0,0,,,,,,,,,,,,,,,,
421.191,0,0,0,0,0,0,0,0,12,0,0,0,0,75,30,3,4324,0,0,0,0,3,294,0,0,0,21,0,0,0,0,0,0,0,0,0,62,0,0,426,78,0,0,0,0,0,0,0,0,0,0,0,0,0,0,0,0,0,0,0,10,0,0,0,0,0,0,0,,,,,,,,,,,,,,,,
421.191,0,0,0,0,0,0,0,0,12,0,0,0,0,75,30,3,4324,0,0,0,0,3,294,0,0,0,21,0,0,0,0,0,0,0,0,0,62,0,0,426,78,0,0,0,0,0,0,0,0,0,0,0,0,0,0,0,0,0,0,0,10,0,0,0,0,0,0,0,,,,,,,,,,,,,,,,
421.191,0,0,0,0,0,0,0,0,12,0,0,0,0,75,30,3,4324,0,0,0,0,3,294,0,0,0,21,0,0,0,0,0,0,0,0,0,62,0,0,426,78,0,0,0,0,0,0,0,0,0,0,0,0,0,0,0,0,0,0,0,10,0,0,0,0,0,0,0,,,,,,,,,,,,,,,,
421.760,0,0,0,0,0,0,0,0,12,0,0,0,0,75,30,3,4324,0,0,0,0,3,294,0,0,0,21,0,0,0,0,0,0,0,0,0,62,0,0,426,78,0,0,0,0,0,0,0,0,0,0,0,0,0,0,0,0,0,0,0,10,0,0,0,0,0,0,0,,,,,,,,,,,,,,,,
421.760,0,0,0,0,0,0,0,0,12,0,0,0,0,75,30,3,4324,0,0,0,0,4,294,0,0,0,21,0,0,0,0,0,0,0,0,0,62,0,0,426,78,0,0,0,0,0,0,0,0,0,0,0,0,0,0,0,0,0,0,0,10,0,0,0,0,0,0,0,,,,,,,,,,,,,,,,
421.760,0,0,0,0,0,0,0,0,12,0,0,0,0,75,30,3,4324,0,0,0,0,4,294,0,0,0,21,0,0,0,0,0,0,0,0,0,62,0,0,426,78,0,0,0,0,0,0,0,0,0,0,0,0,0,0,0,0,0,0,0,12,0,0,0,0,0,0,0,,,,,,,,,,,,,,,,
422.335,0,0,0,0,0,0,0,0,12,0,0,0,0,75,30,3,4324,0,0,0,0,4,294,0,0,0,21,0,0,0,0,0,0,0,0,0,62,0,0,426,78,0,0,0,0,0,0,0,0,0,0,0,0,0,0,0,0,0,0,0,12,0,0,0,0,0,0,0,,,,,,,,,,,,,,,,
422.335,0,0,0,0,0,0,0,0,12,0,0,0,0,75,30,3,4324,0,0,0,0,4,294,0,0,0,21,0,0,0,0,0,0,0,0,0,62,0,0,426,78,0,0,0,0,0,0,0,0,0,0,0,0,0,0,0,0,0,0,0,12,0,0,0,0,0,0,0,,,,,,,,,,,,,,,,
422.335,0,0,0,0,0,0,0,0,12,0,0,0,0,75,30,3,4324,0,0,0,0,4,294,0,0,0,21,0,0,0,0,0,0,0,0,0,62,0,0,426,78,0,0,0,0,0,0,0,0,0,0,0,0,0,0,0,0,0,0,0,12,0,0,0,0,0,0,0,,,,,,,,,,,,,,,,
422.335,0,0,0,0,0,0,0,0,12,0,0,0,0,75,30,3,3963,0,0,0,0,4,294,0,0,0,21,0,0,0,0,0,0,0,0,0,62,0,0,426,78,0,0,0,0,0,0,0,0,0,0,0,0,0,0,0,0,0,0,0,12,0,0,0,0,0,0,0,,,,,,,,,,,,,,,,
422.901,0,0,0,0,0,0,0,0,12,0,0,0,0,75,30,3,3963,0,0,0,0,4,285,0,0,0,21,0,0,0,0,0,0,0,0,0,62,0,0,426,78,0,0,0,0,0,0,0,0,0,0,0,0,0,0,0,0,0,0,0,12,0,0,0,0,0,0,0,,,,,,,,,,,,,,,,
422.901,0,0,0,0,0,0,0,0,12,0,0,0,0,75,30,3,3963,0,0,0,0,4,285,0,0,0,21,0,0,0,0,0,0,0,0,0,62,0,0,415,78,0,0,0,0,0,0,0,0,0,0,0,0,0,0,0,0,0,0,0,12,0,0,0,0,0,0,0,,,,,,,,,,,,,,,,
422.901,0,0,0,0,0,0,0,0,12,0,0,0,0,75,30,3,3963,0,0,0,0,4,285,0,0,0,21,0,0,0,0,0,0,0,0,0,54,0,0,415,78,0,0,0,0,0,0,0,0,0,0,0,0,0,0,0,0,0,0,0,12,0,0,0,0,0,0,0,,,,,,,,,,,,,,,,
423.470,0,0,0,0,0,0,0,0,12,0,0,0,0,75,30,3,3963,0,0,0,0,4,285,0,0,0,22,0,0,0,0,0,0,0,0,0,54,0,0,415,78,0,0,0,0,0,0,0,0,0,0,0,0,0,0,0,0,0,0,0,12,0,0,0,0,0,0,0,,,,,,,,,,,,,,,,
423.470,0,0,0,0,0,0,0,0,12,0,0,0,0,75,30,3,3963,0,0,0,0,4,285,0,0,0,22,0,0,0,0,0,0,0,0,0,54,0,0,415,78,0,0,0,0,0,0,0,0,0,0,0,0,0,0,0,0,0,0,0,12,0,0,0,0,0,0,0,,,,,,,,,,,,,,,,
423.470,0,0,0,0,0,0,0,0,12,0,0,0,0,75,30,3,3963,0,0,0,0,4,285,0,0,0,22,0,0,0,0,0,0,0,0,0,54,0,0,415,78,0,0,0,0,0,0,0,0,0,0,0,0,0,0,0,0,0,0,0,12,0,0,0,0,0,0,0,,,,,,,,,,,,,,,,
424.041,0,0,0,0,0,0,0,0,12,0,0,0,0,75,30,3,3963,0,0,0,0,4,285,0,0,0,22,0,0,0,0,0,0,0,0,0,54,0,0,415,78,0,0,0,0,0,0,0,0,0,0,0,0,0,0,0,0,0,0,0,12,0,0,0,0,0,0,0,,,,,,,,,,,,,,,,
424.041,0,0,0,0,0,0,0,0,12,0,0,0,0,75,30,3,3963,0,0,0,0,4,285,0,0,0,22,0,0,0,0,0,0,0,0,0,54,0,0,415,78,0,0,0,0,0,0,0,0,0,0,0,0,0,0,0,0,0,0,0,12,0,0,0,0,0,0,0,,,,,,,,,,,,,,,,
424.041,0,0,0,0,0,0,0,0,12,0,0,0,0,75,30,3,3963,0,0,0,0,4,285,0,0,0,22,0,0,0,0,0,0,0,0,0,54,0,0,415,78,0,0,0,0,0,0,0,0,0,0,0,0,0,0,0,0,0,0,0,12,0,0,0,0,0,0,0,,,,,,,,,,,,,,,,
424.041,0,0,0,0,0,0,0,0,12,0,0,0,0,75,30,3,3963,0,0,0,0,4,285,0,0,0,22,0,0,0,0,0,0,0,0,0,54,0,0,415,78,0,0,0,0,0,0,0,0,0,0,0,0,0,0,0,0,0,0,0,12,0,0,0,0,0,0,0,,,,,,,,,,,,,,,,
424.626,0,0,0,0,0,0,0,0,12,0,0,0,0,75,30,3,3963,0,0,0,0,4,281,0,0,0,22,0,0,0,0,0,0,0,0,0,54,0,0,415,78,0,0,0,0,0,0,0,0,0,0,0,0,0,0,0,0,0,0,0,12,0,0,0,0,0,0,0,,,,,,,,,,,,,,,,
424.626,0,0,0,0,0,0,0,0,12,0,0,0,0,75,30,3,3963,0,0,0,0,4,281,0,0,0,22,0,0,0,0,0,0,0,0,0,54,0,0,412,78,0,0,0,0,0,0,0,0,0,0,0,0,0,0,0,0,0,0,0,12,0,0,0,0,0,0,0,,,,,,,,,,,,,,,,
424.626,0,0,0,0,0,0,0,0,12,0,0,0,0,75,30,3,3963,0,0,0,0,4,281,0,0,0,22,0,0,0,0,0,0,0,0,0,49,0,0,412,78,0,0,0,0,0,0,0,0,0,0,0,0,0,0,0,0,0,0,0,12,0,0,0,0,0,0,0,,,,,,,,,,,,,,,,
425.197,0,0,0,0,0,0,0,0,12,0,0,0,0,75,30,3,3963,0,0,0,0,4,281,0,0,0,22,0,0,0,0,0,0,0,0,0,49,0,0,412,78,0,0,0,0,0,0,0,0,0,0,0,0,0,0,0,0,0,0,0,12,0,0,0,0,0,0,0,,,,,,,,,,,,,,,,
425.197,0,0,0,0,0,0,0,0,12,0,0,0,0,76,30,3,3963,0,0,0,0,4,281,0,0,0,22,0,0,0,0,0,0,0,0,0,49,0,0,412,78,0,0,0,0,0,0,0,0,0,0,0,0,0,0,0,0,0,0,0,12,0,0,0,0,0,0,0,,,,,,,,,,,,,,,,
425.197,0,0,0,0,0,0,0,0,12,0,0,0,0,76,30,3,3963,0,0,0,0,4,281,0,0,0,22,0,0,0,0,0,0,0,0,0,49,0,0,412,78,0,0,0,0,0,0,0,0,0,0,0,0,0,0,0,0,0,0,0,12,0,0,0,0,0,0,0,,,,,,,,,,,,,,,,
425.766,0,0,0,0,0,0,0,0,12,0,0,0,0,76,30,3,3963,0,0,0,0,4,281,0,0,0,22,0,0,0,0,0,0,0,0,0,49,0,0,412,78,0,0,0,0,0,0,0,0,0,0,0,0,0,0,0,0,0,0,0,12,0,0,0,0,0,0,0,,,,,,,,,,,,,,,,
425.766,0,0,0,0,0,0,0,0,12,0,0,0,0,76,30,3,3963,0,0,0,0,4,281,0,0,0,22,0,0,0,0,0,0,0,0,0,49,0,0,412,78,0,0,0,0,0,0,0,0,0,0,0,0,0,0,0,0,0,0,0,12,0,0,0,0,0,0,0,,,,,,,,,,,,,,,,
425.766,0,0,0,0,0,0,0,0,12,0,0,0,0,76,30,3,3963,0,0,0,0,4,281,0,0,0,22,0,0,0,0,0,0,0,0,0,49,0,0,412,78,0,0,0,0,0,0,0,0,0,0,0,0,0,0,0,0,0,0,0,0,0,0,0,0,0,0,0,,,,,,,,,,,,,,,,
426.622,0,0,0,0,0,0,0,0,12,0,0,0,0,76,30,3,3963,0,0,0,0,4,292,0,0,0,22,0,0,0,0,0,0,0,0,0,49,0,0,412,78,0,0,0,0,0,0,0,0,0,0,0,0,0,0,0,0,0,0,0,0,0,0,0,0,0,0,0,,,,,,,,,,,,,,,,
426.622,0,0,0,0,0,0,0,0,12,0,0,0,0,76,30,3,3963,0,0,0,0,4,292,0,0,0,22,0,0,0,0,0,0,0,0,0,49,0,0,420,78,0,0,0,0,0,0,0,0,0,0,0,0,0,0,0,0,0,0,0,0,0,0,0,0,0,0,0,,,,,,,,,,,,,,,,
426.622,0,0,0,0,0,0,0,0,12,0,0,0,0,76,30,3,3963,0,0,0,0,4,292,0,0,0,22,0,0,0,0,0,0,0,0,0,60,0,0,420,78,0,0,0,0,0,0,0,0,0,0,0,0,0,0,0,0,0,0,0,0,0,0,0,0,0,0,0,,,,,,,,,,,,,,,,
427.192,0,0,0,0,0,0,0,0,12,0,0,0,0,76,30,3,3963,0,0,0,0,4,292,0,0,0,22,0,0,0,0,0,0,0,0,0,60,0,0,420,78,0,0,0,0,0,0,0,0,0,0,0,0,0,0,0,0,0,0,0,0,0,0,0,0,0,0,0,,,,,,,,,,,,,,,,
427.192,0,0,0,0,0,0,0,0,12,0,0,0,0,76,30,3,3963,0,0,0,0,4,292,0,0,0,22,0,0,0,0,0,0,0,0,0,60,0,0,420,78,0,0,0,0,0,0,0,0,0,0,0,0,0,0,0,0,0,0,0,0,0,0,0,0,0,0,0,,,,,,,,,,,,,,,,
427.192,0,0,0,0,0,0,0,0,12,0,0,0,0,76,30,3,3963,0,0,0,0,4,292,0,0,0,22,0,0,0,0,0,0,0,0,0,60,0,0,420,78,0,0,0,0,0,0,0,0,0,0,0,0,0,0,0,0,0,0,0,0,0,0,0,0,0,0,0,,,,,,,,,,,,,,,,
428.628,0,0,0,0,0,0,0,0,12,0,0,0,0,76,30,3,3963,0,0,0,0,4,289,0,0,0,22,0,0,0,0,0,0,0,0,0,60,0,0,420,78,0,0,0,0,0,0,0,0,0,0,0,0,0,0,0,0,0,0,0,0,0,0,0,0,0,0,0,,,,,,,,,,,,,,,,
428.628,0,0,0,0,0,0,0,0,12,0,0,0,0,76,30,3,3963,0,0,0,0,4,289,0,0,0,22,0,0,0,0,0,0,0,0,0,60,0,0,422,78,0,0,0,0,0,0,0,0,0,0,0,0,0,0,0,0,0,0,0,0,0,0,0,0,0,0,0,,,,,,,,,,,,,,,,
428.628,0,0,0,0,0,0,0,0,12,0,0,0,0,76,30,3,3963,0,0,0,0,4,289,0,0,0,22,0,0,0,0,0,0,0,0,0,59,0,0,422,78,0,0,0,0,0,0,0,0,0,0,0,0,0,0,0,0,0,0,0,0,0,0,0,0,0,0,0,,,,,,,,,,,,,,,,
429.198,0,0,0,0,0,0,0,0,12,0,0,0,0,76,30,3,3963,0,0,0,0,4,289,0,0,0,22,0,0,0,0,0,0,0,0,0,59,0,0,422,78,0,0,0,0,0,0,0,0,0,0,0,0,0,0,0,0,0,0,0,0,0,0,0,0,0,0,0,,,,,,,,,,,,,,,,
429.198,0,0,0,0,0,0,0,0,12,0,0,0,0,76,30,3,3963,0,0,0,0,4,289,0,0,0,22,0,0,0,0,0,0,0,0,0,59,0,0,422,78,0,0,0,0,0,0,0,0,0,0,0,0,0,0,0,0,0,0,0,0,0,0,0,0,0,0,0,,,,,,,,,,,,,,,,
429.198,0,0,0,0,0,0,0,0,12,0,0,0,0,76,30,3,3963,0,0,0,0,4,289,0,0,0,22,0,0,0,0,0,0,0,0,0,59,0,0,422,78,0,0,0,0,0,0,0,0,0,0,0,0,0,0,0,0,0,0,0,0,0,0,0,0,0,0,0,,,,,,,,,,,,,,,,
429.768,0,0,0,0,0,0,0,0,12,0,0,0,0,76,30,3,3963,0,0,0,0,4,289,0,0,0,22,0,0,0,0,0,0,0,0,0,59,0,0,422,78,0,0,0,0,0,0,0,0,0,0,0,0,0,0,0,0,0,0,0,0,0,0,0,0,0,0,0,,,,,,,,,,,,,,,,
429.768,0,0,0,0,0,0,0,0,12,0,0,0,0,76,30,3,3963,0,0,0,0,4,289,0,0,0,22,0,0,0,0,0,0,0,0,0,59,0,0,422,78,0,0,0,0,0,0,0,0,0,0,0,0,0,0,0,0,0,0,0,0,0,0,0,0,0,0,0,,,,,,,,,,,,,,,,
429.768,0,0,0,0,0,0,0,0,12,0,0,0,0,76,30,3,3963,0,0,0,0,4,289,0,0,0,22,0,0,0,0,0,0,0,0,0,59,0,0,422,78,0,0,0,0,0,0,0,0,0,0,0,0,0,0,0,0,0,0,0,2,0,0,0,0,0,0,0,,,,,,,,,,,,,,,,
430.341,0,0,0,0,0,0,0,0,12,0,0,0,0,76,30,3,3963,0,0,0,0,4,289,0,0,0,22,0,0,0,0,0,0,0,0,0,59,0,0,422,78,0,0,0,0,0,0,0,0,0,0,0,0,0,0,0,0,0,0,0,2,0,0,0,0,0,0,0,,,,,,,,,,,,,,,,
430.341,0,0,0,0,0,0,0,0,12,0,0,0,0,76,30,3,3963,0,0,0,0,4,289,0,0,0,22,0,0,0,0,0,0,0,0,0,59,0,0,422,78,0,0,0,0,0,0,0,0,0,0,0,0,0,0,0,0,0,0,0,2,0,0,0,0,0,0,0,,,,,,,,,,,,,,,,
430.341,0,0,0,0,0,0,0,0,12,0,0,0,0,76,30,3,3963,0,0,0,0,4,289,0,0,0,22,0,0,0,0,0,0,0,0,0,59,0,0,422,78,0,0,0,0,0,0,0,0,0,0,0,0,0,0,0,0,0,0,0,2,0,0,0,0,0,0,0,,,,,,,,,,,,,,,,
430.341,0,0,0,0,0,0,0,0,12,0,0,0,0,76,30,3,3963,0,0,0,0,4,289,0,0,0,22,0,0,0,0,0,0,0,0,0,59,0,0,422,78,0,0,0,0,0,0,0,0,0,0,0,0,0,0,0,0,0,0,0,2,0,0,0,0,0,0,0,,,,,,,,,,,,,,,,
430.908,0,0,0,0,0,0,0,0,12,0,0,0,0,76,30,3,3963,0,0,0,0,4,289,0,0,0,22,0,0,0,0,0,0,0,0,0,59,0,0,422,78,0,0,0,0,0,0,0,0,0,0,0,0,0,0,0,0,0,0,0,2,0,0,0,0,0,0,0,,,,,,,,,,,,,,,,
430.908,0,0,0,0,0,0,0,0,12,0,0,0,0,76,30,3,3963,0,0,0,0,4,289,0,0,0,22,0,0,0,0,0,0,0,0,0,59,0,0,422,78,0,0,0,0,0,0,0,0,0,0,0,0,0,0,0,0,0,0,0,2,0,0,0,0,0,0,0,,,,,,,,,,,,,,,,
430.908,0,0,0,0,0,0,0,0,12,0,0,0,0,76,30,3,3963,0,0,0,0,4,289,0,0,0,22,0,0,0,0,0,0,0,0,0,59,0,0,422,78,0,0,0,0,0,0,0,0,0,0,0,0,0,0,0,0,0,0,0,2,0,0,0,0,0,0,0,,,,,,,,,,,,,,,,
430.908,0,0,0,0,0,0,0,0,12,0,0,0,0,76,30,3,4064,0,0,0,0,4,289,0,0,0,22,0,0,0,0,0,0,0,0,0,59,0,0,422,78,0,0,0,0,0,0,0,0,0,0,0,0,0,0,0,0,0,0,0,2,0,0,0,0,0,0,0,,,,,,,,,,,,,,,,
431.478,0,0,0,0,0,0,0,0,12,0,0,0,0,76,30,3,4064,0,0,0,0,4,289,0,0,0,21,0,0,0,0,0,0,0,0,0,59,0,0,422,78,0,0,0,0,0,0,0,0,0,0,0,0,0,0,0,0,0,0,0,2,0,0,0,0,0,0,0,,,,,,,,,,,,,,,,
431.478,0,0,0,0,0,0,0,0,12,0,0,0,0,76,30,3,4064,0,0,0,0,4,289,0,0,0,21,0,0,0,0,0,0,0,0,0,59,0,0,422,78,0,0,0,0,0,0,0,0,0,0,0,0,0,0,0,0,0,0,0,2,0,0,0,0,0,0,0,,,,,,,,,,,,,,,,
431.478,0,0,0,0,0,0,0,0,12,0,0,0,0,76,30,3,4064,0,0,0,0,4,289,0,0,0,21,0,0,0,0,0,0,0,0,0,59,0,0,422,78,0,0,0,0,0,0,0,0,0,0,0,0,0,0,0,0,0,0,0,2,0,0,0,0,0,0,0,,,,,,,,,,,,,,,,
432.048,0,0,0,0,0,0,0,0,12,0,0,0,0,76,30,3,4064,0,0,0,0,4,292,0,0,0,21,0,0,0,0,0,0,0,0,0,59,0,0,422,78,0,0,0,0,0,0,0,0,0,0,0,0,0,0,0,0,0,0,0,2,0,0,0,0,0,0,0,,,,,,,,,,,,,,,,
432.048,0,0,0,0,0,0,0,0,12,0,0,0,0,76,30,3,4064,0,0,0,0,4,292,0,0,0,21,0,0,0,0,0,0,0,0,0,59,0,0,420,78,0,0,0,0,0,0,0,0,0,0,0,0,0,0,0,0,0,0,0,2,0,0,0,0,0,0,0,,,,,,,,,,,,,,,,
432.048,0,0,0,0,0,0,0,0,12,0,0,0,0,76,30,3,4064,0,0,0,0,4,292,0,0,0,21,0,0,0,0,0,0,0,0,0,60,0,0,420,78,0,0,0,0,0,0,0,0,0,0,0,0,0,0,0,0,0,0,0,2,0,0,0,0,0,0,0,,,,,,,,,,,,,,,,
432.624,0,0,0,0,0,0,0,0,12,0,0,0,0,76,30,3,4064,0,0,0,0,4,292,0,0,0,21,0,0,0,0,0,0,0,0,0,60,0,0,420,78,0,0,0,0,0,0,0,0,0,0,0,0,0,0,0,0,0,0,0,2,0,0,0,0,0,0,0,,,,,,,,,,,,,,,,
432.624,0,0,0,0,0,0,0,0,12,0,0,0,0,76,30,3,4064,0,0,0,0,4,292,0,0,0,21,0,0,0,0,0,0,0,0,0,60,0,0,420,78,0,0,0,0,0,0,0,0,0,0,0,0,0,0,0,0,0,0,0,2,0,0,0,0,0,0,0,,,,,,,,,,,,,,,,
432.624,0,0,0,0,0,0,0,0,12,0,0,0,0,76,30,3,4064,0,0,0,0,4,292,0,0,0,21,0,0,0,0,0,0,0,0,0,60,0,0,420,78,0,0,0,0,0,0,0,0,0,0,0,0,0,0,0,0,0,0,0,2,0,0,0,0,0,0,0,,,,,,,,,,,,,,,,
433.197,0,0,0,0,0,0,0,0,12,0,0,0,0,76,30,3,4064,0,0,0,0,4,292,0,0,0,21,0,0,0,0,0,0,0,0,0,60,0,0,420,78,0,0,0,0,0,0,0,0,0,0,0,0,0,0,0,0,0,0,0,2,0,0,0,0,0,0,0,,,,,,,,,,,,,,,,
433.197,0,0,0,0,0,0,0,0,12,0,0,0,0,76,30,3,4064,0,0,0,0,5,292,0,0,0,21,0,0,0,0,0,0,0,0,0,60,0,0,420,78,0,0,0,0,0,0,0,0,0,0,0,0,0,0,0,0,0,0,0,2,0,0,0,0,0,0,0,,,,,,,,,,,,,,,,
433.197,0,0,0,0,0,0,0,0,12,0,0,0,0,76,30,3,4064,0,0,0,0,5,292,0,0,0,21,0,0,0,0,0,0,0,0,0,60,0,0,420,78,0,0,0,0,0,0,0,0,0,0,0,0,0,0,0,0,0,0,0,8,0,0,0,0,0,0,0,,,,,,,,,,,,,,,,
433.764,0,0,0,0,0,0,0,0,12,0,0,0,0,76,30,3,4064,0,0,0,0,5,282,0,0,0,21,0,0,0,0,0,0,0,0,0,60,0,0,420,78,0,0,0,0,0,0,0,0,0,0,0,0,0,0,0,0,0,0,0,8,0,0,0,0,0,0,0,,,,,,,,,,,,,,,,
433.764,0,0,0,0,0,0,0,0,12,0,0,0,0,76,30,3,4064,0,0,0,0,5,282,0,0,0,21,0,0,0,0,0,0,0,0,0,60,0,0,419,78,0,0,0,0,0,0,0,0,0,0,0,0,0,0,0,0,0,0,0,8,0,0,0,0,0,0,0,,,,,,,,,,,,,,,,
433.764,0,0,0,0,0,0,0,0,12,0,0,0,0,76,30,3,4064,0,0,0,0,5,282,0,0,0,21,0,0,0,0,0,0,0,0,0,50,0,0,419,78,0,0,0,0,0,0,0,0,0,0,0,0,0,0,0,0,0,0,0,8,0,0,0,0,0,0,0,,,,,,,,,,,,,,,,
434.336,0,0,0,0,0,0,0,0,12,0,0,0,0,76,30,3,4064,0,0,0,0,5,282,0,0,0,21,0,0,0,0,0,0,0,0,0,50,0,0,419,78,0,0,0,0,0,0,0,0,0,0,0,0,0,0,0,0,0,0,0,8,0,0,0,0,0,0,0,,,,,,,,,,,,,,,,
434.336,0,0,0,0,0,0,0,0,12,0,0,0,0,76,30,3,4064,0,0,0,0,5,282,0,0,0,21,0,0,0,0,0,0,0,0,0,50,0,0,419,78,0,0,0,0,0,0,0,0,0,0,0,0,0,0,0,0,0,0,0,8,0,0,0,0,0,0,0,,,,,,,,,,,,,,,,
434.336,0,0,0,0,0,0,0,0,12,0,0,0,0,76,30,3,4064,0,0,0,0,5,282,0,0,0,21,0,0,0,0,0,0,0,0,0,50,0,0,419,78,0,0,0,0,0,0,0,0,0,0,0,0,0,0,0,0,0,0,0,8,0,0,0,0,0,0,0,,,,,,,,,,,,,,,,
434.336,0,0,0,0,0,0,0,0,12,0,0,0,0,76,30,3,4064,0,0,0,0,5,282,0,0,0,21,0,0,0,0,0,0,0,0,0,50,0,0,419,78,0,0,0,0,0,0,0,0,0,0,0,0,0,0,0,0,0,0,0,8,0,0,0,0,0,0,0,,,,,,,,,,,,,,,,
434.908,0,0,0,0,0,0,0,0,12,0,0,0,0,76,30,3,4064,0,0,0,0,5,282,0,0,0,23,0,0,0,0,0,0,0,0,0,50,0,0,419,78,0,0,0,0,0,0,0,0,0,0,0,0,0,0,0,0,0,0,0,8,0,0,0,0,0,0,0,,,,,,,,,,,,,,,,
434.908,0,0,0,0,0,0,0,0,12,0,0,0,0,76,30,3,4064,0,0,0,0,5,282,0,0,0,23,0,0,0,0,0,0,0,0,0,50,0,0,419,78,0,0,0,0,0,0,0,0,0,0,0,0,0,0,0,0,0,0,0,8,0,0,0,0,0,0,0,,,,,,,,,,,,,,,,
434.908,0,0,0,0,0,0,0,0,12,0,0,0,0,76,30,3,4064,0,0,0,0,5,282,0,0,0,23,0,0,0,0,0,0,0,0,0,50,0,0,419,78,0,0,0,0,0,0,0,0,0,0,0,0,0,0,0,0,0,0,0,8,0,0,0,0,0,0,0,,,,,,,,,,,,,,,,
435.619,0,0,0,0,0,0,0,0,12,0,0,0,0,76,30,3,4064,0,0,0,0,5,283,0,0,0,23,0,0,0,0,0,0,0,0,0,50,0,0,419,78,0,0,0,0,0,0,0,0,0,0,0,0,0,0,0,0,0,0,0,8,0,0,0,0,0,0,0,,,,,,,,,,,,,,,,
435.619,0,0,0,0,0,0,0,0,12,0,0,0,0,76,30,3,4064,0,0,0,0,5,283,0,0,0,23,0,0,0,0,0,0,0,0,0,50,0,0,410,78,0,0,0,0,0,0,0,0,0,0,0,0,0,0,0,0,0,0,0,8,0,0,0,0,0,0,0,,,,,,,,,,,,,,,,
435.619,0,0,0,0,0,0,0,0,12,0,0,0,0,76,30,3,4064,0,0,0,0,5,283,0,0,0,23,0,0,0,0,0,0,0,0,0,51,0,0,410,78,0,0,0,0,0,0,0,0,0,0,0,0,0,0,0,0,0,0,0,8,0,0,0,0,0,0,0,,,,,,,,,,,,,,,,
436.626,0,0,0,0,0,0,0,0,12,0,0,0,0,76,30,3,4064,0,0,0,0,5,283,0,0,0,22,0,0,0,0,0,0,0,0,0,51,0,0,410,78,0,0,0,0,0,0,0,0,0,0,0,0,0,0,0,0,0,0,0,8,0,0,0,0,0,0,0,,,,,,,,,,,,,,,,
436.626,0,0,0,0,0,0,0,0,12,0,0,0,0,76,30,3,4064,0,0,0,0,5,283,0,0,0,22,0,0,0,0,0,0,0,0,0,51,0,0,410,78,0,0,0,0,0,0,0,0,0,0,0,0,0,0,0,0,0,0,0,8,0,0,0,0,0,0,0,,,,,,,,,,,,,,,,
436.626,0,0,0,0,0,0,0,0,12,0,0,0,0,76,30,3,4064,0,0,0,0,5,283,0,0,0,22,0,0,0,0,0,0,0,0,0,51,0,0,410,78,0,0,0,0,0,0,0,0,0,0,0,0,0,0,0,0,0,0,0,8,0,0,0,0,0,0,0,,,,,,,,,,,,,,,,
437.198,0,0,0,0,0,0,0,0,12,0,0,0,0,76,30,3,4064,0,0,0,0,5,283,0,0,0,22,0,0,0,0,0,0,0,0,0,51,0,0,410,78,0,0,0,0,0,0,0,0,0,0,0,0,0,0,0,0,0,0,0,8,0,0,0,0,0,0,0,,,,,,,,,,,,,,,,
437.198,0,0,0,0,0,0,0,0,12,0,0,0,0,76,30,3,4064,0,0,0,0,5,283,0,0,0,22,0,0,0,0,0,0,0,0,0,51,0,0,410,78,0,0,0,0,0,0,0,0,0,0,0,0,0,0,0,0,0,0,0,8,0,0,0,0,0,0,0,,,,,,,,,,,,,,,,
437.198,0,0,0,0,0,0,0,0,12,0,0,0,0,76,30,3,4064,0,0,0,0,5,283,0,0,0,22,0,0,0,0,0,0,0,0,0,51,0,0,410,78,0,0,0,0,0,0,0,0,0,0,0,0,0,0,0,0,0,0,0,2,0,0,0,0,0,0,0,,,,,,,,,,,,,,,,
437.766,0,0,0,0,0,0,0,0,12,0,0,0,0,76,30,3,4064,0,0,0,0,5,283,0,0,0,22,0,0,0,0,0,0,0,0,0,51,0,0,410,78,0,0,0,0,0,0,0,0,0,0,0,0,0,0,0,0,0,0,0,2,0,0,0,0,0,0,0,,,,,,,,,,,,,,,,
437.766,0,0,0,0,0,0,0,0,12,0,0,0,0,76,30,3,4064,0,0,0,0,5,283,0,0,0,22,0,0,0,0,0,0,0,0,0,51,0,0,410,78,0,0,0,0,0,0,0,0,0,0,0,0,0,0,0,0,0,0,0,2,0,0,0,0,0,0,0,,,,,,,,,,,,,,,,
437.766,0,0,0,0,0,0,0,0,12,0,0,0,0,76,30,3,4064,0,0,0,0,5,283,0,0,0,22,0,0,0,0,0,0,0,0,0,51,0,0,410,78,0,0,0,0,0,0,0,0,0,0,0,0,0,0,0,0,0,0,0,2,0,0,0,0,0,0,0,,,,,,,,,,,,,,,,
437.766,0,0,0,0,0,0,0,0,12,0,0,0,0,76,30,3,3721,0,0,0,0,5,283,0,0,0,22,0,0,0,0,0,0,0,0,0,51,0,0,410,78,0,0,0,0,0,0,0,0,0,0,0,0,0,0,0,0,0,0,0,2,0,0,0,0,0,0,0,,,,,,,,,,,,,,,,
438.336,0,0,0,0,0,0,0,0,12,0,0,0,0,76,30,3,3721,0,0,0,0,5,283,0,0,0,22,0,0,0,0,0,0,0,0,0,51,0,0,410,78,0,0,0,0,0,0,0,0,0,0,0,0,0,0,0,0,0,0,0,2,0,0,0,0,0,0,0,,,,,,,,,,,,,,,,
438.336,0,0,0,0,0,0,0,0,12,0,0,0,0,76,30,3,3721,0,0,0,0,5,283,0,0,0,22,0,0,0,0,0,0,0,0,0,51,0,0,413,78,0,0,0,0,0,0,0,0,0,0,0,0,0,0,0,0,0,0,0,2,0,0,0,0,0,0,0,,,,,,,,,,,,,,,,
438.336,0,0,0,0,0,0,0,0,12,0,0,0,0,76,30,3,3721,0,0,0,0,5,283,0,0,0,22,0,0,0,0,0,0,0,0,0,51,0,0,413,78,0,0,0,0,0,0,0,0,0,0,0,0,0,0,0,0,0,0,0,2,0,0,0,0,0,0,0,,,,,,,,,,,,,,,,
438.908,0,0,0,0,0,0,0,0,12,0,0,0,0,76,30,3,3721,0,0,0,0,5,283,0,0,0,22,0,0,0,0,0,0,0,0,0,51,0,0,413,78,0,0,0,0,0,0,0,0,0,0,0,0,0,0,0,0,0,0,0,2,0,0,0,0,0,0,0,,,,,,,,,,,,,,,,
438.908,0,0,0,0,0,0,0,0,12,0,0,0,0,76,30,3,3721,0,0,0,0,5,283,0,0,0,22,0,0,0,0,0,0,0,0,0,51,0,0,413,78,0,0,0,0,0,0,0,0,0,0,0,0,0,0,0,0,0,0,0,2,0,0,0,0,0,0,0,,,,,,,,,,,,,,,,
438.908,0,0,0,0,0,0,0,0,12,0,0,0,0,76,30,3,3721,0,0,0,0,5,283,0,0,0,22,0,0,0,0,0,0,0,0,0,51,0,0,413,78,0,0,0,0,0,0,0,0,0,0,0,0,0,0,0,0,0,0,0,2,0,0,0,0,0,0,0,,,,,,,,,,,,,,,,
439.476,0,0,0,0,0,0,0,0,12,0,0,0,0,76,30,3,3721,0,0,0,0,5,283,0,0,0,22,0,0,0,0,0,0,0,0,0,51,0,0,413,78,0,0,0,0,0,0,0,0,0,0,0,0,0,0,0,0,0,0,0,2,0,0,0,0,0,0,0,,,,,,,,,,,,,,,,
439.476,0,0,0,0,0,0,0,0,12,0,0,0,0,76,30,3,3721,0,0,0,0,5,283,0,0,0,22,0,0,0,0,0,0,0,0,0,51,0,0,413,78,0,0,0,0,0,0,0,0,0,0,0,0,0,0,0,0,0,0,0,2,0,0,0,0,0,0,0,,,,,,,,,,,,,,,,
439.476,0,0,0,0,0,0,0,0,12,0,0,0,0,76,30,3,3721,0,0,0,0,5,283,0,0,0,22,0,0,0,0,0,0,0,0,0,51,0,0,413,78,0,0,0,0,0,0,0,0,0,0,0,0,0,0,0,0,0,0,0,2,0,0,0,0,0,0,0,,,,,,,,,,,,,,,,
439.476,0,0,0,0,0,0,0,0,12,0,0,0,0,76,30,3,3721,0,0,0,0,5,283,0,0,0,22,0,0,0,0,0,0,0,0,0,51,0,0,413,78,0,0,0,0,0,0,0,0,0,0,0,0,0,0,0,0,0,0,0,2,0,0,0,0,0,0,0,,,,,,,,,,,,,,,,
440.047,0,0,0,0,0,0,0,0,12,0,0,0,0,76,30,3,3721,0,0,0,0,5,289,0,0,0,22,0,0,0,0,0,0,0,0,0,51,0,0,413,78,0,0,0,0,0,0,0,0,0,0,0,0,0,0,0,0,0,0,0,2,0,0,0,0,0,0,0,,,,,,,,,,,,,,,,
440.047,0,0,0,0,0,0,0,0,12,0,0,0,0,76,30,3,3721,0,0,0,0,5,289,0,0,0,22,0,0,0,0,0,0,0,0,0,51,0,0,308,78,0,0,0,0,0,0,0,0,0,0,0,0,0,0,0,0,0,0,0,2,0,0,0,0,0,0,0,,,,,,,,,,,,,,,,
440.047,0,0,0,0,0,0,0,0,12,0,0,0,0,76,30,3,3721,0,0,0,0,5,289,0,0,0,22,0,0,0,0,0,0,0,0,0,57,0,0,308,78,0,0,0,0,0,0,0,0,0,0,0,0,0,0,0,0,0,0,0,2,0,0,0,0,0,0,0,,,,,,,,,,,,,,,,
440.622,0,0,0,0,0,0,0,0,12,0,0,0,0,76,30,3,3721,0,0,0,0,5,289,0,0,0,25,0,0,0,0,0,0,0,0,0,57,0,0,308,78,0,0,0,0,0,0,0,0,0,0,0,0,0,0,0,0,0,0,0,2,0,0,0,0,0,0,0,,,,,,,,,,,,,,,,
440.622,0,0,0,0,0,0,0,0,12,0,0,0,0,76,30,3,3721,0,0,0,0,5,289,0,0,0,25,0,0,0,0,0,0,0,0,0,57,0,0,308,78,0,0,0,0,0,0,0,0,0,0,0,0,0,0,0,0,0,0,0,2,0,0,0,0,0,0,0,,,,,,,,,,,,,,,,
440.622,0,0,0,0,0,0,0,0,12,0,0,0,0,76,30,3,3721,0,0,0,0,5,289,0,0,0,25,0,0,0,0,0,0,0,0,0,57,0,0,308,78,0,0,0,0,0,0,0,0,0,0,0,0,0,0,0,0,0,0,0,2,0,0,0,0,0,0,0,,,,,,,,,,,,,,,,
441.192,0,0,0,0,0,0,0,0,12,0,0,0,0,76,30,3,3721,0,0,0,0,5,289,0,0,0,25,0,0,0,0,0,0,0,0,0,57,0,0,308,78,0,0,0,0,0,0,0,0,0,0,0,0,0,0,0,0,0,0,0,2,0,0,0,0,0,0,0,,,,,,,,,,,,,,,,
441.192,0,0,0,0,0,0,0,0,12,0,0,0,0,76,30,3,3721,0,0,0,0,5,289,0,0,0,25,0,0,0,0,0,0,0,0,0,57,0,0,308,78,0,0,0,0,0,0,0,0,0,0,0,0,0,0,0,0,0,0,0,2,0,0,0,0,0,0,0,,,,,,,,,,,,,,,,
441.192,0,0,0,0,0,0,0,0,12,0,0,0,0,76,30,3,3721,0,0,0,0,5,289,0,0,0,25,0,0,0,0,0,0,0,0,0,57,0,0,308,78,0,0,0,0,0,0,0,0,0,0,0,0,0,0,0,0,0,0,0,7,0,0,0,0,0,0,0,,,,,,,,,,,,,,,,
441.764,0,0,0,0,0,0,0,0,12,0,0,0,0,76,30,3,3721,0,0,0,0,5,284,0,0,0,25,0,0,0,0,0,0,0,0,0,57,0,0,308,78,0,0,0,0,0,0,0,0,0,0,0,0,0,0,0,0,0,0,0,7,0,0,0,0,0,0,0,,,,,,,,,,,,,,,,
441.764,0,0,0,0,0,0,0,0,12,0,0,0,0,76,30,3,3721,0,0,0,0,5,284,0,0,0,25,0,0,0,0,0,0,0,0,0,57,0,0,355,78,0,0,0,0,0,0,0,0,0,0,0,0,0,0,0,0,0,0,0,7,0,0,0,0,0,0,0,,,,,,,,,,,,,,,,
441.764,0,0,0,0,0,0,0,0,12,0,0,0,0,76,30,3,3721,0,0,0,0,5,284,0,0,0,25,0,0,0,0,0,0,0,0,0,52,0,0,355,78,0,0,0,0,0,0,0,0,0,0,0,0,0,0,0,0,0,0,0,7,0,0,0,0,0,0,0,,,,,,,,,,,,,,,,
442.628,0,0,0,0,0,0,0,0,12,0,0,0,0,76,30,3,3721,0,0,0,0,5,284,0,0,0,24,0,0,0,0,0,0,0,0,0,52,0,0,355,78,0,0,0,0,0,0,0,0,0,0,0,0,0,0,0,0,0,0,0,7,0,0,0,0,0,0,0,,,,,,,,,,,,,,,,
442.628,0,0,0,0,0,0,0,0,12,0,0,0,0,76,30,3,3721,0,0,0,0,5,284,0,0,0,24,0,0,0,0,0,0,0,0,0,52,0,0,355,78,0,0,0,0,0,0,0,0,0,0,0,0,0,0,0,0,0,0,0,7,0,0,0,0,0,0,0,,,,,,,,,,,,,,,,
442.628,0,0,0,0,0,0,0,0,12,0,0,0,0,76,30,3,3721,0,0,0,0,5,284,0,0,0,24,0,0,0,0,0,0,0,0,0,52,0,0,355,78,0,0,0,0,0,0,0,0,0,0,0,0,0,0,0,0,0,0,0,7,0,0,0,0,0,0,0,,,,,,,,,,,,,,,,
443.624,0,0,0,0,0,0,0,0,12,0,0,0,0,76,30,3,3721,0,0,0,0,5,283,0,0,0,24,0,0,0,0,0,0,0,0,0,52,0,0,355,78,0,0,0,0,0,0,0,0,0,0,0,0,0,0,0,0,0,0,0,7,0,0,0,0,0,0,0,,,,,,,,,,,,,,,,
443.624,0,0,0,0,0,0,0,0,12,0,0,0,0,76,30,3,3721,0,0,0,0,5,283,0,0,0,24,0,0,0,0,0,0,0,0,0,52,0,0,417,78,0,0,0,0,0,0,0,0,0,0,0,0,0,0,0,0,0,0,0,7,0,0,0,0,0,0,0,,,,,,,,,,,,,,,,
443.624,0,0,0,0,0,0,0,0,12,0,0,0,0,76,30,3,3721,0,0,0,0,5,283,0,0,0,24,0,0,0,0,0,0,0,0,0,51,0,0,417,78,0,0,0,0,0,0,0,0,0,0,0,0,0,0,0,0,0,0,0,7,0,0,0,0,0,0,0,,,,,,,,,,,,,,,,
444.197,0,0,0,0,0,0,0,0,12,0,0,0,0,76,30,3,3721,0,0,0,0,5,283,0,0,0,24,0,0,0,0,0,0,0,0,0,51,0,0,417,78,0,0,0,0,0,0,0,0,0,0,0,0,0,0,0,0,0,0,0,7,0,0,0,0,0,0,0,,,,,,,,,,,,,,,,
444.197,0,0,0,0,0,0,0,0,12,0,0,0,0,76,30,3,3721,0,0,0,0,5,283,0,0,0,24,0,0,0,0,0,0,0,0,0,51,0,0,417,78,0,0,0,0,0,0,0,0,0,0,0,0,0,0,0,0,0,0,0,7,0,0,0,0,0,0,0,,,,,,,,,,,,,,,,
444.197,0,0,0,0,0,0,0,0,12,0,0,0,0,76,30,3,3721,0,0,0,0,5,283,0,0,0,24,0,0,0,0,0,0,0,0,0,51,0,0,417,78,0,0,0,0,0,0,0,0,0,0,0,0,0,0,0,0,0,0,0,7,0,0,0,0,0,0,0,,,,,,,,,,,,,,,,
444.197,0,0,0,0,0,0,0,0,12,0,0,0,0,76,30,3,3721,0,0,0,0,5,283,0,0,0,24,0,0,0,0,0,0,0,0,0,51,0,0,417,78,0,0,0,0,0,0,0,0,0,0,0,0,0,0,0,0,0,0,0,7,0,0,0,0,0,0,0,,,,,,,,,,,,,,,,
444.767,0,0,0,0,0,0,0,0,12,0,0,0,0,76,30,3,3721,0,0,0,0,5,283,0,0,0,22,0,0,0,0,0,0,0,0,0,51,0,0,417,78,0,0,0,0,0,0,0,0,0,0,0,0,0,0,0,0,0,0,0,7,0,0,0,0,0,0,0,,,,,,,,,,,,,,,,
444.767,0,0,0,0,0,0,0,0,12,0,0,0,0,76,30,3,3721,0,0,0,0,5,283,0,0,0,22,0,0,0,0,0,0,0,0,0,51,0,0,417,78,0,0,0,0,0,0,0,0,0,0,0,0,0,0,0,0,0,0,0,7,0,0,0,0,0,0,0,,,,,,,,,,,,,,,,
444.767,0,0,0,0,0,0,0,0,12,0,0,0,0,76,30,3,3721,0,0,0,0,5,283,0,0,0,22,0,0,0,0,0,0,0,0,0,51,0,0,417,78,0,0,0,0,0,0,0,0,0,0,0,0,0,0,0,0,0,0,0,7,0,0,0,0,0,0,0,,,,,,,,,,,,,,,,
445.336,0,0,0,0,0,0,0,0,12,0,0,0,0,76,30,3,3721,0,0,0,0,5,283,0,0,0,22,0,0,0,0,0,0,0,0,0,51,0,0,417,78,0,0,0,0,0,0,0,0,0,0,0,0,0,0,0,0,0,0,0,7,0,0,0,0,0,0,0,,,,,,,,,,,,,,,,
445.336,0,0,0,0,0,0,0,0,12,0,0,0,0,76,30,3,3721,0,0,0,0,5,283,0,0,0,22,0,0,0,0,0,0,0,0,0,51,0,0,417,78,0,0,0,0,0,0,0,0,0,0,0,0,0,0,0,0,0,0,0,7,0,0,0,0,0,0,0,,,,,,,,,,,,,,,,
445.336,0,0,0,0,0,0,0,0,12,0,0,0,0,76,30,3,3721,0,0,0,0,5,283,0,0,0,22,0,0,0,0,0,0,0,0,0,51,0,0,417,78,0,0,0,0,0,0,0,0,0,0,0,0,0,0,0,0,0,0,0,7,0,0,0,0,0,0,0,,,,,,,,,,,,,,,,
445.336,0,0,0,0,0,0,0,0,12,0,0,0,0,76,30,3,4485,0,0,0,0,5,283,0,0,0,22,0,0,0,0,0,0,0,0,0,51,0,0,417,78,0,0,0,0,0,0,0,0,0,0,0,0,0,0,0,0,0,0,0,7,0,0,0,0,0,0,0,,,,,,,,,,,,,,,,
445.905,0,0,0,0,0,0,0,0,12,0,0,0,0,76,30,3,4485,0,0,0,0,5,305,0,0,0,22,0,0,0,0,0,0,0,0,0,51,0,0,417,78,0,0,0,0,0,0,0,0,0,0,0,0,0,0,0,0,0,0,0,7,0,0,0,0,0,0,0,,,,,,,,,,,,,,,,
445.905,0,0,0,0,0,0,0,0,12,0,0,0,0,76,30,3,4485,0,0,0,0,5,305,0,0,0,22,0,0,0,0,0,0,0,0,0,51,0,0,420,78,0,0,0,0,0,0,0,0,0,0,0,0,0,0,0,0,0,0,0,7,0,0,0,0,0,0,0,,,,,,,,,,,,,,,,
445.905,0,0,0,0,0,0,0,0,12,0,0,0,0,76,30,3,4485,0,0,0,0,5,305,0,0,0,22,0,0,0,0,0,0,0,0,0,74,0,0,420,78,0,0,0,0,0,0,0,0,0,0,0,0,0,0,0,0,0,0,0,7,0,0,0,0,0,0,0,,,,,,,,,,,,,,,,
446.473,0,0,0,0,0,0,0,0,12,0,0,0,0,76,30,3,4485,0,0,0,0,5,305,0,0,0,22,0,0,0,0,0,0,0,0,0,74,0,0,420,78,0,0,0,0,0,0,0,0,0,0,0,0,0,0,0,0,0,0,0,7,0,0,0,0,0,0,0,,,,,,,,,,,,,,,,
446.473,0,0,0,0,0,0,0,0,12,0,0,0,0,76,30,3,4485,0,0,0,0,6,305,0,0,0,22,0,0,0,0,0,0,0,0,0,74,0,0,420,78,0,0,0,0,0,0,0,0,0,0,0,0,0,0,0,0,0,0,0,7,0,0,0,0,0,0,0,,,,,,,,,,,,,,,,
446.473,0,0,0,0,0,0,0,0,12,0,0,0,0,76,30,3,4485,0,0,0,0,6,305,0,0,0,22,0,0,0,0,0,0,0,0,0,74,0,0,420,78,0,0,0,0,0,0,0,0,0,0,0,0,0,0,0,0,0,0,0,25,0,0,0,0,0,0,0,,,,,,,,,,,,,,,,
447.044,0,0,0,0,0,0,0,0,12,0,0,0,0,76,30,3,4485,0,0,0,0,6,305,0,0,0,21,0,0,0,0,0,0,0,0,0,74,0,0,420,78,0,0,0,0,0,0,0,0,0,0,0,0,0,0,0,0,0,0,0,25,0,0,0,0,0,0,0,,,,,,,,,,,,,,,,
447.044,0,0,0,0,0,0,0,0,12,0,0,0,0,76,30,3,4485,0,0,0,0,6,305,0,0,0,21,0,0,0,0,0,0,0,0,0,74,0,0,420,78,0,0,0,0,0,0,0,0,0,0,0,0,0,0,0,0,0,0,0,25,0,0,0,0,0,0,0,,,,,,,,,,,,,,,,
447.044,0,0,0,0,0,0,0,0,12,0,0,0,0,76,30,3,4485,0,0,0,0,6,305,0,0,0,21,0,0,0,0,0,0,0,0,0,74,0,0,420,78,0,0,0,0,0,0,0,0,0,0,0,0,0,0,0,0,0,0,0,25,0,0,0,0,0,0,0,,,,,,,,,,,,,,,,
447.622,0,0,0,0,0,0,0,0,12,0,0,0,0,76,30,3,4485,0,0,0,0,6,270,0,0,0,21,0,0,0,0,0,0,0,0,0,74,0,0,420,78,0,0,0,0,0,0,0,0,0,0,0,0,0,0,0,0,0,0,0,25,0,0,0,0,0,0,0,,,,,,,,,,,,,,,,
447.622,0,0,0,0,0,0,0,0,12,0,0,0,0,76,30,3,4485,0,0,0,0,6,270,0,0,0,21,0,0,0,0,0,0,0,0,0,74,0,0,449,78,0,0,0,0,0,0,0,0,0,0,0,0,0,0,0,0,0,0,0,25,0,0,0,0,0,0,0,,,,,,,,,,,,,,,,
447.622,0,0,0,0,0,0,0,0,12,0,0,0,0,76,30,3,4485,0,0,0,0,6,270,0,0,0,21,0,0,0,0,0,0,0,0,0,39,0,0,449,78,0,0,0,0,0,0,0,0,0,0,0,0,0,0,0,0,0,0,0,25,0,0,0,0,0,0,0,,,,,,,,,,,,,,,,
448.626,0,0,0,0,0,0,0,0,12,0,0,0,0,76,30,3,4485,0,0,0,0,6,270,0,0,0,22,0,0,0,0,0,0,0,0,0,39,0,0,449,78,0,0,0,0,0,0,0,0,0,0,0,0,0,0,0,0,0,0,0,25,0,0,0,0,0,0,0,,,,,,,,,,,,,,,,
448.626,0,0,0,0,0,0,0,0,12,0,0,0,0,76,30,3,4485,0,0,0,0,6,270,0,0,0,22,0,0,0,0,0,0,0,0,0,39,0,0,449,78,0,0,0,0,0,0,0,0,0,0,0,0,0,0,0,0,0,0,0,25,0,0,0,0,0,0,0,,,,,,,,,,,,,,,,
448.626,0,0,0,0,0,0,0,0,12,0,0,0,0,76,30,3,4485,0,0,0,0,6,270,0,0,0,22,0,0,0,0,0,0,0,0,0,39,0,0,449,78,0,0,0,0,0,0,0,0,0,0,0,0,0,0,0,0,0,0,0,25,0,0,0,0,0,0,0,,,,,,,,,,,,,,,,
449.201,0,0,0,0,0,0,0,0,12,0,0,0,0,76,30,3,4485,0,0,0,0,6,270,0,0,0,22,0,0,0,0,0,0,0,0,0,39,0,0,449,78,0,0,0,0,0,0,0,0,0,0,0,0,0,0,0,0,0,0,0,25,0,0,0,0,0,0,0,,,,,,,,,,,,,,,,
449.201,0,0,0,0,0,0,0,0,12,0,0,0,0,76,30,3,4485,0,0,0,0,6,270,0,0,0,22,0,0,0,0,0,0,0,0,0,39,0,0,449,78,0,0,0,0,0,0,0,0,0,0,0,0,0,0,0,0,0,0,0,25,0,0,0,0,0,0,0,,,,,,,,,,,,,,,,
449.201,0,0,0,0,0,0,0,0,12,0,0,0,0,76,30,3,4485,0,0,0,0,6,270,0,0,0,22,0,0,0,0,0,0,0,0,0,39,0,0,449,78,0,0,0,0,0,0,0,0,0,0,0,0,0,0,0,0,0,0,0,25,0,0,0,0,0,0,0,,,,,,,,,,,,,,,,
449.201,0,0,0,0,0,0,0,0,12,0,0,0,0,76,30,3,4485,0,0,0,0,6,270,0,0,0,22,0,0,0,0,0,0,0,0,0,39,0,0,449,78,0,0,0,0,0,0,0,0,0,0,0,0,0,0,0,0,0,0,0,25,0,0,0,0,0,0,0,,,,,,,,,,,,,,,,
449.765,0,0,0,0,0,0,0,0,12,0,0,0,0,76,30,3,4485,0,0,0,0,6,289,0,0,0,22,0,0,0,0,0,0,0,0,0,39,0,0,449,78,0,0,0,0,0,0,0,0,0,0,0,0,0,0,0,0,0,0,0,25,0,0,0,0,0,0,0,,,,,,,,,,,,,,,,
449.765,0,0,0,0,0,0,0,0,12,0,0,0,0,76,30,3,4485,0,0,0,0,6,289,0,0,0,22,0,0,0,0,0,0,0,0,0,39,0,0,417,78,0,0,0,0,0,0,0,0,0,0,0,0,0,0,0,0,0,0,0,25,0,0,0,0,0,0,0,,,,,,,,,,,,,,,,
449.765,0,0,0,0,0,0,0,0,12,0,0,0,0,76,30,3,4485,0,0,0,0,6,289,0,0,0,22,0,0,0,0,0,0,0,0,0,57,0,0,417,78,0,0,0,0,0,0,0,0,0,0,0,0,0,0,0,0,0,0,0,25,0,0,0,0,0,0,0,,,,,,,,,,,,,,,,
450.336,0,0,0,0,0,0,0,0,12,0,0,0,0,76,30,3,4485,0,0,0,0,6,289,0,0,0,22,0,0,0,0,0,0,0,0,0,57,0,0,417,78,0,0,0,0,0,0,0,0,0,0,0,0,0,0,0,0,0,0,0,25,0,0,0,0,0,0,0,,,,,,,,,,,,,,,,
450.336,0,0,0,0,0,0,0,0,12,0,0,0,0,76,30,3,4485,0,0,0,0,6,289,0,0,0,22,0,0,0,0,0,0,0,0,0,57,0,0,417,78,0,0,0,0,0,0,0,0,0,0,0,0,0,0,0,0,0,0,0,25,0,0,0,0,0,0,0,,,,,,,,,,,,,,,,
450.336,0,0,0,0,0,0,0,0,12,0,0,0,0,76,30,3,4485,0,0,0,0,6,289,0,0,0,22,0,0,0,0,0,0,0,0,0,57,0,0,417,78,0,0,0,0,0,0,0,0,0,0,0,0,0,0,0,0,0,0,0,10,0,0,0,0,0,0,0,,,,,,,,,,,,,,,,
450.906,0,0,0,0,0,0,0,0,12,0,0,0,0,76,30,3,4485,0,0,0,0,6,289,0,0,0,22,0,0,0,0,0,0,0,0,0,57,0,0,417,78,0,0,0,0,0,0,0,0,0,0,0,0,0,0,0,0,0,0,0,10,0,0,0,0,0,0,0,,,,,,,,,,,,,,,,
450.906,0,0,0,0,0,0,0,0,12,0,0,0,0,76,30,3,4485,0,0,0,0,6,289,0,0,0,22,0,0,0,0,0,0,0,0,0,57,0,0,417,78,0,0,0,0,0,0,0,0,0,0,0,0,0,0,0,0,0,0,0,10,0,0,0,0,0,0,0,,,,,,,,,,,,,,,,
450.906,0,0,0,0,0,0,0,0,12,0,0,0,0,76,30,3,4485,0,0,0,0,6,289,0,0,0,22,0,0,0,0,0,0,0,0,0,57,0,0,417,78,0,0,0,0,0,0,0,0,0,0,0,0,0,0,0,0,0,0,0,10,0,0,0,0,0,0,0,,,,,,,,,,,,,,,,
451.622,0,0,0,0,0,0,0,0,12,0,0,0,0,76,30,3,4485,0,0,0,0,6,290,0,0,0,22,0,0,0,0,0,0,0,0,0,57,0,0,417,78,0,0,0,0,0,0,0,0,0,0,0,0,0,0,0,0,0,0,0,10,0,0,0,0,0,0,0,,,,,,,,,,,,,,,,
451.622,0,0,0,0,0,0,0,0,12,0,0,0,0,76,30,3,4485,0,0,0,0,6,290,0,0,0,22,0,0,0,0,0,0,0,0,0,57,0,0,414,78,0,0,0,0,0,0,0,0,0,0,0,0,0,0,0,0,0,0,0,10,0,0,0,0,0,0,0,,,,,,,,,,,,,,,,
451.622,0,0,0,0,0,0,0,0,12,0,0,0,0,76,30,3,4485,0,0,0,0,6,290,0,0,0,22,0,0,0,0,0,0,0,0,0,57,0,0,414,78,0,0,0,0,0,0,0,0,0,0,0,0,0,0,0,0,0,0,0,10,0,0,0,0,0,0,0,,,,,,,,,,,,,,,,
452.619,0,0,0,0,0,0,0,0,12,0,0,0,0,76,30,3,4485,0,0,0,0,6,290,0,0,0,21,0,0,0,0,0,0,0,0,0,57,0,0,414,78,0,0,0,0,0,0,0,0,0,0,0,0,0,0,0,0,0,0,0,10,0,0,0,0,0,0,0,,,,,,,,,,,,,,,,
452.619,0,0,0,0,0,0,0,0,12,0,0,0,0,77,30,3,4485,0,0,0,0,6,290,0,0,0,21,0,0,0,0,0,0,0,0,0,57,0,0,414,78,0,0,0,0,0,0,0,0,0,0,0,0,0,0,0,0,0,0,0,10,0,0,0,0,0,0,0,,,,,,,,,,,,,,,,
452.619,0,0,0,0,0,0,0,0,12,0,0,0,0,77,30,3,4485,0,0,0,0,6,290,0,0,0,21,0,0,0,0,0,0,0,0,0,57,0,0,414,78,0,0,0,0,0,0,0,0,0,0,0,0,0,0,0,0,0,0,0,10,0,0,0,0,0,0,0,,,,,,,,,,,,,,,,
453.193,0,0,0,0,0,0,0,0,12,0,0,0,0,77,30,3,4485,0,0,0,0,6,290,0,0,0,21,0,0,0,0,0,0,0,0,0,57,0,0,414,78,0,0,0,0,0,0,0,0,0,0,0,0,0,0,0,0,0,0,0,10,0,0,0,0,0,0,0,,,,,,,,,,,,,,,,
453.193,0,0,0,0,0,0,0,0,12,0,0,0,0,77,30,3,4485,0,0,0,0,6,290,0,0,0,21,0,0,0,0,0,0,0,0,0,57,0,0,414,78,0,0,0,0,0,0,0,0,0,0,0,0,0,0,0,0,0,0,0,10,0,0,0,0,0,0,0,,,,,,,,,,,,,,,,
453.193,0,0,0,0,0,0,0,0,12,0,0,0,0,77,30,3,4485,0,0,0,0,6,290,0,0,0,21,0,0,0,0,0,0,0,0,0,57,0,0,414,78,0,0,0,0,0,0,0,0,0,0,0,0,0,0,0,0,0,0,0,10,0,0,0,0,0,0,0,,,,,,,,,,,,,,,,
453.193,0,0,0,0,0,0,0,0,12,0,0,0,0,77,30,3,4854,0,0,0,0,6,290,0,0,0,21,0,0,0,0,0,0,0,0,0,57,0,0,414,78,0,0,0,0,0,0,0,0,0,0,0,0,0,0,0,0,0,0,0,10,0,0,0,0,0,0,0,,,,,,,,,,,,,,,,
453.761,0,0,0,0,0,0,0,0,12,0,0,0,0,77,30,3,4854,0,0,0,0,6,279,0,0,0,21,0,0,0,0,0,0,0,0,0,57,0,0,414,78,0,0,0,0,0,0,0,0,0,0,0,0,0,0,0,0,0,0,0,10,0,0,0,0,0,0,0,,,,,,,,,,,,,,,,
453.761,0,0,0,0,0,0,0,0,12,0,0,0,0,77,30,3,4854,0,0,0,0,6,279,0,0,0,21,0,0,0,0,0,0,0,0,0,57,0,0,430,78,0,0,0,0,0,0,0,0,0,0,0,0,0,0,0,0,0,0,0,10,0,0,0,0,0,0,0,,,,,,,,,,,,,,,,
453.761,0,0,0,0,0,0,0,0,12,0,0,0,0,77,30,3,4854,0,0,0,0,6,279,0,0,0,21,0,0,0,0,0,0,0,0,0,47,0,0,430,78,0,0,0,0,0,0,0,0,0,0,0,0,0,0,0,0,0,0,0,10,0,0,0,0,0,0,0,,,,,,,,,,,,,,,,
454.328,0,0,0,0,0,0,0,0,12,0,0,0,0,77,30,3,4854,0,0,0,0,6,279,0,0,0,21,0,0,0,0,0,0,0,0,0,47,0,0,430,78,0,0,0,0,0,0,0,0,0,0,0,0,0,0,0,0,0,0,0,10,0,0,0,0,0,0,0,,,,,,,,,,,,,,,,
454.328,0,0,0,0,0,0,0,0,12,0,0,0,0,77,30,3,4854,0,0,0,0,7,279,0,0,0,21,0,0,0,0,0,0,0,0,0,47,0,0,430,78,0,0,0,0,0,0,0,0,0,0,0,0,0,0,0,0,0,0,0,10,0,0,0,0,0,0,0,,,,,,,,,,,,,,,,
454.328,0,0,0,0,0,0,0,0,12,0,0,0,0,77,30,3,4854,0,0,0,0,7,279,0,0,0,21,0,0,0,0,0,0,0,0,0,47,0,0,430,78,0,0,0,0,0,0,0,0,0,0,0,0,0,0,0,0,0,0,0,0,0,0,0,0,0,0,0,,,,,,,,,,,,,,,,
454.902,0,0,0,0,0,0,0,0,12,0,0,0,0,77,30,3,4854,0,0,0,0,7,279,0,0,0,21,0,0,0,0,0,0,0,0,0,47,0,0,430,78,0,0,0,0,0,0,0,0,0,0,0,0,0,0,0,0,0,0,0,0,0,0,0,0,0,0,0,,,,,,,,,,,,,,,,
454.902,0,0,0,0,0,0,0,0,12,0,0,0,0,77,30,3,4854,0,0,0,0,7,279,0,0,0,21,0,0,0,0,0,0,0,0,0,47,0,0,430,78,0,0,0,0,0,0,0,0,0,0,0,0,0,0,0,0,0,0,0,0,0,0,0,0,0,0,0,,,,,,,,,,,,,,,,
454.902,0,0,0,0,0,0,0,0,12,0,0,0,0,77,30,3,4854,0,0,0,0,7,279,0,0,0,21,0,0,0,0,0,0,0,0,0,47,0,0,430,78,0,0,0,0,0,0,0,0,0,0,0,0,0,0,0,0,0,0,0,0,0,0,0,0,0,0,0,,,,,,,,,,,,,,,,
454.902,0,0,0,0,0,0,0,0,12,0,0,0,0,77,30,3,4854,0,0,0,0,7,279,0,0,0,21,0,0,0,0,0,0,0,0,0,47,0,0,430,78,0,0,0,0,0,0,0,0,0,0,0,0,0,0,0,0,0,0,0,0,0,0,0,0,0,0,0,,,,,,,,,,,,,,,,
455.473,0,0,0,0,0,0,0,0,12,0,0,0,0,77,30,3,4854,0,0,0,0,7,279,0,0,0,21,0,0,0,0,0,0,0,0,0,47,0,0,430,78,0,0,0,0,0,0,0,0,0,0,0,0,0,0,0,0,0,0,0,0,0,0,0,0,0,0,0,,,,,,,,,,,,,,,,
455.473,0,0,0,0,0,0,0,0,12,0,0,0,0,77,30,3,4854,0,0,0,0,7,279,0,0,0,21,0,0,0,0,0,0,0,0,0,47,0,0,430,78,0,0,0,0,0,0,0,0,0,0,0,0,0,0,0,0,0,0,0,0,0,0,0,0,0,0,0,,,,,,,,,,,,,,,,
455.473,0,0,0,0,0,0,0,0,12,0,0,0,0,77,30,3,4854,0,0,0,0,7,279,0,0,0,21,0,0,0,0,0,0,0,0,0,47,0,0,430,78,0,0,0,0,0,0,0,0,0,0,0,0,0,0,0,0,0,0,0,0,0,0,0,0,0,0,0,,,,,,,,,,,,,,,,
456.044,0,0,0,0,0,0,0,0,12,0,0,0,0,77,30,3,4854,0,0,0,0,7,288,0,0,0,21,0,0,0,0,0,0,0,0,0,47,0,0,430,78,0,0,0,0,0,0,0,0,0,0,0,0,0,0,0,0,0,0,0,0,0,0,0,0,0,0,0,,,,,,,,,,,,,,,,
456.044,0,0,0,0,0,0,0,0,12,0,0,0,0,77,30,3,4854,0,0,0,0,7,288,0,0,0,21,0,0,0,0,0,0,0,0,0,47,0,0,434,78,0,0,0,0,0,0,0,0,0,0,0,0,0,0,0,0,0,0,0,0,0,0,0,0,0,0,0,,,,,,,,,,,,,,,,
456.044,0,0,0,0,0,0,0,0,12,0,0,0,0,77,30,3,4854,0,0,0,0,7,288,0,0,0,21,0,0,0,0,0,0,0,0,0,59,0,0,434,78,0,0,0,0,0,0,0,0,0,0,0,0,0,0,0,0,0,0,0,0,0,0,0,0,0,0,0,,,,,,,,,,,,,,,,
456.623,0,0,0,0,0,0,0,0,12,0,0,0,0,77,30,3,4854,0,0,0,0,7,288,0,0,0,21,0,0,0,0,0,0,0,0,0,59,0,0,434,78,0,0,0,0,0,0,0,0,0,0,0,0,0,0,0,0,0,0,0,0,0,0,0,0,0,0,0,,,,,,,,,,,,,,,,
456.623,0,0,0,0,0,0,0,0,12,0,0,0,0,77,30,3,4854,0,0,0,0,7,288,0,0,0,21,0,0,0,0,0,0,0,0,0,59,0,0,434,78,0,0,0,0,0,0,0,0,0,0,0,0,0,0,0,0,0,0,0,0,0,0,0,0,0,0,0,,,,,,,,,,,,,,,,
456.623,0,0,0,0,0,0,0,0,12,0,0,0,0,77,30,3,4854,0,0,0,0,7,288,0,0,0,21,0,0,0,0,0,0,0,0,0,59,0,0,434,78,0,0,0,0,0,0,0,0,0,0,0,0,0,0,0,0,0,0,0,0,0,0,0,0,0,0,0,,,,,,,,,,,,,,,,
457.623,0,0,0,0,0,0,0,0,12,0,0,0,0,77,30,3,4854,0,0,0,0,7,293,0,0,0,21,0,0,0,0,0,0,0,0,0,59,0,0,434,78,0,0,0,0,0,0,0,0,0,0,0,0,0,0,0,0,0,0,0,0,0,0,0,0,0,0,0,,,,,,,,,,,,,,,,
457.623,0,0,0,0,0,0,0,0,12,0,0,0,0,77,30,3,4854,0,0,0,0,7,293,0,0,0,21,0,0,0,0,0,0,0,0,0,59,0,0,427,78,0,0,0,0,0,0,0,0,0,0,0,0,0,0,0,0,0,0,0,0,0,0,0,0,0,0,0,,,,,,,,,,,,,,,,
457.623,0,0,0,0,0,0,0,0,12,0,0,0,0,77,30,3,4854,0,0,0,0,7,293,0,0,0,21,0,0,0,0,0,0,0,0,0,63,0,0,427,78,0,0,0,0,0,0,0,0,0,0,0,0,0,0,0,0,0,0,0,0,0,0,0,0,0,0,0,,,,,,,,,,,,,,,,
458.193,0,0,0,0,0,0,0,0,12,0,0,0,0,77,30,3,4854,0,0,0,0,7,293,0,0,0,21,0,0,0,0,0,0,0,0,0,63,0,0,427,78,0,0,0,0,0,0,0,0,0,0,0,0,0,0,0,0,0,0,0,0,0,0,0,0,0,0,0,,,,,,,,,,,,,,,,
458.193,0,0,0,0,0,0,0,0,12,0,0,0,0,77,30,3,4854,0,0,0,0,7,293,0,0,0,21,0,0,0,0,0,0,0,0,0,63,0,0,427,78,0,0,0,0,0,0,0,0,0,0,0,0,0,0,0,0,0,0,0,0,0,0,0,0,0,0,0,,,,,,,,,,,,,,,,
458.193,0,0,0,0,0,0,0,0,12,0,0,0,0,77,30,3,4854,0,0,0,0,7,293,0,0,0,21,0,0,0,0,0,0,0,0,0,63,0,0,427,78,0,0,0,0,0,0,0,0,0,0,0,0,0,0,0,0,0,0,0,10,0,0,0,0,0,0,0,,,,,,,,,,,,,,,,
458.763,0,0,0,0,0,0,0,0,12,0,0,0,0,77,30,3,4854,0,0,0,0,7,293,0,0,0,21,0,0,0,0,0,0,0,0,0,63,0,0,427,78,0,0,0,0,0,0,0,0,0,0,0,0,0,0,0,0,0,0,0,10,0,0,0,0,0,0,0,,,,,,,,,,,,,,,,
458.763,0,0,0,0,0,0,0,0,12,0,0,0,0,77,30,3,4854,0,0,0,0,7,293,0,0,0,21,0,0,0,0,0,0,0,0,0,63,0,0,427,78,0,0,0,0,0,0,0,0,0,0,0,0,0,0,0,0,0,0,0,10,0,0,0,0,0,0,0,,,,,,,,,,,,,,,,
458.763,0,0,0,0,0,0,0,0,12,0,0,0,0,77,30,3,4854,0,0,0,0,7,293,0,0,0,21,0,0,0,0,0,0,0,0,0,63,0,0,427,78,0,0,0,0,0,0,0,0,0,0,0,0,0,0,0,0,0,0,0,10,0,0,0,0,0,0,0,,,,,,,,,,,,,,,,
459.336,0,0,0,0,0,0,0,0,12,0,0,0,0,77,30,3,4854,0,0,0,0,7,293,0,0,0,21,0,0,0,0,0,0,0,0,0,63,0,0,427,78,0,0,0,0,0,0,0,0,0,0,0,0,0,0,0,0,0,0,0,10,0,0,0,0,0,0,0,,,,,,,,,,,,,,,,
459.336,0,0,0,0,0,0,0,0,12,0,0,0,0,77,30,3,4854,0,0,0,0,7,293,0,0,0,21,0,0,0,0,0,0,0,0,0,63,0,0,427,78,0,0,0,0,0,0,0,0,0,0,0,0,0,0,0,0,0,0,0,10,0,0,0,0,0,0,0,,,,,,,,,,,,,,,,
459.336,0,0,0,0,0,0,0,0,12,0,0,0,0,77,30,3,4854,0,0,0,0,7,293,0,0,0,21,0,0,0,0,0,0,0,0,0,63,0,0,427,78,0,0,0,0,0,0,0,0,0,0,0,0,0,0,0,0,0,0,0,10,0,0,0,0,0,0,0,,,,,,,,,,,,,,,,
459.336,0,0,0,0,0,0,0,0,12,0,0,0,0,77,30,3,4854,0,0,0,0,7,293,0,0,0,21,0,0,0,0,0,0,0,0,0,63,0,0,427,78,0,0,0,0,0,0,0,0,0,0,0,0,0,0,0,0,0,0,0,10,0,0,0,0,0,0,0,,,,,,,,,,,,,,,,
459.902,0,0,0,0,0,0,0,0,12,0,0,0,0,77,30,3,4854,0,0,0,0,7,292,0,0,0,21,0,0,0,0,0,0,0,0,0,63,0,0,427,78,0,0,0,0,0,0,0,0,0,0,0,0,0,0,0,0,0,0,0,10,0,0,0,0,0,0,0,,,,,,,,,,,,,,,,
459.902,0,0,0,0,0,0,0,0,12,0,0,0,0,77,30,3,4854,0,0,0,0,7,292,0,0,0,21,0,0,0,0,0,0,0,0,0,63,0,0,418,78,0,0,0,0,0,0,0,0,0,0,0,0,0,0,0,0,0,0,0,10,0,0,0,0,0,0,0,,,,,,,,,,,,,,,,
459.902,0,0,0,0,0,0,0,0,12,0,0,0,0,77,30,3,4854,0,0,0,0,7,292,0,0,0,21,0,0,0,0,0,0,0,0,0,61,0,0,418,78,0,0,0,0,0,0,0,0,0,0,0,0,0,0,0,0,0,0,0,10,0,0,0,0,0,0,0,,,,,,,,,,,,,,,,
460.626,0,0,0,0,0,0,0,0,12,0,0,0,0,77,30,3,4854,0,0,0,0,7,292,0,0,0,22,0,0,0,0,0,0,0,0,0,61,0,0,418,78,0,0,0,0,0,0,0,0,0,0,0,0,0,0,0,0,0,0,0,10,0,0,0,0,0,0,0,,,,,,,,,,,,,,,,
460.626,0,0,0,0,0,0,0,0,12,0,0,0,0,77,30,3,4854,0,0,0,0,7,292,0,0,0,22,0,0,0,0,0,0,0,0,0,61,0,0,418,78,0,0,0,0,0,0,0,0,0,0,0,0,0,0,0,0,0,0,0,10,0,0,0,0,0,0,0,,,,,,,,,,,,,,,,
460.626,0,0,0,0,0,0,0,0,12,0,0,0,0,77,30,3,4854,0,0,0,0,7,292,0,0,0,22,0,0,0,0,0,0,0,0,0,61,0,0,418,79,0,0,0,0,0,0,0,0,0,0,0,0,0,0,0,0,0,0,0,10,0,0,0,0,0,0,0,,,,,,,,,,,,,,,,
461.621,0,0,0,0,0,0,0,0,12,0,0,0,0,77,30,3,4854,0,0,0,0,7,289,0,0,0,22,0,0,0,0,0,0,0,0,0,61,0,0,418,79,0,0,0,0,0,0,0,0,0,0,0,0,0,0,0,0,0,0,0,10,0,0,0,0,0,0,0,,,,,,,,,,,,,,,,
461.621,0,0,0,0,0,0,0,0,12,0,0,0,0,77,30,3,4854,0,0,0,0,7,289,0,0,0,22,0,0,0,0,0,0,0,0,0,61,0,0,424,79,0,0,0,0,0,0,0,0,0,0,0,0,0,0,0,0,0,0,0,10,0,0,0,0,0,0,0,,,,,,,,,,,,,,,,
461.621,0,0,0,0,0,0,0,0,12,0,0,0,0,77,30,3,4854,0,0,0,0,7,289,0,0,0,22,0,0,0,0,0,0,0,0,0,59,0,0,424,79,0,0,0,0,0,0,0,0,0,0,0,0,0,0,0,0,0,0,0,10,0,0,0,0,0,0,0,,,,,,,,,,,,,,,,
462.194,0,0,0,0,0,0,0,0,12,0,0,0,0,77,30,3,4854,0,0,0,0,7,289,0,0,0,22,0,0,0,0,0,0,0,0,0,59,0,0,424,79,0,0,0,0,0,0,0,0,0,0,0,0,0,0,0,0,0,0,0,10,0,0,0,0,0,0,0,,,,,,,,,,,,,,,,
462.194,0,0,0,0,0,0,0,0,12,0,0,0,0,77,30,3,4854,0,0,0,0,7,289,0,0,0,22,0,0,0,0,0,0,0,0,0,59,0,0,424,79,0,0,0,0,0,0,0,0,0,0,0,0,0,0,0,0,0,0,0,10,0,0,0,0,0,0,0,,,,,,,,,,,,,,,,
462.194,0,0,0,0,0,0,0,0,12,0,0,0,0,77,30,3,4854,0,0,0,0,7,289,0,0,0,22,0,0,0,0,0,0,0,0,0,59,0,0,424,79,0,0,0,0,0,0,0,0,0,0,0,0,0,0,0,0,0,0,0,5,0,0,0,0,0,0,0,,,,,,,,,,,,,,,,
462.762,0,0,0,0,0,0,0,0,12,0,0,0,0,77,30,3,4854,0,0,0,0,7,289,0,0,0,22,0,0,0,0,0,0,0,0,0,59,0,0,424,79,0,0,0,0,0,0,0,0,0,0,0,0,0,0,0,0,0,0,0,5,0,0,0,0,0,0,0,,,,,,,,,,,,,,,,
462.762,0,0,0,0,0,0,0,0,12,0,0,0,0,77,30,3,4854,0,0,0,0,7,289,0,0,0,22,0,0,0,0,0,0,0,0,0,59,0,0,424,79,0,0,0,0,0,0,0,0,0,0,0,0,0,0,0,0,0,0,0,5,0,0,0,0,0,0,0,,,,,,,,,,,,,,,,
462.762,0,0,0,0,0,0,0,0,12,0,0,0,0,77,30,3,4854,0,0,0,0,7,289,0,0,0,22,0,0,0,0,0,0,0,0,0,59,0,0,424,79,0,0,0,0,0,0,0,0,0,0,0,0,0,0,0,0,0,0,0,5,0,0,0,0,0,0,0,,,,,,,,,,,,,,,,
462.762,0,0,0,0,0,0,0,0,12,0,0,0,0,77,30,3,4409,0,0,0,0,7,289,0,0,0,22,0,0,0,0,0,0,0,0,0,59,0,0,424,79,0,0,0,0,0,0,0,0,0,0,0,0,0,0,0,0,0,0,0,5,0,0,0,0,0,0,0,,,,,,,,,,,,,,,,
463.336,0,0,0,0,0,0,0,0,12,0,0,0,0,77,30,3,4409,0,0,0,0,7,289,0,0,0,22,0,0,0,0,0,0,0,0,0,59,0,0,424,79,0,0,0,0,0,0,0,0,0,0,0,0,0,0,0,0,0,0,0,5,0,0,0,0,0,0,0,,,,,,,,,,,,,,,,
463.336,0,0,0,0,0,0,0,0,12,0,0,0,0,77,30,3,4409,0,0,0,0,7,289,0,0,0,22,0,0,0,0,0,0,0,0,0,59,0,0,424,79,0,0,0,0,0,0,0,0,0,0,0,0,0,0,0,0,0,0,0,5,0,0,0,0,0,0,0,,,,,,,,,,,,,,,,
463.336,0,0,0,0,0,0,0,0,12,0,0,0,0,77,30,3,4409,0,0,0,0,7,289,0,0,0,22,0,0,0,0,0,0,0,0,0,59,0,0,424,79,0,0,0,0,0,0,0,0,0,0,0,0,0,0,0,0,0,0,0,5,0,0,0,0,0,0,0,,,,,,,,,,,,,,,,
463.903,0,0,0,0,0,0,0,0,12,0,0,0,0,77,30,3,4409,0,0,0,0,7,290,0,0,0,22,0,0,0,0,0,0,0,0,0,59,0,0,424,79,0,0,0,0,0,0,0,0,0,0,0,0,0,0,0,0,0,0,0,5,0,0,0,0,0,0,0,,,,,,,,,,,,,,,,
463.903,0,0,0,0,0,0,0,0,12,0,0,0,0,77,30,3,4409,0,0,0,0,7,290,0,0,0,22,0,0,0,0,0,0,0,0,0,59,0,0,422,79,0,0,0,0,0,0,0,0,0,0,0,0,0,0,0,0,0,0,0,5,0,0,0,0,0,0,0,,,,,,,,,,,,,,,,
463.903,0,0,0,0,0,0,0,0,12,0,0,0,0,77,30,3,4409,0,0,0,0,7,290,0,0,0,22,0,0,0,0,0,0,0,0,0,60,0,0,422,79,0,0,0,0,0,0,0,0,0,0,0,0,0,0,0,0,0,0,0,5,0,0,0,0,0,0,0,,,,,,,,,,,,,,,,
464.474,0,0,0,0,0,0,0,0,12,0,0,0,0,77,30,3,4409,0,0,0,0,7,290,0,0,0,22,0,0,0,0,0,0,0,0,0,60,0,0,422,79,0,0,0,0,0,0,0,0,0,0,0,0,0,0,0,0,0,0,0,5,0,0,0,0,0,0,0,,,,,,,,,,,,,,,,
464.474,0,0,0,0,0,0,0,0,12,0,0,0,0,77,30,3,4409,0,0,0,0,7,290,0,0,0,22,0,0,0,0,0,0,0,0,0,60,0,0,422,79,0,0,0,0,0,0,0,0,0,0,0,0,0,0,0,0,0,0,0,5,0,0,0,0,0,0,0,,,,,,,,,,,,,,,,
464.474,0,0,0,0,0,0,0,0,12,0,0,0,0,77,30,3,4409,0,0,0,0,7,290,0,0,0,22,0,0,0,0,0,0,0,0,0,60,0,0,422,79,0,0,0,0,0,0,0,0,0,0,0,0,0,0,0,0,0,0,0,5,0,0,0,0,0,0,0,,,,,,,,,,,,,,,,
464.474,0,0,0,0,0,0,0,0,12,0,0,0,0,77,30,3,4409,0,0,0,0,7,290,0,0,0,22,0,0,0,0,0,0,0,0,0,60,0,0,422,79,0,0,0,0,0,0,0,0,0,0,0,0,0,0,0,0,0,0,0,5,0,0,0,0,0,0,0,,,,,,,,,,,,,,,,
465.044,0,0,0,0,0,0,0,0,12,0,0,0,0,77,30,3,4409,0,0,0,0,7,290,0,0,0,21,0,0,0,0,0,0,0,0,0,60,0,0,422,79,0,0,0,0,0,0,0,0,0,0,0,0,0,0,0,0,0,0,0,5,0,0,0,0,0,0,0,,,,,,,,,,,,,,,,
465.044,0,0,0,0,0,0,0,0,12,0,0,0,0,77,30,3,4409,0,0,0,0,7,290,0,0,0,21,0,0,0,0,0,0,0,0,0,60,0,0,422,79,0,0,0,0,0,0,0,0,0,0,0,0,0,0,0,0,0,0,0,5,0,0,0,0,0,0,0,,,,,,,,,,,,,,,,
465.044,0,0,0,0,0,0,0,0,12,0,0,0,0,77,30,3,4409,0,0,0,0,7,290,0,0,0,21,0,0,0,0,0,0,0,0,0,60,0,0,422,79,0,0,0,0,0,0,0,0,0,0,0,0,0,0,0,0,0,0,0,5,0,0,0,0,0,0,0,,,,,,,,,,,,,,,,
465.623,0,0,0,0,0,0,0,0,12,0,0,0,0,77,30,3,4409,0,0,0,0,7,291,0,0,0,21,0,0,0,0,0,0,0,0,0,60,0,0,422,79,0,0,0,0,0,0,0,0,0,0,0,0,0,0,0,0,0,0,0,5,0,0,0,0,0,0,0,,,,,,,,,,,,,,,,
465.623,0,0,0,0,0,0,0,0,12,0,0,0,0,77,30,3,4409,0,0,0,0,7,291,0,0,0,21,0,0,0,0,0,0,0,0,0,60,0,0,421,79,0,0,0,0,0,0,0,0,0,0,0,0,0,0,0,0,0,0,0,5,0,0,0,0,0,0,0,,,,,,,,,,,,,,,,
465.623,0,0,0,0,0,0,0,0,12,0,0,0,0,77,30,3,4409,0,0,0,0,7,291,0,0,0,21,0,0,0,0,0,0,0,0,0,60,0,0,421,79,0,0,0,0,0,0,0,0,0,0,0,0,0,0,0,0,0,0,0,5,0,0,0,0,0,0,0,,,,,,,,,,,,,,,,
466.188,0,0,0,0,0,0,0,0,12,0,0,0,0,77,30,3,4409,0,0,0,0,7,291,0,0,0,21,0,0,0,0,0,0,0,0,0,60,0,0,421,79,0,0,0,0,0,0,0,0,0,0,0,0,0,0,0,0,0,0,0,5,0,0,0,0,0,0,0,,,,,,,,,,,,,,,,
466.188,0,0,0,0,0,0,0,0,12,0,0,0,0,77,30,3,4409,0,0,0,0,8,291,0,0,0,21,0,0,0,0,0,0,0,0,0,60,0,0,421,79,0,0,0,0,0,0,0,0,0,0,0,0,0,0,0,0,0,0,0,5,0,0,0,0,0,0,0,,,,,,,,,,,,,,,,
466.188,0,0,0,0,0,0,0,0,12,0,0,0,0,77,30,3,4409,0,0,0,0,8,291,0,0,0,21,0,0,0,0,0,0,0,0,0,60,0,0,421,79,0,0,0,0,0,0,0,0,0,0,0,0,0,0,0,0,0,0,0,9,0,0,0,0,0,0,0,,,,,,,,,,,,,,,,
466.759,0,0,0,0,0,0,0,0,12,0,0,0,0,77,30,3,4409,0,0,0,0,8,291,0,0,0,21,0,0,0,0,0,0,0,0,0,60,0,0,421,79,0,0,0,0,0,0,0,0,0,0,0,0,0,0,0,0,0,0,0,9,0,0,0,0,0,0,0,,,,,,,,,,,,,,,,
466.759,0,0,0,0,0,0,0,0,12,0,0,0,0,77,30,3,4409,0,0,0,0,8,291,0,0,0,21,0,0,0,0,0,0,0,0,0,60,0,0,421,79,0,0,0,0,0,0,0,0,0,0,0,0,0,0,0,0,0,0,0,9,0,0,0,0,0,0,0,,,,,,,,,,,,,,,,
466.759,0,0,0,0,0,0,0,0,12,0,0,0,0,77,30,3,4409,0,0,0,0,8,291,0,0,0,21,0,0,0,0,0,0,0,0,0,60,0,0,421,79,0,0,0,0,0,0,0,0,0,0,0,0,0,0,0,0,0,0,0,9,0,0,0,0,0,0,0,,,,,,,,,,,,,,,,
467.625,0,0,0,0,0,0,0,0,12,0,0,0,0,77,30,3,4409,0,0,0,0,8,293,0,0,0,21,0,0,0,0,0,0,0,0,0,60,0,0,421,79,0,0,0,0,0,0,0,0,0,0,0,0,0,0,0,0,0,0,0,9,0,0,0,0,0,0,0,,,,,,,,,,,,,,,,
467.625,0,0,0,0,0,0,0,0,12,0,0,0,0,77,30,3,4409,0,0,0,0,8,293,0,0,0,21,0,0,0,0,0,0,0,0,0,60,0,0,421,79,0,0,0,0,0,0,0,0,0,0,0,0,0,0,0,0,0,0,0,9,0,0,0,0,0,0,0,,,,,,,,,,,,,,,,
467.625,0,0,0,0,0,0,0,0,12,0,0,0,0,77,30,3,4409,0,0,0,0,8,293,0,0,0,21,0,0,0,0,0,0,0,0,0,62,0,0,421,79,0,0,0,0,0,0,0,0,0,0,0,0,0,0,0,0,0,0,0,9,0,0,0,0,0,0,0,,,,,,,,,,,,,,,,
468.623,0,0,0,0,0,0,0,0,12,0,0,0,0,77,30,3,4409,0,0,0,0,8,293,0,0,0,21,0,0,0,0,0,0,0,0,0,62,0,0,421,79,0,0,0,0,0,0,0,0,0,0,0,0,0,0,0,0,0,0,0,9,0,0,0,0,0,0,0,,,,,,,,,,,,,,,,
468.623,0,0,0,0,0,0,0,0,12,0,0,0,0,77,30,3,4409,0,0,0,0,8,293,0,0,0,21,0,0,0,0,0,0,0,0,0,62,0,0,421,79,0,0,0,0,0,0,0,0,0,0,0,0,0,0,0,0,0,0,0,9,0,0,0,0,0,0,0,,,,,,,,,,,,,,,,
468.623,0,0,0,0,0,0,0,0,12,0,0,0,0,77,30,3,4409,0,0,0,0,8,293,0,0,0,21,0,0,0,0,0,0,0,0,0,62,0,0,421,79,0,0,0,0,0,0,0,0,0,0,0,0,0,0,0,0,0,0,0,9,0,0,0,0,0,0,0,,,,,,,,,,,,,,,,
469.195,0,0,0,0,0,0,0,0,12,0,0,0,0,77,30,3,4409,0,0,0,0,8,293,0,0,0,21,0,0,0,0,0,0,0,0,0,62,0,0,421,79,0,0,0,0,0,0,0,0,0,0,0,0,0,0,0,0,0,0,0,9,0,0,0,0,0,0,0,,,,,,,,,,,,,,,,
469.195,0,0,0,0,0,0,0,0,12,0,0,0,0,77,30,3,4409,0,0,0,0,8,293,0,0,0,21,0,0,0,0,0,0,0,0,0,62,0,0,421,79,0,0,0,0,0,0,0,0,0,0,0,0,0,0,0,0,0,0,0,9,0,0,0,0,0,0,0,,,,,,,,,,,,,,,,
469.195,0,0,0,0,0,0,0,0,12,0,0,0,0,77,30,3,4409,0,0,0,0,8,293,0,0,0,21,0,0,0,0,0,0,0,0,0,62,0,0,421,79,0,0,0,0,0,0,0,0,0,0,0,0,0,0,0,0,0,0,0,9,0,0,0,0,0,0,0,,,,,,,,,,,,,,,,
469.195,0,0,0,0,0,0,0,0,12,0,0,0,0,77,30,3,4409,0,0,0,0,8,293,0,0,0,21,0,0,0,0,0,0,0,0,0,62,0,0,421,79,0,0,0,0,0,0,0,0,0,0,0,0,0,0,0,0,0,0,0,9,0,0,0,0,0,0,0,,,,,,,,,,,,,,,,
469.763,0,0,0,0,0,0,0,0,12,0,0,0,0,77,30,3,4409,0,0,0,0,8,292,0,0,0,21,0,0,0,0,0,0,0,0,0,62,0,0,421,79,0,0,0,0,0,0,0,0,0,0,0,0,0,0,0,0,0,0,0,9,0,0,0,0,0,0,0,,,,,,,,,,,,,,,,
469.763,0,0,0,0,0,0,0,0,12,0,0,0,0,77,30,3,4409,0,0,0,0,8,292,0,0,0,21,0,0,0,0,0,0,0,0,0,62,0,0,423,79,0,0,0,0,0,0,0,0,0,0,0,0,0,0,0,0,0,0,0,9,0,0,0,0,0,0,0,,,,,,,,,,,,,,,,
469.763,0,0,0,0,0,0,0,0,12,0,0,0,0,77,30,3,4409,0,0,0,0,8,292,0,0,0,21,0,0,0,0,0,0,0,0,0,61,0,0,423,79,0,0,0,0,0,0,0,0,0,0,0,0,0,0,0,0,0,0,0,9,0,0,0,0,0,0,0,,,,,,,,,,,,,,,,
470.335,0,0,0,0,0,0,0,0,12,0,0,0,0,77,30,3,4409,0,0,0,0,8,292,0,0,0,21,0,0,0,0,0,0,0,0,0,61,0,0,423,79,0,0,0,0,0,0,0,0,0,0,0,0,0,0,0,0,0,0,0,9,0,0,0,0,0,0,0,,,,,,,,,,,,,,,,
470.335,0,0,0,0,0,0,0,0,12,0,0,0,0,77,30,3,4409,0,0,0,0,8,292,0,0,0,21,0,0,0,0,0,0,0,0,0,61,0,0,423,79,0,0,0,0,0,0,0,0,0,0,0,0,0,0,0,0,0,0,0,9,0,0,0,0,0,0,0,,,,,,,,,,,,,,,,
470.335,0,0,0,0,0,0,0,0,12,0,0,0,0,77,30,3,4409,0,0,0,0,8,292,0,0,0,21,0,0,0,0,0,0,0,0,0,61,0,0,423,79,0,0,0,0,0,0,0,0,0,0,0,0,0,0,0,0,0,0,0,8,0,0,0,0,0,0,0,,,,,,,,,,,,,,,,
470.901,0,0,0,0,0,0,0,0,12,0,0,0,0,77,30,3,4409,0,0,0,0,8,292,0,0,0,21,0,0,0,0,0,0,0,0,0,61,0,0,423,79,0,0,0,0,0,0,0,0,0,0,0,0,0,0,0,0,0,0,0,8,0,0,0,0,0,0,0,,,,,,,,,,,,,,,,
470.901,0,0,0,0,0,0,0,0,12,0,0,0,0,77,30,3,4409,0,0,0,0,8,292,0,0,0,21,0,0,0,0,0,0,0,0,0,61,0,0,423,79,0,0,0,0,0,0,0,0,0,0,0,0,0,0,0,0,0,0,0,8,0,0,0,0,0,0,0,,,,,,,,,,,,,,,,
470.901,0,0,0,0,0,0,0,0,12,0,0,0,0,77,30,3,4409,0,0,0,0,8,292,0,0,0,21,0,0,0,0,0,0,0,0,0,61,0,0,423,79,0,0,0,0,0,0,0,0,0,0,0,0,0,0,0,0,0,0,0,8,0,0,0,0,0,0,0,,,,,,,,,,,,,,,,
470.901,0,0,0,0,0,0,0,0,12,0,0,0,0,77,30,3,4542,0,0,0,0,8,292,0,0,0,21,0,0,0,0,0,0,0,0,0,61,0,0,423,79,0,0,0,0,0,0,0,0,0,0,0,0,0,0,0,0,0,0,0,8,0,0,0,0,0,0,0,,,,,,,,,,,,,,,,
471.471,0,0,0,0,0,0,0,0,12,0,0,0,0,77,30,3,4542,0,0,0,0,8,292,0,0,0,21,0,0,0,0,0,0,0,0,0,61,0,0,423,79,0,0,0,0,0,0,0,0,0,0,0,0,0,0,0,0,0,0,0,8,0,0,0,0,0,0,0,,,,,,,,,,,,,,,,
471.471,0,0,0,0,0,0,0,0,12,0,0,0,0,77,30,3,4542,0,0,0,0,8,292,0,0,0,21,0,0,0,0,0,0,0,0,0,61,0,0,423,79,0,0,0,0,0,0,0,0,0,0,0,0,0,0,0,0,0,0,0,8,0,0,0,0,0,0,0,,,,,,,,,,,,,,,,
471.471,0,0,0,0,0,0,0,0,12,0,0,0,0,77,30,3,4542,0,0,0,0,8,292,0,0,0,21,0,0,0,0,0,0,0,0,0,61,0,0,423,79,0,0,0,0,0,0,0,0,0,0,0,0,0,0,0,0,0,0,0,8,0,0,0,0,0,0,0,,,,,,,,,,,,,,,,
472.045,0,0,0,0,0,0,0,0,12,0,0,0,0,77,30,3,4542,0,0,0,0,8,292,0,0,0,21,0,0,0,0,0,0,0,0,0,61,0,0,423,79,0,0,0,0,0,0,0,0,0,0,0,0,0,0,0,0,0,0,0,8,0,0,0,0,0,0,0,,,,,,,,,,,,,,,,
472.045,0,0,0,0,0,0,0,0,12,0,0,0,0,77,30,3,4542,0,0,0,0,8,292,0,0,0,21,0,0,0,0,0,0,0,0,0,61,0,0,425,79,0,0,0,0,0,0,0,0,0,0,0,0,0,0,0,0,0,0,0,8,0,0,0,0,0,0,0,,,,,,,,,,,,,,,,
472.045,0,0,0,0,0,0,0,0,12,0,0,0,0,77,30,3,4542,0,0,0,0,8,292,0,0,0,21,0,0,0,0,0,0,0,0,0,61,0,0,425,79,0,0,0,0,0,0,0,0,0,0,0,0,0,0,0,0,0,0,0,8,0,0,0,0,0,0,0,,,,,,,,,,,,,,,,
472.625,0,0,0,0,0,0,0,0,12,0,0,0,0,77,30,3,4542,0,0,0,0,8,292,0,0,0,20,0,0,0,0,0,0,0,0,0,61,0,0,425,79,0,0,0,0,0,0,0,0,0,0,0,0,0,0,0,0,0,0,0,8,0,0,0,0,0,0,0,,,,,,,,,,,,,,,,
472.625,0,0,0,0,0,0,0,0,12,0,0,0,0,77,30,3,4542,0,0,0,0,8,292,0,0,0,20,0,0,0,0,0,0,0,0,0,61,0,0,425,79,0,0,0,0,0,0,0,0,0,0,0,0,0,0,0,0,0,0,0,8,0,0,0,0,0,0,0,,,,,,,,,,,,,,,,
472.625,0,0,0,0,0,0,0,0,12,0,0,0,0,77,30,3,4542,0,0,0,0,8,292,0,0,0,20,0,0,0,0,0,0,0,0,0,61,0,0,425,79,0,0,0,0,0,0,0,0,0,0,0,0,0,0,0,0,0,0,0,8,0,0,0,0,0,0,0,,,,,,,,,,,,,,,,
473.622,0,0,0,0,0,0,0,0,12,0,0,0,0,77,30,3,4542,0,0,0,0,8,296,0,0,0,20,0,0,0,0,0,0,0,0,0,61,0,0,425,79,0,0,0,0,0,0,0,0,0,0,0,0,0,0,0,0,0,0,0,8,0,0,0,0,0,0,0,,,,,,,,,,,,,,,,
473.622,0,0,0,0,0,0,0,0,12,0,0,0,0,77,30,3,4542,0,0,0,0,8,296,0,0,0,20,0,0,0,0,0,0,0,0,0,61,0,0,426,79,0,0,0,0,0,0,0,0,0,0,0,0,0,0,0,0,0,0,0,8,0,0,0,0,0,0,0,,,,,,,,,,,,,,,,
473.622,0,0,0,0,0,0,0,0,12,0,0,0,0,77,30,3,4542,0,0,0,0,8,296,0,0,0,20,0,0,0,0,0,0,0,0,0,66,0,0,426,79,0,0,0,0,0,0,0,0,0,0,0,0,0,0,0,0,0,0,0,8,0,0,0,0,0,0,0,,,,,,,,,,,,,,,,
474.195,0,0,0,0,0,0,0,0,12,0,0,0,0,77,30,3,4542,0,0,0,0,8,296,0,0,0,20,0,0,0,0,0,0,0,0,0,66,0,0,426,79,0,0,0,0,0,0,0,0,0,0,0,0,0,0,0,0,0,0,0,8,0,0,0,0,0,0,0,,,,,,,,,,,,,,,,
474.195,0,0,0,0,0,0,0,0,12,0,0,0,0,77,30,3,4542,0,0,0,0,9,296,0,0,0,20,0,0,0,0,0,0,0,0,0,66,0,0,426,79,0,0,0,0,0,0,0,0,0,0,0,0,0,0,0,0,0,0,0,8,0,0,0,0,0,0,0,,,,,,,,,,,,,,,,
474.195,0,0,0,0,0,0,0,0,12,0,0,0,0,77,30,3,4542,0,0,0,0,9,296,0,0,0,20,0,0,0,0,0,0,0,0,0,66,0,0,426,79,0,0,0,0,0,0,0,0,0,0,0,0,0,0,0,0,0,0,0,14,0,0,0,0,0,0,0,,,,,,,,,,,,,,,,
474.765,0,0,0,0,0,0,0,0,12,0,0,0,0,77,30,3,4542,0,0,0,0,9,296,0,0,0,20,0,0,0,0,0,0,0,0,0,66,0,0,426,79,0,0,0,0,0,0,0,0,0,0,0,0,0,0,0,0,0,0,0,14,0,0,0,0,0,0,0,,,,,,,,,,,,,,,,
474.765,0,0,0,0,0,0,0,0,12,0,0,0,0,77,30,3,4542,0,0,0,0,9,296,0,0,0,20,0,0,0,0,0,0,0,0,0,66,0,0,426,79,0,0,0,0,0,0,0,0,0,0,0,0,0,0,0,0,0,0,0,14,0,0,0,0,0,0,0,,,,,,,,,,,,,,,,
474.765,0,0,0,0,0,0,0,0,12,0,0,0,0,77,30,3,4542,0,0,0,0,9,296,0,0,0,20,0,0,0,0,0,0,0,0,0,66,0,0,426,79,0,0,0,0,0,0,0,0,0,0,0,0,0,0,0,0,0,0,0,14,0,0,0,0,0,0,0,,,,,,,,,,,,,,,,
475.336,0,0,0,0,0,0,0,0,12,0,0,0,0,77,30,3,4542,0,0,0,0,9,296,0,0,0,20,0,0,0,0,0,0,0,0,0,66,0,0,426,79,0,0,0,0,0,0,0,0,0,0,0,0,0,0,0,0,0,0,0,14,0,0,0,0,0,0,0,,,,,,,,,,,,,,,,
475.336,0,0,0,0,0,0,0,0,12,0,0,0,0,77,30,3,4542,0,0,0,0,9,296,0,0,0,20,0,0,0,0,0,0,0,0,0,66,0,0,426,79,0,0,0,0,0,0,0,0,0,0,0,0,0,0,0,0,0,0,0,14,0,0,0,0,0,0,0,,,,,,,,,,,,,,,,
475.336,0,0,0,0,0,0,0,0,12,0,0,0,0,77,30,3,4542,0,0,0,0,9,296,0,0,0,20,0,0,0,0,0,0,0,0,0,66,0,0,426,79,0,0,0,0,0,0,0,0,0,0,0,0,0,0,0,0,0,0,0,14,0,0,0,0,0,0,0,,,,,,,,,,,,,,,,
475.336,0,0,0,0,0,0,0,0,12,0,0,0,0,77,30,3,4542,0,0,0,0,9,296,0,0,0,20,0,0,0,0,0,0,0,0,0,66,0,0,426,79,0,0,0,0,0,0,0,0,0,0,0,0,0,0,0,0,0,0,0,14,0,0,0,0,0,0,0,,,,,,,,,,,,,,,,
475.906,0,0,0,0,0,0,0,0,12,0,0,0,0,77,30,3,4542,0,0,0,0,9,293,0,0,0,20,0,0,0,0,0,0,0,0,0,66,0,0,426,79,0,0,0,0,0,0,0,0,0,0,0,0,0,0,0,0,0,0,0,14,0,0,0,0,0,0,0,,,,,,,,,,,,,,,,
475.906,0,0,0,0,0,0,0,0,12,0,0,0,0,77,30,3,4542,0,0,0,0,9,293,0,0,0,20,0,0,0,0,0,0,0,0,0,66,0,0,421,79,0,0,0,0,0,0,0,0,0,0,0,0,0,0,0,0,0,0,0,14,0,0,0,0,0,0,0,,,,,,,,,,,,,,,,
475.906,0,0,0,0,0,0,0,0,12,0,0,0,0,77,30,3,4542,0,0,0,0,9,293,0,0,0,20,0,0,0,0,0,0,0,0,0,62,0,0,421,79,0,0,0,0,0,0,0,0,0,0,0,0,0,0,0,0,0,0,0,14,0,0,0,0,0,0,0,,,,,,,,,,,,,,,,
476.622,0,0,0,0,0,0,0,0,12,0,0,0,0,77,30,3,4542,0,0,0,0,9,293,0,0,0,21,0,0,0,0,0,0,0,0,0,62,0,0,421,79,0,0,0,0,0,0,0,0,0,0,0,0,0,0,0,0,0,0,0,14,0,0,0,0,0,0,0,,,,,,,,,,,,,,,,
476.622,0,0,0,0,0,0,0,0,12,0,0,0,0,78,30,3,4542,0,0,0,0,9,293,0,0,0,21,0,0,0,0,0,0,0,0,0,62,0,0,421,79,0,0,0,0,0,0,0,0,0,0,0,0,0,0,0,0,0,0,0,14,0,0,0,0,0,0,0,,,,,,,,,,,,,,,,
476.622,0,0,0,0,0,0,0,0,12,0,0,0,0,78,30,3,4542,0,0,0,0,9,293,0,0,0,21,0,0,0,0,0,0,0,0,0,62,0,0,421,79,0,0,0,0,0,0,0,0,0,0,0,0,0,0,0,0,0,0,0,14,0,0,0,0,0,0,0,,,,,,,,,,,,,,,,
477.624,0,0,0,0,0,0,0,0,12,0,0,0,0,78,30,3,4542,0,0,0,0,9,279,0,0,0,21,0,0,0,0,0,0,0,0,0,62,0,0,421,79,0,0,0,0,0,0,0,0,0,0,0,0,0,0,0,0,0,0,0,14,0,0,0,0,0,0,0,,,,,,,,,,,,,,,,
477.624,0,0,0,0,0,0,0,0,12,0,0,0,0,78,30,3,4542,0,0,0,0,9,279,0,0,0,21,0,0,0,0,0,0,0,0,0,62,0,0,413,79,0,0,0,0,0,0,0,0,0,0,0,0,0,0,0,0,0,0,0,14,0,0,0,0,0,0,0,,,,,,,,,,,,,,,,
477.624,0,0,0,0,0,0,0,0,12,0,0,0,0,78,30,3,4542,0,0,0,0,9,279,0,0,0,21,0,0,0,0,0,0,0,0,0,47,0,0,413,79,0,0,0,0,0,0,0,0,0,0,0,0,0,0,0,0,0,0,0,14,0,0,0,0,0,0,0,,,,,,,,,,,,,,,,
478.197,0,0,0,0,0,0,0,0,12,0,0,0,0,78,30,3,4542,0,0,0,0,9,279,0,0,0,21,0,0,0,0,0,0,0,0,0,47,0,0,413,79,0,0,0,0,0,0,0,0,0,0,0,0,0,0,0,0,0,0,0,14,0,0,0,0,0,0,0,,,,,,,,,,,,,,,,
478.197,0,0,0,0,0,0,0,0,12,0,0,0,0,78,30,3,4542,0,0,0,0,9,279,0,0,0,21,0,0,0,0,0,0,0,0,0,47,0,0,413,79,0,0,0,0,0,0,0,0,0,0,0,0,0,0,0,0,0,0,0,14,0,0,0,0,0,0,0,,,,,,,,,,,,,,,,
478.197,0,0,0,0,0,0,0,0,12,0,0,0,0,78,30,3,4542,0,0,0,0,9,279,0,0,0,21,0,0,0,0,0,0,0,0,0,47,0,0,413,79,0,0,0,0,0,0,0,0,0,0,0,0,0,0,0,0,0,0,0,5,0,0,0,0,0,0,0,,,,,,,,,,,,,,,,
478.766,0,0,0,0,0,0,0,0,12,0,0,0,0,78,30,3,4542,0,0,0,0,9,279,0,0,0,21,0,0,0,0,0,0,0,0,0,47,0,0,413,79,0,0,0,0,0,0,0,0,0,0,0,0,0,0,0,0,0,0,0,5,0,0,0,0,0,0,0,,,,,,,,,,,,,,,,
478.766,0,0,0,0,0,0,0,0,12,0,0,0,0,78,30,3,4542,0,0,0,0,9,279,0,0,0,21,0,0,0,0,0,0,0,0,0,47,0,0,413,79,0,0,0,0,0,0,0,0,0,0,0,0,0,0,0,0,0,0,0,5,0,0,0,0,0,0,0,,,,,,,,,,,,,,,,
478.766,0,0,0,0,0,0,0,0,12,0,0,0,0,78,30,3,4542,0,0,0,0,9,279,0,0,0,21,0,0,0,0,0,0,0,0,0,47,0,0,413,79,0,0,0,0,0,0,0,0,0,0,0,0,0,0,0,0,0,0,0,5,0,0,0,0,0,0,0,,,,,,,,,,,,,,,,
478.766,0,0,0,0,0,0,0,0,12,0,0,0,0,78,30,3,3796,0,0,0,0,9,279,0,0,0,21,0,0,0,0,0,0,0,0,0,47,0,0,413,79,0,0,0,0,0,0,0,0,0,0,0,0,0,0,0,0,0,0,0,5,0,0,0,0,0,0,0,,,,,,,,,,,,,,,,
479.337,0,0,0,0,0,0,0,0,12,0,0,0,0,78,30,3,3796,0,0,0,0,9,279,0,0,0,22,0,0,0,0,0,0,0,0,0,47,0,0,413,79,0,0,0,0,0,0,0,0,0,0,0,0,0,0,0,0,0,0,0,5,0,0,0,0,0,0,0,,,,,,,,,,,,,,,,
479.337,0,0,0,0,0,0,0,0,12,0,0,0,0,78,30,3,3796,0,0,0,0,9,279,0,0,0,22,0,0,0,0,0,0,0,0,0,47,0,0,413,79,0,0,0,0,0,0,0,0,0,0,0,0,0,0,0,0,0,0,0,5,0,0,0,0,0,0,0,,,,,,,,,,,,,,,,
479.337,0,0,0,0,0,0,0,0,12,0,0,0,0,78,30,3,3796,0,0,0,0,9,279,0,0,0,22,0,0,0,0,0,0,0,0,0,47,0,0,413,79,0,0,0,0,0,0,0,0,0,0,0,0,0,0,0,0,0,0,0,5,0,0,0,0,0,0,0,,,,,,,,,,,,,,,,
479.906,0,0,0,0,0,0,0,0,12,0,0,0,0,78,30,3,3796,0,0,0,0,9,282,0,0,0,22,0,0,0,0,0,0,0,0,0,47,0,0,413,79,0,0,0,0,0,0,0,0,0,0,0,0,0,0,0,0,0,0,0,5,0,0,0,0,0,0,0,,,,,,,,,,,,,,,,
479.906,0,0,0,0,0,0,0,0,12,0,0,0,0,78,30,3,3796,0,0,0,0,9,282,0,0,0,22,0,0,0,0,0,0,0,0,0,47,0,0,408,79,0,0,0,0,0,0,0,0,0,0,0,0,0,0,0,0,0,0,0,5,0,0,0,0,0,0,0,,,,,,,,,,,,,,,,
479.906,0,0,0,0,0,0,0,0,12,0,0,0,0,78,30,3,3796,0,0,0,0,9,282,0,0,0,22,0,0,0,0,0,0,0,0,0,51,0,0,408,79,0,0,0,0,0,0,0,0,0,0,0,0,0,0,0,0,0,0,0,5,0,0,0,0,0,0,0,,,,,,,,,,,,,,,,
480.473,0,0,0,0,0,0,0,0,12,0,0,0,0,78,30,3,3796,0,0,0,0,9,282,0,0,0,22,0,0,0,0,0,0,0,0,0,51,0,0,408,79,0,0,0,0,0,0,0,0,0,0,0,0,0,0,0,0,0,0,0,5,0,0,0,0,0,0,0,,,,,,,,,,,,,,,,
480.473,0,0,0,0,0,0,0,0,12,0,0,0,0,78,30,3,3796,0,0,0,0,9,282,0,0,0,22,0,0,0,0,0,0,0,0,0,51,0,0,408,79,0,0,0,0,0,0,0,0,0,0,0,0,0,0,0,0,0,0,0,5,0,0,0,0,0,0,0,,,,,,,,,,,,,,,,
480.473,0,0,0,0,0,0,0,0,12,0,0,0,0,78,30,3,3796,0,0,0,0,9,282,0,0,0,22,0,0,0,0,0,0,0,0,0,51,0,0,408,79,0,0,0,0,0,0,0,0,0,0,0,0,0,0,0,0,0,0,0,5,0,0,0,0,0,0,0,,,,,,,,,,,,,,,,
480.473,0,0,0,0,0,0,0,0,12,0,0,0,0,78,30,3,3796,0,0,0,0,9,282,0,0,0,22,0,0,0,0,0,0,0,0,0,51,0,0,408,79,0,0,0,0,0,0,0,0,0,0,0,0,0,0,0,0,0,0,0,5,0,0,0,0,0,0,0,,,,,,,,,,,,,,,,
481.122,0,0,0,0,0,0,0,0,12,0,0,0,0,78,30,3,3796,0,0,0,0,9,282,0,0,0,22,0,0,0,0,0,0,0,0,0,51,0,0,408,79,0,0,0,0,0,0,0,0,0,0,0,0,0,0,0,0,0,0,0,5,0,0,0,0,0,0,0,,,,,,,,,,,,,,,,
481.122,0,0,0,0,0,0,0,0,12,0,0,0,0,78,30,3,3796,0,0,0,0,9,282,0,0,0,22,0,0,0,0,0,0,0,0,0,51,0,0,408,79,0,0,0,0,0,0,0,0,0,0,0,0,0,0,0,0,0,0,0,5,0,0,0,0,0,0,0,,,,,,,,,,,,,,,,
481.122,0,0,0,0,0,0,0,0,12,0,0,0,0,78,30,3,3796,0,0,0,0,9,282,0,0,0,22,0,0,0,0,0,0,0,0,0,51,0,0,408,79,0,0,0,0,0,0,0,0,0,0,0,0,0,0,0,0,0,0,0,5,0,0,0,0,0,0,0,,,,,,,,,,,,,,,,
481.693,0,0,0,0,0,0,0,0,12,0,0,0,0,78,30,3,3796,0,0,0,0,9,282,0,0,0,22,0,0,0,0,0,0,0,0,0,51,0,0,408,79,0,0,0,0,0,0,0,0,0,0,0,0,0,0,0,0,0,0,0,5,0,0,0,0,0,0,0,,,,,,,,,,,,,,,,
481.693,0,0,0,0,0,0,0,0,12,0,0,0,0,78,30,3,3796,0,0,0,0,9,282,0,0,0,22,0,0,0,0,0,0,0,0,0,51,0,0,407,79,0,0,0,0,0,0,0,0,0,0,0,0,0,0,0,0,0,0,0,5,0,0,0,0,0,0,0,,,,,,,,,,,,,,,,
481.693,0,0,0,0,0,0,0,0,12,0,0,0,0,78,30,3,3796,0,0,0,0,9,282,0,0,0,22,0,0,0,0,0,0,0,0,0,51,0,0,407,79,0,0,0,0,0,0,0,0,0,0,0,0,0,0,0,0,0,0,0,5,0,0,0,0,0,0,0,,,,,,,,,,,,,,,,
482.263,0,0,0,0,0,0,0,0,12,0,0,0,0,78,30,3,3796,0,0,0,0,9,282,0,0,0,22,0,0,0,0,0,0,0,0,0,51,0,0,407,79,0,0,0,0,0,0,0,0,0,0,0,0,0,0,0,0,0,0,0,5,0,0,0,0,0,0,0,,,,,,,,,,,,,,,,
482.263,0,0,0,0,0,0,0,0,12,0,0,0,0,78,30,3,3796,0,0,0,0,9,282,0,0,0,22,0,0,0,0,0,0,0,0,0,51,0,0,407,79,0,0,0,0,0,0,0,0,0,0,0,0,0,0,0,0,0,0,0,5,0,0,0,0,0,0,0,,,,,,,,,,,,,,,,
482.263,0,0,0,0,0,0,0,0,12,0,0,0,0,78,30,3,3796,0,0,0,0,9,282,0,0,0,22,0,0,0,0,0,0,0,0,0,51,0,0,407,79,0,0,0,0,0,0,0,0,0,0,0,0,0,0,0,0,0,0,0,2,0,0,0,0,0,0,0,,,,,,,,,,,,,,,,
483.126,0,0,0,0,0,0,0,0,12,0,0,0,0,78,30,3,3796,0,0,0,0,9,282,0,0,0,22,0,0,0,0,0,0,0,0,0,51,0,0,407,79,0,0,0,0,0,0,0,0,0,0,0,0,0,0,0,0,0,0,0,2,0,0,0,0,0,0,0,,,,,,,,,,,,,,,,
483.126,0,0,0,0,0,0,0,0,12,0,0,0,0,78,30,3,3796,0,0,0,0,9,282,0,0,0,22,0,0,0,0,0,0,0,0,0,51,0,0,407,79,0,0,0,0,0,0,0,0,0,0,0,0,0,0,0,0,0,0,0,2,0,0,0,0,0,0,0,,,,,,,,,,,,,,,,
483.126,0,0,0,0,0,0,0,0,12,0,0,0,0,78,30,3,3796,0,0,0,0,9,282,0,0,0,22,0,0,0,0,0,0,0,0,0,51,0,0,407,79,0,0,0,0,0,0,0,0,0,0,0,0,0,0,0,0,0,0,0,2,0,0,0,0,0,0,0,,,,,,,,,,,,,,,,
483.700,0,0,0,0,0,0,0,0,12,0,0,0,0,78,30,3,3796,0,0,0,0,9,282,0,0,0,22,0,0,0,0,0,0,0,0,0,51,0,0,407,79,0,0,0,0,0,0,0,0,0,0,0,0,0,0,0,0,0,0,0,2,0,0,0,0,0,0,0,,,,,,,,,,,,,,,,
483.700,0,0,0,0,0,0,0,0,12,0,0,0,0,78,30,3,3796,0,0,0,0,9,282,0,0,0,22,0,0,0,0,0,0,0,0,0,51,0,0,409,79,0,0,0,0,0,0,0,0,0,0,0,0,0,0,0,0,0,0,0,2,0,0,0,0,0,0,0,,,,,,,,,,,,,,,,
483.700,0,0,0,0,0,0,0,0,12,0,0,0,0,78,30,3,3796,0,0,0,0,9,282,0,0,0,22,0,0,0,0,0,0,0,0,0,51,0,0,409,79,0,0,0,0,0,0,0,0,0,0,0,0,0,0,0,0,0,0,0,2,0,0,0,0,0,0,0,,,,,,,,,,,,,,,,
484.621,0,0,0,0,0,0,0,0,12,0,0,0,0,78,30,3,3796,0,0,0,0,9,282,0,0,0,22,0,0,0,0,0,0,0,0,0,51,0,0,409,79,0,0,0,0,0,0,0,0,0,0,0,0,0,0,0,0,0,0,0,2,0,0,0,0,0,0,0,,,,,,,,,,,,,,,,
484.621,0,0,0,0,0,0,0,0,12,0,0,0,0,78,30,3,3796,0,0,0,0,9,282,0,0,0,22,0,0,0,0,0,0,0,0,0,51,0,0,409,79,0,0,0,0,0,0,0,0,0,0,0,0,0,0,0,0,0,0,0,2,0,0,0,0,0,0,0,,,,,,,,,,,,,,,,
484.621,0,0,0,0,0,0,0,0,12,0,0,0,0,78,30,3,3796,0,0,0,0,9,282,0,0,0,22,0,0,0,0,0,0,0,0,0,51,0,0,409,79,0,0,0,0,0,0,0,0,0,0,0,0,0,0,0,0,0,0,0,2,0,0,0,0,0,0,0,,,,,,,,,,,,,,,,
484.621,0,0,0,0,0,0,0,0,12,0,0,0,0,78,30,3,3796,0,0,0,0,9,282,0,0,0,22,0,0,0,0,0,0,0,0,0,51,0,0,409,79,0,0,0,0,0,0,0,0,0,0,0,0,0,0,0,0,0,0,0,2,0,0,0,0,0,0,0,,,,,,,,,,,,,,,,
485.193,0,0,0,0,0,0,0,0,12,0,0,0,0,78,30,3,3796,0,0,0,0,9,282,0,0,0,23,0,0,0,0,0,0,0,0,0,51,0,0,409,79,0,0,0,0,0,0,0,0,0,0,0,0,0,0,0,0,0,0,0,2,0,0,0,0,0,0,0,,,,,,,,,,,,,,,,
485.193,0,0,0,0,0,0,0,0,12,0,0,0,0,78,30,3,3796,0,0,0,0,9,282,0,0,0,23,0,0,0,0,0,0,0,0,0,51,0,0,409,79,0,0,0,0,0,0,0,0,0,0,0,0,0,0,0,0,0,0,0,2,0,0,0,0,0,0,0,,,,,,,,,,,,,,,,
485.193,0,0,0,0,0,0,0,0,12,0,0,0,0,78,30,3,3796,0,0,0,0,9,282,0,0,0,23,0,0,0,0,0,0,0,0,0,51,0,0,409,79,0,0,0,0,0,0,0,0,0,0,0,0,0,0,0,0,0,0,0,2,0,0,0,0,0,0,0,,,,,,,,,,,,,,,,
485.762,0,0,0,0,0,0,0,0,12,0,0,0,0,78,30,3,3796,0,0,0,0,9,282,0,0,0,23,0,0,0,0,0,0,0,0,0,51,0,0,409,79,0,0,0,0,0,0,0,0,0,0,0,0,0,0,0,0,0,0,0,2,0,0,0,0,0,0,0,,,,,,,,,,,,,,,,
485.762,0,0,0,0,0,0,0,0,12,0,0,0,0,78,30,3,3796,0,0,0,0,9,282,0,0,0,23,0,0,0,0,0,0,0,0,0,51,0,0,412,79,0,0,0,0,0,0,0,0,0,0,0,0,0,0,0,0,0,0,0,2,0,0,0,0,0,0,0,,,,,,,,,,,,,,,,
485.762,0,0,0,0,0,0,0,0,12,0,0,0,0,78,30,3,3796,0,0,0,0,9,282,0,0,0,23,0,0,0,0,0,0,0,0,0,51,0,0,412,79,0,0,0,0,0,0,0,0,0,0,0,0,0,0,0,0,0,0,0,2,0,0,0,0,0,0,0,,,,,,,,,,,,,,,,
486.336,0,0,0,0,0,0,0,0,12,0,0,0,0,78,30,3,3796,0,0,0,0,9,282,0,0,0,23,0,0,0,0,0,0,0,0,0,51,0,0,412,79,0,0,0,0,0,0,0,0,0,0,0,0,0,0,0,0,0,0,0,2,0,0,0,0,0,0,0,,,,,,,,,,,,,,,,
486.336,0,0,0,0,0,0,0,0,12,0,0,0,0,78,30,3,3796,0,0,0,0,10,282,0,0,0,23,0,0,0,0,0,0,0,0,0,51,0,0,412,79,0,0,0,0,0,0,0,0,0,0,0,0,0,0,0,0,0,0,0,2,0,0,0,0,0,0,0,,,,,,,,,,,,,,,,
486.336,0,0,0,0,0,0,0,0,12,0,0,0,0,78,30,3,3796,0,0,0,0,10,282,0,0,0,23,0,0,0,0,0,0,0,0,0,51,0,0,412,79,0,0,0,0,0,0,0,0,0,0,0,0,0,0,0,0,0,0,0,2,0,0,0,0,0,0,0,,,,,,,,,,,,,,,,
486.906,0,0,0,0,0,0,0,0,12,0,0,0,0,78,30,3,3796,0,0,0,0,10,282,0,0,0,23,0,0,0,0,0,0,0,0,0,51,0,0,412,79,0,0,0,0,0,0,0,0,0,0,0,0,0,0,0,0,0,0,0,2,0,0,0,0,0,0,0,,,,,,,,,,,,,,,,
486.906,0,0,0,0,0,0,0,0,12,0,0,0,0,78,30,3,3796,0,0,0,0,10,282,0,0,0,23,0,0,0,0,0,0,0,0,0,51,0,0,412,79,0,0,0,0,0,0,0,0,0,0,0,0,0,0,0,0,0,0,0,2,0,0,0,0,0,0,0,,,,,,,,,,,,,,,,
486.906,0,0,0,0,0,0,0,0,12,0,0,0,0,78,30,3,3796,0,0,0,0,10,282,0,0,0,23,0,0,0,0,0,0,0,0,0,51,0,0,412,79,0,0,0,0,0,0,0,0,0,0,0,0,0,0,0,0,0,0,0,2,0,0,0,0,0,0,0,,,,,,,,,,,,,,,,
486.906,0,0,0,0,0,0,0,0,12,0,0,0,0,78,30,3,3643,0,0,0,0,10,282,0,0,0,23,0,0,0,0,0,0,0,0,0,51,0,0,412,79,0,0,0,0,0,0,0,0,0,0,0,0,0,0,0,0,0,0,0,2,0,0,0,0,0,0,0,,,,,,,,,,,,,,,,
487.472,0,0,0,0,0,0,0,0,12,0,0,0,0,78,30,3,3643,0,0,0,0,10,282,0,0,0,24,0,0,0,0,0,0,0,0,0,51,0,0,412,79,0,0,0,0,0,0,0,0,0,0,0,0,0,0,0,0,0,0,0,2,0,0,0,0,0,0,0,,,,,,,,,,,,,,,,
487.472,0,0,0,0,0,0,0,0,12,0,0,0,0,78,30,3,3643,0,0,0,0,10,282,0,0,0,24,0,0,0,0,0,0,0,0,0,51,0,0,412,79,0,0,0,0,0,0,0,0,0,0,0,0,0,0,0,0,0,0,0,2,0,0,0,0,0,0,0,,,,,,,,,,,,,,,,
487.472,0,0,0,0,0,0,0,0,12,0,0,0,0,78,30,3,3643,0,0,0,0,10,282,0,0,0,24,0,0,0,0,0,0,0,0,0,51,0,0,412,79,0,0,0,0,0,0,0,0,0,0,0,0,0,0,0,0,0,0,0,2,0,0,0,0,0,0,0,,,,,,,,,,,,,,,,
488.043,0,0,0,0,0,0,0,0,12,0,0,0,0,78,30,3,3643,0,0,0,0,10,282,0,0,0,24,0,0,0,0,0,0,0,0,0,51,0,0,412,79,0,0,0,0,0,0,0,0,0,0,0,0,0,0,0,0,0,0,0,2,0,0,0,0,0,0,0,,,,,,,,,,,,,,,,
488.043,0,0,0,0,0,0,0,0,12,0,0,0,0,78,30,3,3643,0,0,0,0,10,282,0,0,0,24,0,0,0,0,0,0,0,0,0,51,0,0,376,79,0,0,0,0,0,0,0,0,0,0,0,0,0,0,0,0,0,0,0,2,0,0,0,0,0,0,0,,,,,,,,,,,,,,,,
488.043,0,0,0,0,0,0,0,0,12,0,0,0,0,78,30,3,3643,0,0,0,0,10,282,0,0,0,24,0,0,0,0,0,0,0,0,0,50,0,0,376,79,0,0,0,0,0,0,0,0,0,0,0,0,0,0,0,0,0,0,0,2,0,0,0,0,0,0,0,,,,,,,,,,,,,,,,
489.118,0,0,0,0,0,0,0,0,12,0,0,0,0,78,30,3,3643,0,0,0,0,10,282,0,0,0,23,0,0,0,0,0,0,0,0,0,50,0,0,376,79,0,0,0,0,0,0,0,0,0,0,0,0,0,0,0,0,0,0,0,2,0,0,0,0,0,0,0,,,,,,,,,,,,,,,,
489.118,0,0,0,0,0,0,0,0,12,0,0,0,0,78,30,3,3643,0,0,0,0,10,282,0,0,0,23,0,0,0,0,0,0,0,0,0,50,0,0,376,79,0,0,0,0,0,0,0,0,0,0,0,0,0,0,0,0,0,0,0,2,0,0,0,0,0,0,0,,,,,,,,,,,,,,,,
489.118,0,0,0,0,0,0,0,0,12,0,0,0,0,78,30,3,3643,0,0,0,0,10,282,0,0,0,23,0,0,0,0,0,0,0,0,0,50,0,0,376,79,0,0,0,0,0,0,0,0,0,0,0,0,0,0,0,0,0,0,0,2,0,0,0,0,0,0,0,,,,,,,,,,,,,,,,
489.693,0,0,0,0,0,0,0,0,12,0,0,0,0,78,30,3,3643,0,0,0,0,10,290,0,0,0,23,0,0,0,0,0,0,0,0,0,50,0,0,376,79,0,0,0,0,0,0,0,0,0,0,0,0,0,0,0,0,0,0,0,2,0,0,0,0,0,0,0,,,,,,,,,,,,,,,,
489.693,0,0,0,0,0,0,0,0,12,0,0,0,0,78,30,3,3643,0,0,0,0,10,290,0,0,0,23,0,0,0,0,0,0,0,0,0,50,0,0,251,79,0,0,0,0,0,0,0,0,0,0,0,0,0,0,0,0,0,0,0,2,0,0,0,0,0,0,0,,,,,,,,,,,,,,,,
489.693,0,0,0,0,0,0,0,0,12,0,0,0,0,78,30,3,3643,0,0,0,0,10,290,0,0,0,23,0,0,0,0,0,0,0,0,0,58,0,0,251,79,0,0,0,0,0,0,0,0,0,0,0,0,0,0,0,0,0,0,0,2,0,0,0,0,0,0,0,,,,,,,,,,,,,,,,
490.259,0,0,0,0,0,0,0,0,12,0,0,0,0,78,30,3,3643,0,0,0,0,10,290,0,0,0,23,0,0,0,0,0,0,0,0,0,58,0,0,251,79,0,0,0,0,0,0,0,0,0,0,0,0,0,0,0,0,0,0,0,2,0,0,0,0,0,0,0,,,,,,,,,,,,,,,,
490.259,0,0,0,0,0,0,0,0,12,0,0,0,0,78,30,3,3643,0,0,0,0,10,290,0,0,0,23,0,0,0,0,0,0,0,0,0,58,0,0,251,79,0,0,0,0,0,0,0,0,0,0,0,0,0,0,0,0,0,0,0,2,0,0,0,0,0,0,0,,,,,,,,,,,,,,,,
490.259,0,0,0,0,0,0,0,0,12,0,0,0,0,78,30,3,3643,0,0,0,0,10,290,0,0,0,23,0,0,0,0,0,0,0,0,0,58,0,0,251,79,0,0,0,0,0,0,0,0,0,0,0,0,0,0,0,0,0,0,0,5,0,0,0,0,0,0,0,,,,,,,,,,,,,,,,
490.828,0,0,0,0,0,0,0,0,12,0,0,0,0,78,30,3,3643,0,0,0,0,10,290,0,0,0,23,0,0,0,0,0,0,0,0,0,58,0,0,251,79,0,0,0,0,0,0,0,0,0,0,0,0,0,0,0,0,0,0,0,5,0,0,0,0,0,0,0,,,,,,,,,,,,,,,,
490.828,0,0,0,0,0,0,0,0,12,0,0,0,0,78,30,3,3643,0,0,0,0,10,290,0,0,0,23,0,0,0,0,0,0,0,0,0,58,0,0,251,79,0,0,0,0,0,0,0,0,0,0,0,0,0,0,0,0,0,0,0,5,0,0,0,0,0,0,0,,,,,,,,,,,,,,,,
490.828,0,0,0,0,0,0,0,0,12,0,0,0,0,78,30,3,3643,0,0,0,0,10,290,0,0,0,23,0,0,0,0,0,0,0,0,0,58,0,0,251,79,0,0,0,0,0,0,0,0,0,0,0,0,0,0,0,0,0,0,0,5,0,0,0,0,0,0,0,,,,,,,,,,,,,,,,
490.828,0,0,0,0,0,0,0,0,12,0,0,0,0,78,30,3,3643,0,0,0,0,10,290,0,0,0,23,0,0,0,0,0,0,0,0,0,58,0,0,251,79,0,0,0,0,0,0,0,0,0,0,0,0,0,0,0,0,0,0,0,5,0,0,0,0,0,0,0,,,,,,,,,,,,,,,,
491.399,0,0,0,0,0,0,0,0,12,0,0,0,0,78,30,3,3643,0,0,0,0,10,290,0,0,0,22,0,0,0,0,0,0,0,0,0,58,0,0,251,79,0,0,0,0,0,0,0,0,0,0,0,0,0,0,0,0,0,0,0,5,0,0,0,0,0,0,0,,,,,,,,,,,,,,,,
491.399,0,0,0,0,0,0,0,0,12,0,0,0,0,78,30,3,3643,0,0,0,0,10,290,0,0,0,22,0,0,0,0,0,0,0,0,0,58,0,0,251,79,0,0,0,0,0,0,0,0,0,0,0,0,0,0,0,0,0,0,0,5,0,0,0,0,0,0,0,,,,,,,,,,,,,,,,
491.399,0,0,0,0,0,0,0,0,12,0,0,0,0,78,30,3,3643,0,0,0,0,10,290,0,0,0,22,0,0,0,0,0,0,0,0,0,58,0,0,251,80,0,0,0,0,0,0,0,0,0,0,0,0,0,0,0,0,0,0,0,5,0,0,0,0,0,0,0,,,,,,,,,,,,,,,,
491.969,0,0,0,0,0,0,0,0,12,0,0,0,0,78,30,3,3643,0,0,0,0,10,287,0,0,0,22,0,0,0,0,0,0,0,0,0,58,0,0,251,80,0,0,0,0,0,0,0,0,0,0,0,0,0,0,0,0,0,0,0,5,0,0,0,0,0,0,0,,,,,,,,,,,,,,,,
491.969,0,0,0,0,0,0,0,0,12,0,0,0,0,78,30,3,3643,0,0,0,0,10,287,0,0,0,22,0,0,0,0,0,0,0,0,0,58,0,0,420,80,0,0,0,0,0,0,0,0,0,0,0,0,0,0,0,0,0,0,0,5,0,0,0,0,0,0,0,,,,,,,,,,,,,,,,
491.969,0,0,0,0,0,0,0,0,12,0,0,0,0,78,30,3,3643,0,0,0,0,10,287,0,0,0,22,0,0,0,0,0,0,0,0,0,56,0,0,420,80,0,0,0,0,0,0,0,0,0,0,0,0,0,0,0,0,0,0,0,5,0,0,0,0,0,0,0,,,,,,,,,,,,,,,,
493.124,0,0,0,0,0,0,0,0,12,0,0,0,0,78,30,3,3643,0,0,0,0,10,287,0,0,0,22,0,0,0,0,0,0,0,0,0,56,0,0,420,80,0,0,0,0,0,0,0,0,0,0,0,0,0,0,0,0,0,0,0,5,0,0,0,0,0,0,0,,,,,,,,,,,,,,,,
493.124,0,0,0,0,0,0,0,0,12,0,0,0,0,78,30,3,3643,0,0,0,0,10,287,0,0,0,22,0,0,0,0,0,0,0,0,0,56,0,0,420,80,0,0,0,0,0,0,0,0,0,0,0,0,0,0,0,0,0,0,0,5,0,0,0,0,0,0,0,,,,,,,,,,,,,,,,
493.124,0,0,0,0,0,0,0,0,12,0,0,0,0,78,30,3,3643,0,0,0,0,10,287,0,0,0,22,0,0,0,0,0,0,0,0,0,56,0,0,420,80,0,0,0,0,0,0,0,0,0,0,0,0,0,0,0,0,0,0,0,5,0,0,0,0,0,0,0,,,,,,,,,,,,,,,,
493.694,0,0,0,0,0,0,0,0,12,0,0,0,0,78,30,3,3643,0,0,0,0,10,271,0,0,0,22,0,0,0,0,0,0,0,0,0,56,0,0,420,80,0,0,0,0,0,0,0,0,0,0,0,0,0,0,0,0,0,0,0,5,0,0,0,0,0,0,0,,,,,,,,,,,,,,,,
493.694,0,0,0,0,0,0,0,0,12,0,0,0,0,78,30,3,3643,0,0,0,0,10,271,0,0,0,22,0,0,0,0,0,0,0,0,0,56,0,0,446,80,0,0,0,0,0,0,0,0,0,0,0,0,0,0,0,0,0,0,0,5,0,0,0,0,0,0,0,,,,,,,,,,,,,,,,
493.694,0,0,0,0,0,0,0,0,12,0,0,0,0,78,30,3,3643,0,0,0,0,10,271,0,0,0,22,0,0,0,0,0,0,0,0,0,41,0,0,446,80,0,0,0,0,0,0,0,0,0,0,0,0,0,0,0,0,0,0,0,5,0,0,0,0,0,0,0,,,,,,,,,,,,,,,,
494.269,0,0,0,0,0,0,0,0,12,0,0,0,0,78,30,3,3643,0,0,0,0,10,271,0,0,0,22,0,0,0,0,0,0,0,0,0,41,0,0,446,80,0,0,0,0,0,0,0,0,0,0,0,0,0,0,0,0,0,0,0,5,0,0,0,0,0,0,0,,,,,,,,,,,,,,,,
494.269,0,0,0,0,0,0,0,0,12,0,0,0,0,78,30,3,3643,0,0,0,0,10,271,0,0,0,22,0,0,0,0,0,0,0,0,0,41,0,0,446,80,0,0,0,0,0,0,0,0,0,0,0,0,0,0,0,0,0,0,0,5,0,0,0,0,0,0,0,,,,,,,,,,,,,,,,
494.269,0,0,0,0,0,0,0,0,12,0,0,0,0,78,30,3,3643,0,0,0,0,10,271,0,0,0,22,0,0,0,0,0,0,0,0,0,41,0,0,446,80,0,0,0,0,0,0,0,0,0,0,0,0,0,0,0,0,0,0,0,2,0,0,0,0,0,0,0,,,,,,,,,,,,,,,,
494.836,0,0,0,0,0,0,0,0,12,0,0,0,0,78,30,3,3643,0,0,0,0,10,271,0,0,0,22,0,0,0,0,0,0,0,0,0,41,0,0,446,80,0,0,0,0,0,0,0,0,0,0,0,0,0,0,0,0,0,0,0,2,0,0,0,0,0,0,0,,,,,,,,,,,,,,,,
494.836,0,0,0,0,0,0,0,0,12,0,0,0,0,78,30,3,3643,0,0,0,0,10,271,0,0,0,22,0,0,0,0,0,0,0,0,0,41,0,0,446,80,0,0,0,0,0,0,0,0,0,0,0,0,0,0,0,0,0,0,0,2,0,0,0,0,0,0,0,,,,,,,,,,,,,,,,
494.836,0,0,0,0,0,0,0,0,12,0,0,0,0,78,30,3,3643,0,0,0,0,10,271,0,0,0,22,0,0,0,0,0,0,0,0,0,41,0,0,446,80,0,0,0,0,0,0,0,0,0,0,0,0,0,0,0,0,0,0,0,2,0,0,0,0,0,0,0,,,,,,,,,,,,,,,,
494.836,0,0,0,0,0,0,0,0,12,0,0,0,0,78,30,3,5977,0,0,0,0,10,271,0,0,0,22,0,0,0,0,0,0,0,0,0,41,0,0,446,80,0,0,0,0,0,0,0,0,0,0,0,0,0,0,0,0,0,0,0,2,0,0,0,0,0,0,0,,,,,,,,,,,,,,,,
495.404,0,0,0,0,0,0,0,0,12,0,0,0,0,78,30,3,5977,0,0,0,0,10,271,0,0,0,22,0,0,0,0,0,0,0,0,0,41,0,0,446,80,0,0,0,0,0,0,0,0,0,0,0,0,0,0,0,0,0,0,0,2,0,0,0,0,0,0,0,,,,,,,,,,,,,,,,
495.404,0,0,0,0,0,0,0,0,12,0,0,0,0,78,30,3,5977,0,0,0,0,10,271,0,0,0,22,0,0,0,0,0,0,0,0,0,41,0,0,446,80,0,0,0,0,0,0,0,0,0,0,0,0,0,0,0,0,0,0,0,2,0,0,0,0,0,0,0,,,,,,,,,,,,,,,,
495.404,0,0,0,0,0,0,0,0,12,0,0,0,0,78,30,3,5977,0,0,0,0,10,271,0,0,0,22,0,0,0,0,0,0,0,0,0,41,0,0,446,80,0,0,0,0,0,0,0,0,0,0,0,0,0,0,0,0,0,0,0,2,0,0,0,0,0,0,0,,,,,,,,,,,,,,,,
495.404,0,0,0,0,0,0,0,0,12,0,0,0,0,78,30,3,5977,0,0,0,0,10,271,0,0,0,22,0,0,0,0,0,0,0,0,0,41,0,0,446,80,0,0,0,0,0,0,0,0,0,0,0,0,0,0,0,0,0,0,0,2,0,0,0,0,0,0,0,,,,,,,,,,,,,,,,
495.973,0,0,0,0,0,0,0,0,12,0,0,0,0,78,30,3,5977,0,0,0,0,10,271,0,0,0,22,0,0,0,0,0,0,0,0,0,41,0,0,446,80,0,0,0,0,0,0,0,0,0,0,0,0,0,0,0,0,0,0,0,2,0,0,0,0,0,0,0,,,,,,,,,,,,,,,,
495.973,0,0,0,0,0,0,0,0,12,0,0,0,0,79,30,3,5977,0,0,0,0,10,271,0,0,0,22,0,0,0,0,0,0,0,0,0,41,0,0,446,80,0,0,0,0,0,0,0,0,0,0,0,0,0,0,0,0,0,0,0,2,0,0,0,0,0,0,0,,,,,,,,,,,,,,,,
495.973,0,0,0,0,0,0,0,0,12,0,0,0,0,79,30,3,5977,0,0,0,0,10,271,0,0,0,22,0,0,0,0,0,0,0,0,0,41,0,0,446,80,0,0,0,0,0,0,0,0,0,0,0,0,0,0,0,0,0,0,0,2,0,0,0,0,0,0,0,,,,,,,,,,,,,,,,
496.620,0,0,0,0,0,0,0,0,12,0,0,0,0,79,30,3,5977,0,0,0,0,10,291,0,0,0,22,0,0,0,0,0,0,0,0,0,41,0,0,446,80,0,0,0,0,0,0,0,0,0,0,0,0,0,0,0,0,0,0,0,2,0,0,0,0,0,0,0,,,,,,,,,,,,,,,,
496.620,0,0,0,0,0,0,0,0,12,0,0,0,0,79,30,3,5977,0,0,0,0,10,291,0,0,0,22,0,0,0,0,0,0,0,0,0,41,0,0,428,80,0,0,0,0,0,0,0,0,0,0,0,0,0,0,0,0,0,0,0,2,0,0,0,0,0,0,0,,,,,,,,,,,,,,,,
496.620,0,0,0,0,0,0,0,0,12,0,0,0,0,79,30,3,5977,0,0,0,0,10,291,0,0,0,22,0,0,0,0,0,0,0,0,0,62,0,0,428,80,0,0,0,0,0,0,0,0,0,0,0,0,0,0,0,0,0,0,0,2,0,0,0,0,0,0,0,,,,,,,,,,,,,,,,
497.191,0,0,0,0,0,0,0,0,12,0,0,0,0,79,30,3,5977,0,0,0,0,10,291,0,0,0,22,0,0,0,0,0,0,0,0,0,62,0,0,428,80,0,0,0,0,0,0,0,0,0,0,0,0,0,0,0,0,0,0,0,2,0,0,0,0,0,0,0,,,,,,,,,,,,,,,,
497.191,0,0,0,0,0,0,0,0,12,0,0,0,0,79,30,3,5977,0,0,0,0,10,291,0,0,0,22,0,0,0,0,0,0,0,0,0,62,0,0,428,80,0,0,0,0,0,0,0,0,0,0,0,0,0,0,0,0,0,0,0,2,0,0,0,0,0,0,0,,,,,,,,,,,,,,,,
497.191,0,0,0,0,0,0,0,0,12,0,0,0,0,79,30,3,5977,0,0,0,0,10,291,0,0,0,22,0,0,0,0,0,0,0,0,0,62,0,0,428,80,0,0,0,0,0,0,0,0,0,0,0,0,0,0,0,0,0,0,0,2,0,0,0,0,0,0,0,,,,,,,,,,,,,,,,
497.760,0,0,0,0,0,0,0,0,12,0,0,0,0,79,30,3,5977,0,0,0,0,10,291,0,0,0,22,0,0,0,0,0,0,0,0,0,62,0,0,428,80,0,0,0,0,0,0,0,0,0,0,0,0,0,0,0,0,0,0,0,2,0,0,0,0,0,0,0,,,,,,,,,,,,,,,,
497.760,0,0,0,0,0,0,0,0,12,0,0,0,0,79,30,3,5977,0,0,0,0,11,291,0,0,0,22,0,0,0,0,0,0,0,0,0,62,0,0,428,80,0,0,0,0,0,0,0,0,0,0,0,0,0,0,0,0,0,0,0,2,0,0,0,0,0,0,0,,,,,,,,,,,,,,,,
497.760,0,0,0,0,0,0,0,0,12,0,0,0,0,79,30,3,5977,0,0,0,0,11,291,0,0,0,22,0,0,0,0,0,0,0,0,0,62,0,0,428,80,0,0,0,0,0,0,0,0,0,0,0,0,0,0,0,0,0,0,0,1,0,0,0,0,0,0,0,,,,,,,,,,,,,,,,
498.626,0,0,0,0,0,0,0,0,12,0,0,0,0,79,30,3,5977,0,0,0,0,11,273,0,0,0,22,0,0,0,0,0,0,0,0,0,62,0,0,428,80,0,0,0,0,0,0,0,0,0,0,0,0,0,0,0,0,0,0,0,1,0,0,0,0,0,0,0,,,,,,,,,,,,,,,,
498.626,0,0,0,0,0,0,0,0,12,0,0,0,0,79,30,3,5977,0,0,0,0,11,273,0,0,0,22,0,0,0,0,0,0,0,0,0,62,0,0,433,80,0,0,0,0,0,0,0,0,0,0,0,0,0,0,0,0,0,0,0,1,0,0,0,0,0,0,0,,,,,,,,,,,,,,,,
498.626,0,0,0,0,0,0,0,0,12,0,0,0,0,79,30,3,5977,0,0,0,0,11,273,0,0,0,22,0,0,0,0,0,0,0,0,0,39,0,0,433,80,0,0,0,0,0,0,0,0,0,0,0,0,0,0,0,0,0,0,0,1,0,0,0,0,0,0,0,,,,,,,,,,,,,,,,
499.196,0,0,0,0,0,0,0,0,12,0,0,0,0,79,30,3,5977,0,0,0,0,11,273,0,0,0,21,0,0,0,0,0,0,0,0,0,39,0,0,433,80,0,0,0,0,0,0,0,0,0,0,0,0,0,0,0,0,0,0,0,1,0,0,0,0,0,0,0,,,,,,,,,,,,,,,,
499.196,0,0,0,0,0,0,0,0,12,0,0,0,0,79,30,3,5977,0,0,0,0,11,273,0,0,0,21,0,0,0,0,0,0,0,0,0,39,0,0,433,80,0,0,0,0,0,0,0,0,0,0,0,0,0,0,0,0,0,0,0,1,0,0,0,0,0,0,0,,,,,,,,,,,,,,,,
499.196,0,0,0,0,0,0,0,0,12,0,0,0,0,79,30,3,5977,0,0,0,0,11,273,0,0,0,21,0,0,0,0,0,0,0,0,0,39,0,0,433,80,0,0,0,0,0,0,0,0,0,0,0,0,0,0,0,0,0,0,0,1,0,0,0,0,0,0,0,,,,,,,,,,,,,,,,
499.769,0,0,0,0,0,0,0,0,12,0,0,0,0,79,30,3,5977,0,0,0,0,11,273,0,0,0,21,0,0,0,0,0,0,0,0,0,39,0,0,433,80,0,0,0,0,0,0,0,0,0,0,0,0,0,0,0,0,0,0,0,1,0,0,0,0,0,0,0,,,,,,,,,,,,,,,,
499.769,0,0,0,0,0,0,0,0,12,0,0,0,0,79,30,3,5977,0,0,0,0,11,273,0,0,0,21,0,0,0,0,0,0,0,0,0,39,0,0,433,80,0,0,0,0,0,0,0,0,0,0,0,0,0,0,0,0,0,0,0,1,0,0,0,0,0,0,0,,,,,,,,,,,,,,,,
499.769,0,0,0,0,0,0,0,0,12,0,0,0,0,79,30,3,5977,0,0,0,0,11,273,0,0,0,21,0,0,0,0,0,0,0,0,0,39,0,0,433,80,0,0,0,0,0,0,0,0,0,0,0,0,0,0,0,0,0,0,0,1,0,0,0,0,0,0,0,,,,,,,,,,,,,,,,
499.769,0,0,0,0,0,0,0,0,12,0,0,0,0,79,30,3,5977,0,0,0,0,11,273,0,0,0,21,0,0,0,0,0,0,0,0,0,39,0,0,433,80,0,0,0,0,0,0,0,0,0,0,0,0,0,0,0,0,0,0,0,1,0,0,0,0,0,0,0,,,,,,,,,,,,,,,,
500.622,0,0,0,0,0,0,0,0,12,0,0,0,0,79,30,3,5977,0,0,0,0,11,291,0,0,0,21,0,0,0,0,0,0,0,0,0,39,0,0,433,80,0,0,0,0,0,0,0,0,0,0,0,0,0,0,0,0,0,0,0,1,0,0,0,0,0,0,0,,,,,,,,,,,,,,,,
500.622,0,0,0,0,0,0,0,0,12,0,0,0,0,79,30,3,5977,0,0,0,0,11,291,0,0,0,21,0,0,0,0,0,0,0,0,0,39,0,0,420,80,0,0,0,0,0,0,0,0,0,0,0,0,0,0,0,0,0,0,0,1,0,0,0,0,0,0,0,,,,,,,,,,,,,,,,
500.622,0,0,0,0,0,0,0,0,12,0,0,0,0,79,30,3,5977,0,0,0,0,11,291,0,0,0,21,0,0,0,0,0,0,0,0,0,60,0,0,420,80,0,0,0,0,0,0,0,0,0,0,0,0,0,0,0,0,0,0,0,1,0,0,0,0,0,0,0,,,,,,,,,,,,,,,,
501.194,0,0,0,0,0,0,0,0,12,0,0,0,0,79,30,3,5977,0,0,0,0,11,291,0,0,0,22,0,0,0,0,0,0,0,0,0,60,0,0,420,80,0,0,0,0,0,0,0,0,0,0,0,0,0,0,0,0,0,0,0,1,0,0,0,0,0,0,0,,,,,,,,,,,,,,,,
501.194,0,0,0,0,0,0,0,0,12,0,0,0,0,79,30,3,5977,0,0,0,0,11,291,0,0,0,22,0,0,0,0,0,0,0,0,0,60,0,0,420,80,0,0,0,0,0,0,0,0,0,0,0,0,0,0,0,0,0,0,0,1,0,0,0,0,0,0,0,,,,,,,,,,,,,,,,
501.194,0,0,0,0,0,0,0,0,12,0,0,0,0,79,30,3,5977,0,0,0,0,11,291,0,0,0,22,0,0,0,0,0,0,0,0,0,60,0,0,420,80,0,0,0,0,0,0,0,0,0,0,0,0,0,0,0,0,0,0,0,1,0,0,0,0,0,0,0,,,,,,,,,,,,,,,,
501.762,0,0,0,0,0,0,0,0,12,0,0,0,0,79,30,3,5977,0,0,0,0,11,291,0,0,0,22,0,0,0,0,0,0,0,0,0,60,0,0,420,80,0,0,0,0,0,0,0,0,0,0,0,0,0,0,0,0,0,0,0,1,0,0,0,0,0,0,0,,,,,,,,,,,,,,,,
501.762,0,0,0,0,0,0,0,0,12,0,0,0,0,79,30,3,5977,0,0,0,0,11,291,0,0,0,22,0,0,0,0,0,0,0,0,0,60,0,0,420,80,0,0,0,0,0,0,0,0,0,0,0,0,0,0,0,0,0,0,0,1,0,0,0,0,0,0,0,,,,,,,,,,,,,,,,
501.762,0,0,0,0,0,0,0,0,12,0,0,0,0,79,30,3,5977,0,0,0,0,11,291,0,0,0,22,0,0,0,0,0,0,0,0,0,60,0,0,420,80,0,0,0,0,0,0,0,0,0,0,0,0,0,0,0,0,0,0,0,8,0,0,0,0,0,0,0,,,,,,,,,,,,,,,,
502.336,0,0,0,0,0,0,0,0,12,0,0,0,0,79,30,3,5977,0,0,0,0,11,291,0,0,0,22,0,0,0,0,0,0,0,0,0,60,0,0,420,80,0,0,0,0,0,0,0,0,0,0,0,0,0,0,0,0,0,0,0,8,0,0,0,0,0,0,0,,,,,,,,,,,,,,,,
502.336,0,0,0,0,0,0,0,0,12,0,0,0,0,79,30,3,5977,0,0,0,0,11,291,0,0,0,22,0,0,0,0,0,0,0,0,0,60,0,0,420,80,0,0,0,0,0,0,0,0,0,0,0,0,0,0,0,0,0,0,0,8,0,0,0,0,0,0,0,,,,,,,,,,,,,,,,
502.336,0,0,0,0,0,0,0,0,12,0,0,0,0,79,30,3,5977,0,0,0,0,11,291,0,0,0,22,0,0,0,0,0,0,0,0,0,60,0,0,420,80,0,0,0,0,0,0,0,0,0,0,0,0,0,0,0,0,0,0,0,8,0,0,0,0,0,0,0,,,,,,,,,,,,,,,,
502.336,0,0,0,0,0,0,0,0,12,0,0,0,0,79,30,3,4421,0,0,0,0,11,291,0,0,0,22,0,0,0,0,0,0,0,0,0,60,0,0,420,80,0,0,0,0,0,0,0,0,0,0,0,0,0,0,0,0,0,0,0,8,0,0,0,0,0,0,0,,,,,,,,,,,,,,,,
502.902,0,0,0,0,0,0,0,0,12,0,0,0,0,79,30,3,4421,0,0,0,0,11,292,0,0,0,22,0,0,0,0,0,0,0,0,0,60,0,0,420,80,0,0,0,0,0,0,0,0,0,0,0,0,0,0,0,0,0,0,0,8,0,0,0,0,0,0,0,,,,,,,,,,,,,,,,
502.902,0,0,0,0,0,0,0,0,12,0,0,0,0,79,30,3,4421,0,0,0,0,11,292,0,0,0,22,0,0,0,0,0,0,0,0,0,60,0,0,426,80,0,0,0,0,0,0,0,0,0,0,0,0,0,0,0,0,0,0,0,8,0,0,0,0,0,0,0,,,,,,,,,,,,,,,,
502.902,0,0,0,0,0,0,0,0,12,0,0,0,0,79,30,3,4421,0,0,0,0,11,292,0,0,0,22,0,0,0,0,0,0,0,0,0,63,0,0,426,80,0,0,0,0,0,0,0,0,0,0,0,0,0,0,0,0,0,0,0,8,0,0,0,0,0,0,0,,,,,,,,,,,,,,,,
503.472,0,0,0,0,0,0,0,0,12,0,0,0,0,79,30,3,4421,0,0,0,0,11,292,0,0,0,21,0,0,0,0,0,0,0,0,0,63,0,0,426,80,0,0,0,0,0,0,0,0,0,0,0,0,0,0,0,0,0,0,0,8,0,0,0,0,0,0,0,,,,,,,,,,,,,,,,
503.472,0,0,0,0,0,0,0,0,12,0,0,0,0,79,30,3,4421,0,0,0,0,11,292,0,0,0,21,0,0,0,0,0,0,0,0,0,63,0,0,426,80,0,0,0,0,0,0,0,0,0,0,0,0,0,0,0,0,0,0,0,8,0,0,0,0,0,0,0,,,,,,,,,,,,,,,,
503.472,0,0,0,0,0,0,0,0,12,0,0,0,0,79,30,3,4421,0,0,0,0,11,292,0,0,0,21,0,0,0,0,0,0,0,0,0,63,0,0,426,80,0,0,0,0,0,0,0,0,0,0,0,0,0,0,0,0,0,0,0,8,0,0,0,0,0,0,0,,,,,,,,,,,,,,,,
504.619,0,0,0,0,0,0,0,0,12,0,0,0,0,79,30,3,4421,0,0,0,0,11,290,0,0,0,21,0,0,0,0,0,0,0,0,0,63,0,0,426,80,0,0,0,0,0,0,0,0,0,0,0,0,0,0,0,0,0,0,0,8,0,0,0,0,0,0,0,,,,,,,,,,,,,,,,
504.619,0,0,0,0,0,0,0,0,12,0,0,0,0,79,30,3,4421,0,0,0,0,11,290,0,0,0,21,0,0,0,0,0,0,0,0,0,63,0,0,420,80,0,0,0,0,0,0,0,0,0,0,0,0,0,0,0,0,0,0,0,8,0,0,0,0,0,0,0,,,,,,,,,,,,,,,,
504.619,0,0,0,0,0,0,0,0,12,0,0,0,0,79,30,3,4421,0,0,0,0,11,290,0,0,0,21,0,0,0,0,0,0,0,0,0,59,0,0,420,80,0,0,0,0,0,0,0,0,0,0,0,0,0,0,0,0,0,0,0,8,0,0,0,0,0,0,0,,,,,,,,,,,,,,,,
505.194,0,0,0,0,0,0,0,0,12,0,0,0,0,79,30,3,4421,0,0,0,0,11,290,0,0,0,21,0,0,0,0,0,0,0,0,0,59,0,0,420,80,0,0,0,0,0,0,0,0,0,0,0,0,0,0,0,0,0,0,0,8,0,0,0,0,0,0,0,,,,,,,,,,,,,,,,
505.194,0,0,0,0,0,0,0,0,12,0,0,0,0,79,30,3,4421,0,0,0,0,11,290,0,0,0,21,0,0,0,0,0,0,0,0,0,59,0,0,420,80,0,0,0,0,0,0,0,0,0,0,0,0,0,0,0,0,0,0,0,8,0,0,0,0,0,0,0,,,,,,,,,,,,,,,,
505.194,0,0,0,0,0,0,0,0,12,0,0,0,0,79,30,3,4421,0,0,0,0,11,290,0,0,0,21,0,0,0,0,0,0,0,0,0,59,0,0,420,80,0,0,0,0,0,0,0,0,0,0,0,0,0,0,0,0,0,0,0,8,0,0,0,0,0,0,0,,,,,,,,,,,,,,,,
505.194,0,0,0,0,0,0,0,0,12,0,0,0,0,79,30,3,4421,0,0,0,0,11,290,0,0,0,21,0,0,0,0,0,0,0,0,0,59,0,0,420,80,0,0,0,0,0,0,0,0,0,0,0,0,0,0,0,0,0,0,0,8,0,0,0,0,0,0,0,,,,,,,,,,,,,,,,
505.758,0,0,0,0,0,0,0,0,12,0,0,0,0,79,30,3,4421,0,0,0,0,11,290,0,0,0,21,0,0,0,0,0,0,0,0,0,59,0,0,420,80,0,0,0,0,0,0,0,0,0,0,0,0,0,0,0,0,0,0,0,8,0,0,0,0,0,0,0,,,,,,,,,,,,,,,,
505.758,0,0,0,0,0,0,0,0,12,0,0,0,0,79,30,3,4421,0,0,0,0,11,290,0,0,0,21,0,0,0,0,0,0,0,0,0,59,0,0,420,80,0,0,0,0,0,0,0,0,0,0,0,0,0,0,0,0,0,0,0,8,0,0,0,0,0,0,0,,,,,,,,,,,,,,,,
505.758,0,0,0,0,0,0,0,0,12,0,0,0,0,79,30,3,4421,0,0,0,0,11,290,0,0,0,21,0,0,0,0,0,0,0,0,0,59,0,0,420,80,0,0,0,0,0,0,0,0,0,0,0,0,0,0,0,0,0,0,0,8,0,0,0,0,0,0,0,,,,,,,,,,,,,,,,
506.623,0,0,0,0,0,0,0,0,12,0,0,0,0,79,30,3,4421,0,0,0,0,11,289,0,0,0,21,0,0,0,0,0,0,0,0,0,59,0,0,420,80,0,0,0,0,0,0,0,0,0,0,0,0,0,0,0,0,0,0,0,8,0,0,0,0,0,0,0,,,,,,,,,,,,,,,,
506.623,0,0,0,0,0,0,0,0,12,0,0,0,0,79,30,3,4421,0,0,0,0,11,289,0,0,0,21,0,0,0,0,0,0,0,0,0,59,0,0,435,80,0,0,0,0,0,0,0,0,0,0,0,0,0,0,0,0,0,0,0,8,0,0,0,0,0,0,0,,,,,,,,,,,,,,,,
506.623,0,0,0,0,0,0,0,0,12,0,0,0,0,79,30,3,4421,0,0,0,0,11,289,0,0,0,21,0,0,0,0,0,0,0,0,0,60,0,0,435,80,0,0,0,0,0,0,0,0,0,0,0,0,0,0,0,0,0,0,0,8,0,0,0,0,0,0,0,,,,,,,,,,,,,,,,
507.194,0,0,0,0,0,0,0,0,12,0,0,0,0,79,30,3,4421,0,0,0,0,11,289,0,0,0,21,0,0,0,0,0,0,0,0,0,60,0,0,435,80,0,0,0,0,0,0,0,0,0,0,0,0,0,0,0,0,0,0,0,8,0,0,0,0,0,0,0,,,,,,,,,,,,,,,,
507.194,0,0,0,0,0,0,0,0,12,0,0,0,0,79,30,3,4421,0,0,0,0,12,289,0,0,0,21,0,0,0,0,0,0,0,0,0,60,0,0,435,80,0,0,0,0,0,0,0,0,0,0,0,0,0,0,0,0,0,0,0,8,0,0,0,0,0,0,0,,,,,,,,,,,,,,,,
507.194,0,0,0,0,0,0,0,0,12,0,0,0,0,79,30,3,4421,0,0,0,0,12,289,0,0,0,21,0,0,0,0,0,0,0,0,0,60,0,0,435,80,0,0,0,0,0,0,0,0,0,0,0,0,0,0,0,0,0,0,0,0,0,0,0,0,0,0,0,,,,,,,,,,,,,,,,
507.767,0,0,0,0,0,0,0,0,12,0,0,0,0,79,30,3,4421,0,0,0,0,12,289,0,0,0,20,0,0,0,0,0,0,0,0,0,60,0,0,435,80,0,0,0,0,0,0,0,0,0,0,0,0,0,0,0,0,0,0,0,0,0,0,0,0,0,0,0,,,,,,,,,,,,,,,,
507.767,0,0,0,0,0,0,0,0,12,0,0,0,0,79,30,3,4421,0,0,0,0,12,289,0,0,0,20,0,0,0,0,0,0,0,0,0,60,0,0,435,80,0,0,0,0,0,0,0,0,0,0,0,0,0,0,0,0,0,0,0,0,0,0,0,0,0,0,0,,,,,,,,,,,,,,,,
507.767,0,0,0,0,0,0,0,0,12,0,0,0,0,79,30,3,4421,0,0,0,0,12,289,0,0,0,20,0,0,0,0,0,0,0,0,0,60,0,0,435,80,0,0,0,0,0,0,0,0,0,0,0,0,0,0,0,0,0,0,0,0,0,0,0,0,0,0,0,,,,,,,,,,,,,,,,
508.619,0,0,0,0,0,0,0,0,12,0,0,0,0,79,30,3,4421,0,0,0,0,12,291,0,0,0,20,0,0,0,0,0,0,0,0,0,60,0,0,435,80,0,0,0,0,0,0,0,0,0,0,0,0,0,0,0,0,0,0,0,0,0,0,0,0,0,0,0,,,,,,,,,,,,,,,,
508.619,0,0,0,0,0,0,0,0,12,0,0,0,0,79,30,3,4421,0,0,0,0,12,291,0,0,0,20,0,0,0,0,0,0,0,0,0,60,0,0,424,80,0,0,0,0,0,0,0,0,0,0,0,0,0,0,0,0,0,0,0,0,0,0,0,0,0,0,0,,,,,,,,,,,,,,,,
508.619,0,0,0,0,0,0,0,0,12,0,0,0,0,79,30,3,4421,0,0,0,0,12,291,0,0,0,20,0,0,0,0,0,0,0,0,0,61,0,0,424,80,0,0,0,0,0,0,0,0,0,0,0,0,0,0,0,0,0,0,0,0,0,0,0,0,0,0,0,,,,,,,,,,,,,,,,
509.192,0,0,0,0,0,0,0,0,12,0,0,0,0,79,30,3,4421,0,0,0,0,12,291,0,0,0,22,0,0,0,0,0,0,0,0,0,61,0,0,424,80,0,0,0,0,0,0,0,0,0,0,0,0,0,0,0,0,0,0,0,0,0,0,0,0,0,0,0,,,,,,,,,,,,,,,,
509.192,0,0,0,0,0,0,0,0,12,0,0,0,0,79,30,3,4421,0,0,0,0,12,291,0,0,0,22,0,0,0,0,0,0,0,0,0,61,0,0,424,80,0,0,0,0,0,0,0,0,0,0,0,0,0,0,0,0,0,0,0,0,0,0,0,0,0,0,0,,,,,,,,,,,,,,,,
509.192,0,0,0,0,0,0,0,0,12,0,0,0,0,79,30,3,4421,0,0,0,0,12,291,0,0,0,22,0,0,0,0,0,0,0,0,0,61,0,0,424,80,0,0,0,0,0,0,0,0,0,0,0,0,0,0,0,0,0,0,0,0,0,0,0,0,0,0,0,,,,,,,,,,,,,,,,
509.765,0,0,0,0,0,0,0,0,12,0,0,0,0,79,30,3,4421,0,0,0,0,12,291,0,0,0,22,0,0,0,0,0,0,0,0,0,61,0,0,424,80,0,0,0,0,0,0,0,0,0,0,0,0,0,0,0,0,0,0,0,0,0,0,0,0,0,0,0,,,,,,,,,,,,,,,,
509.765,0,0,0,0,0,0,0,0,12,0,0,0,0,79,30,3,4421,0,0,0,0,12,291,0,0,0,22,0,0,0,0,0,0,0,0,0,61,0,0,424,80,0,0,0,0,0,0,0,0,0,0,0,0,0,0,0,0,0,0,0,0,0,0,0,0,0,0,0,,,,,,,,,,,,,,,,
509.765,0,0,0,0,0,0,0,0,12,0,0,0,0,79,30,3,4421,0,0,0,0,12,291,0,0,0,22,0,0,0,0,0,0,0,0,0,61,0,0,424,80,0,0,0,0,0,0,0,0,0,0,0,0,0,0,0,0,0,0,0,0,0,0,0,0,0,0,0,,,,,,,,,,,,,,,,
509.765,0,0,0,0,0,0,0,0,12,0,0,0,0,79,30,3,4421,0,0,0,0,12,291,0,0,0,22,0,0,0,0,0,0,0,0,0,61,0,0,424,80,0,0,0,0,0,0,0,0,0,0,0,0,0,0,0,0,0,0,0,0,0,0,0,0,0,0,0,,,,,,,,,,,,,,,,
510.330,0,0,0,0,0,0,0,0,12,0,0,0,0,79,30,3,4421,0,0,0,0,12,291,0,0,0,22,0,0,0,0,0,0,0,0,0,61,0,0,424,80,0,0,0,0,0,0,0,0,0,0,0,0,0,0,0,0,0,0,0,0,0,0,0,0,0,0,0,,,,,,,,,,,,,,,,
510.330,0,0,0,0,0,0,0,0,12,0,0,0,0,79,30,3,4421,0,0,0,0,12,291,0,0,0,22,0,0,0,0,0,0,0,0,0,61,0,0,424,80,0,0,0,0,0,0,0,0,0,0,0,0,0,0,0,0,0,0,0,0,0,0,0,0,0,0,0,,,,,,,,,,,,,,,,
510.330,0,0,0,0,0,0,0,0,12,0,0,0,0,79,30,3,4421,0,0,0,0,12,291,0,0,0,22,0,0,0,0,0,0,0,0,0,61,0,0,424,80,0,0,0,0,0,0,0,0,0,0,0,0,0,0,0,0,0,0,0,0,0,0,0,0,0,0,0,,,,,,,,,,,,,,,,
510.330,0,0,0,0,0,0,0,0,12,0,0,0,0,79,30,3,6485,0,0,0,0,12,291,0,0,0,22,0,0,0,0,0,0,0,0,0,61,0,0,424,80,0,0,0,0,0,0,0,0,0,0,0,0,0,0,0,0,0,0,0,0,0,0,0,0,0,0,0,,,,,,,,,,,,,,,,
510.902,0,0,0,0,0,0,0,0,12,0,0,0,0,79,30,3,6485,0,0,0,0,12,290,0,0,0,22,0,0,0,0,0,0,0,0,0,61,0,0,424,80,0,0,0,0,0,0,0,0,0,0,0,0,0,0,0,0,0,0,0,0,0,0,0,0,0,0,0,,,,,,,,,,,,,,,,
510.902,0,0,0,0,0,0,0,0,12,0,0,0,0,79,30,3,6485,0,0,0,0,12,290,0,0,0,22,0,0,0,0,0,0,0,0,0,61,0,0,415,80,0,0,0,0,0,0,0,0,0,0,0,0,0,0,0,0,0,0,0,0,0,0,0,0,0,0,0,,,,,,,,,,,,,,,,
510.902,0,0,0,0,0,0,0,0,12,0,0,0,0,79,30,3,6485,0,0,0,0,12,290,0,0,0,22,0,0,0,0,0,0,0,0,0,59,0,0,415,80,0,0,0,0,0,0,0,0,0,0,0,0,0,0,0,0,0,0,0,0,0,0,0,0,0,0,0,,,,,,,,,,,,,,,,
511.470,0,0,0,0,0,0,0,0,12,0,0,0,0,79,30,3,6485,0,0,0,0,12,290,0,0,0,22,0,0,0,0,0,0,0,0,0,59,0,0,415,80,0,0,0,0,0,0,0,0,0,0,0,0,0,0,0,0,0,0,0,0,0,0,0,0,0,0,0,,,,,,,,,,,,,,,,
511.470,0,0,0,0,0,0,0,0,12,0,0,0,0,79,30,3,6485,0,0,0,0,12,290,0,0,0,22,0,0,0,0,0,0,0,0,0,59,0,0,415,80,0,0,0,0,0,0,0,0,0,0,0,0,0,0,0,0,0,0,0,0,0,0,0,0,0,0,0,,,,,,,,,,,,,,,,
511.470,0,0,0,0,0,0,0,0,12,0,0,0,0,79,30,3,6485,0,0,0,0,12,290,0,0,0,22,0,0,0,0,0,0,0,0,0,59,0,0,415,80,0,0,0,0,0,0,0,0,0,0,0,0,0,0,0,0,0,0,0,8,0,0,0,0,0,0,0,,,,,,,,,,,,,,,,
512.042,0,0,0,0,0,0,0,0,12,0,0,0,0,79,30,3,6485,0,0,0,0,12,290,0,0,0,22,0,0,0,0,0,0,0,0,0,59,0,0,415,80,0,0,0,0,0,0,0,0,0,0,0,0,0,0,0,0,0,0,0,8,0,0,0,0,0,0,0,,,,,,,,,,,,,,,,
512.042,0,0,0,0,0,0,0,0,12,0,0,0,0,79,30,3,6485,0,0,0,0,12,290,0,0,0,22,0,0,0,0,0,0,0,0,0,59,0,0,415,80,0,0,0,0,0,0,0,0,0,0,0,0,0,0,0,0,0,0,0,8,0,0,0,0,0,0,0,,,,,,,,,,,,,,,,
512.042,0,0,0,0,0,0,0,0,12,0,0,0,0,79,30,3,6485,0,0,0,0,12,290,0,0,0,22,0,0,0,0,0,0,0,0,0,59,0,0,415,80,0,0,0,0,0,0,0,0,0,0,0,0,0,0,0,0,0,0,0,8,0,0,0,0,0,0,0,,,,,,,,,,,,,,,,
512.626,0,0,0,0,0,0,0,0,12,0,0,0,0,79,30,3,6485,0,0,0,0,12,291,0,0,0,22,0,0,0,0,0,0,0,0,0,59,0,0,415,80,0,0,0,0,0,0,0,0,0,0,0,0,0,0,0,0,0,0,0,8,0,0,0,0,0,0,0,,,,,,,,,,,,,,,,
512.626,0,0,0,0,0,0,0,0,12,0,0,0,0,79,30,3,6485,0,0,0,0,12,291,0,0,0,22,0,0,0,0,0,0,0,0,0,59,0,0,425,80,0,0,0,0,0,0,0,0,0,0,0,0,0,0,0,0,0,0,0,8,0,0,0,0,0,0,0,,,,,,,,,,,,,,,,
512.626,0,0,0,0,0,0,0,0,12,0,0,0,0,79,30,3,6485,0,0,0,0,12,291,0,0,0,22,0,0,0,0,0,0,0,0,0,61,0,0,425,80,0,0,0,0,0,0,0,0,0,0,0,0,0,0,0,0,0,0,0,8,0,0,0,0,0,0,0,,,,,,,,,,,,,,,,
513.198,0,0,0,0,0,0,0,0,12,0,0,0,0,79,30,3,6485,0,0,0,0,12,291,0,0,0,22,0,0,0,0,0,0,0,0,0,61,0,0,425,80,0,0,0,0,0,0,0,0,0,0,0,0,0,0,0,0,0,0,0,8,0,0,0,0,0,0,0,,,,,,,,,,,,,,,,
513.198,0,0,0,0,0,0,0,0,12,0,0,0,0,79,30,3,6485,0,0,0,0,12,291,0,0,0,22,0,0,0,0,0,0,0,0,0,61,0,0,425,80,0,0,0,0,0,0,0,0,0,0,0,0,0,0,0,0,0,0,0,8,0,0,0,0,0,0,0,,,,,,,,,,,,,,,,
513.198,0,0,0,0,0,0,0,0,12,0,0,0,0,79,30,3,6485,0,0,0,0,12,291,0,0,0,22,0,0,0,0,0,0,0,0,0,61,0,0,425,80,0,0,0,0,0,0,0,0,0,0,0,0,0,0,0,0,0,0,0,8,0,0,0,0,0,0,0,,,,,,,,,,,,,,,,
514.621,0,0,0,0,0,0,0,0,12,0,0,0,0,79,30,3,6485,0,0,0,0,12,287,0,0,0,22,0,0,0,0,0,0,0,0,0,61,0,0,425,80,0,0,0,0,0,0,0,0,0,0,0,0,0,0,0,0,0,0,0,8,0,0,0,0,0,0,0,,,,,,,,,,,,,,,,
514.621,0,0,0,0,0,0,0,0,12,0,0,0,0,79,30,3,6485,0,0,0,0,12,287,0,0,0,22,0,0,0,0,0,0,0,0,0,61,0,0,430,80,0,0,0,0,0,0,0,0,0,0,0,0,0,0,0,0,0,0,0,8,0,0,0,0,0,0,0,,,,,,,,,,,,,,,,
514.621,0,0,0,0,0,0,0,0,12,0,0,0,0,79,30,3,6485,0,0,0,0,12,287,0,0,0,22,0,0,0,0,0,0,0,0,0,56,0,0,430,80,0,0,0,0,0,0,0,0,0,0,0,0,0,0,0,0,0,0,0,8,0,0,0,0,0,0,0,,,,,,,,,,,,,,,,
515.194,0,0,0,0,0,0,0,0,12,0,0,0,0,79,30,3,6485,0,0,0,0,12,287,0,0,0,22,0,0,0,0,0,0,0,0,0,56,0,0,430,80,0,0,0,0,0,0,0,0,0,0,0,0,0,0,0,0,0,0,0,8,0,0,0,0,0,0,0,,,,,,,,,,,,,,,,
515.194,0,0,0,0,0,0,0,0,12,0,0,0,0,79,30,3,6485,0,0,0,0,13,287,0,0,0,22,0,0,0,0,0,0,0,0,0,56,0,0,430,80,0,0,0,0,0,0,0,0,0,0,0,0,0,0,0,0,0,0,0,8,0,0,0,0,0,0,0,,,,,,,,,,,,,,,,
515.194,0,0,0,0,0,0,0,0,12,0,0,0,0,79,30,3,6485,0,0,0,0,13,287,0,0,0,22,0,0,0,0,0,0,0,0,0,56,0,0,430,80,0,0,0,0,0,0,0,0,0,0,0,0,0,0,0,0,0,0,0,8,0,0,0,0,0,0,0,,,,,,,,,,,,,,,,
515.762,0,0,0,0,0,0,0,0,12,0,0,0,0,79,30,3,6485,0,0,0,0,13,287,0,0,0,21,0,0,0,0,0,0,0,0,0,56,0,0,430,80,0,0,0,0,0,0,0,0,0,0,0,0,0,0,0,0,0,0,0,8,0,0,0,0,0,0,0,,,,,,,,,,,,,,,,
515.762,0,0,0,0,0,0,0,0,12,0,0,0,0,80,30,3,6485,0,0,0,0,13,287,0,0,0,21,0,0,0,0,0,0,0,0,0,56,0,0,430,80,0,0,0,0,0,0,0,0,0,0,0,0,0,0,0,0,0,0,0,8,0,0,0,0,0,0,0,,,,,,,,,,,,,,,,
515.762,0,0,0,0,0,0,0,0,12,0,0,0,0,80,30,3,6485,0,0,0,0,13,287,0,0,0,21,0,0,0,0,0,0,0,0,0,56,0,0,430,80,0,0,0,0,0,0,0,0,0,0,0,0,0,0,0,0,0,0,0,8,0,0,0,0,0,0,0,,,,,,,,,,,,,,,,
516.336,0,0,0,0,0,0,0,0,12,0,0,0,0,80,30,3,6485,0,0,0,0,13,287,0,0,0,21,0,0,0,0,0,0,0,0,0,56,0,0,430,80,0,0,0,0,0,0,0,0,0,0,0,0,0,0,0,0,0,0,0,8,0,0,0,0,0,0,0,,,,,,,,,,,,,,,,
516.336,0,0,0,0,0,0,0,0,12,0,0,0,0,80,30,3,6485,0,0,0,0,13,287,0,0,0,21,0,0,0,0,0,0,0,0,0,56,0,0,430,80,0,0,0,0,0,0,0,0,0,0,0,0,0,0,0,0,0,0,0,8,0,0,0,0,0,0,0,,,,,,,,,,,,,,,,
516.336,0,0,0,0,0,0,0,0,12,0,0,0,0,80,30,3,6485,0,0,0,0,13,287,0,0,0,21,0,0,0,0,0,0,0,0,0,56,0,0,430,80,0,0,0,0,0,0,0,0,0,0,0,0,0,0,0,0,0,0,0,8,0,0,0,0,0,0,0,,,,,,,,,,,,,,,,
516.336,0,0,0,0,0,0,0,0,12,0,0,0,0,80,30,3,6485,0,0,0,0,13,287,0,0,0,21,0,0,0,0,0,0,0,0,0,56,0,0,430,80,0,0,0,0,0,0,0,0,0,0,0,0,0,0,0,0,0,0,0,8,0,0,0,0,0,0,0,,,,,,,,,,,,,,,,
516.904,0,0,0,0,0,0,0,0,12,0,0,0,0,80,30,3,6485,0,0,0,0,13,290,0,0,0,21,0,0,0,0,0,0,0,0,0,56,0,0,430,80,0,0,0,0,0,0,0,0,0,0,0,0,0,0,0,0,0,0,0,8,0,0,0,0,0,0,0,,,,,,,,,,,,,,,,
516.904,0,0,0,0,0,0,0,0,12,0,0,0,0,80,30,3,6485,0,0,0,0,13,290,0,0,0,21,0,0,0,0,0,0,0,0,0,56,0,0,426,80,0,0,0,0,0,0,0,0,0,0,0,0,0,0,0,0,0,0,0,8,0,0,0,0,0,0,0,,,,,,,,,,,,,,,,
516.904,0,0,0,0,0,0,0,0,12,0,0,0,0,80,30,3,6485,0,0,0,0,13,290,0,0,0,21,0,0,0,0,0,0,0,0,0,60,0,0,426,80,0,0,0,0,0,0,0,0,0,0,0,0,0,0,0,0,0,0,0,8,0,0,0,0,0,0,0,,,,,,,,,,,,,,,,
517.472,0,0,0,0,0,0,0,0,12,0,0,0,0,80,30,3,6485,0,0,0,0,13,290,0,0,0,21,0,0,0,0,0,0,0,0,0,60,0,0,426,80,0,0,0,0,0,0,0,0,0,0,0,0,0,0,0,0,0,0,0,8,0,0,0,0,0,0,0,,,,,,,,,,,,,,,,
517.472,0,0,0,0,0,0,0,0,12,0,0,0,0,80,30,3,6485,0,0,0,0,13,290,0,0,0,21,0,0,0,0,0,0,0,0,0,60,0,0,426,80,0,0,0,0,0,0,0,0,0,0,0,0,0,0,0,0,0,0,0,8,0,0,0,0,0,0,0,,,,,,,,,,,,,,,,
517.472,0,0,0,0,0,0,0,0,12,0,0,0,0,80,30,3,6485,0,0,0,0,13,290,0,0,0,21,0,0,0,0,0,0,0,0,0,60,0,0,426,80,0,0,0,0,0,0,0,0,0,0,0,0,0,0,0,0,0,0,0,8,0,0,0,0,0,0,0,,,,,,,,,,,,,,,,
518.045,0,0,0,0,0,0,0,0,12,0,0,0,0,80,30,3,6485,0,0,0,0,13,290,0,0,0,21,0,0,0,0,0,0,0,0,0,60,0,0,426,80,0,0,0,0,0,0,0,0,0,0,0,0,0,0,0,0,0,0,0,8,0,0,0,0,0,0,0,,,,,,,,,,,,,,,,
518.045,0,0,0,0,0,0,0,0,12,0,0,0,0,80,30,3,6485,0,0,0,0,13,290,0,0,0,21,0,0,0,0,0,0,0,0,0,60,0,0,426,80,0,0,0,0,0,0,0,0,0,0,0,0,0,0,0,0,0,0,0,8,0,0,0,0,0,0,0,,,,,,,,,,,,,,,,
518.045,0,0,0,0,0,0,0,0,12,0,0,0,0,80,30,3,6485,0,0,0,0,13,290,0,0,0,21,0,0,0,0,0,0,0,0,0,60,0,0,426,80,0,0,0,0,0,0,0,0,0,0,0,0,0,0,0,0,0,0,0,8,0,0,0,0,0,0,0,,,,,,,,,,,,,,,,
518.045,0,0,0,0,0,0,0,0,12,0,0,0,0,80,30,3,4728,0,0,0,0,13,290,0,0,0,21,0,0,0,0,0,0,0,0,0,60,0,0,426,80,0,0,0,0,0,0,0,0,0,0,0,0,0,0,0,0,0,0,0,8,0,0,0,0,0,0,0,,,,,,,,,,,,,,,,
518.618,0,0,0,0,0,0,0,0,12,0,0,0,0,80,30,3,4728,0,0,0,0,13,267,0,0,0,21,0,0,0,0,0,0,0,0,0,60,0,0,426,80,0,0,0,0,0,0,0,0,0,0,0,0,0,0,0,0,0,0,0,8,0,0,0,0,0,0,0,,,,,,,,,,,,,,,,
518.618,0,0,0,0,0,0,0,0,12,0,0,0,0,80,30,3,4728,0,0,0,0,13,267,0,0,0,21,0,0,0,0,0,0,0,0,0,60,0,0,437,80,0,0,0,0,0,0,0,0,0,0,0,0,0,0,0,0,0,0,0,8,0,0,0,0,0,0,0,,,,,,,,,,,,,,,,
518.618,0,0,0,0,0,0,0,0,12,0,0,0,0,80,30,3,4728,0,0,0,0,13,267,0,0,0,21,0,0,0,0,0,0,0,0,0,35,0,0,437,80,0,0,0,0,0,0,0,0,0,0,0,0,0,0,0,0,0,0,0,8,0,0,0,0,0,0,0,,,,,,,,,,,,,,,,
519.190,0,0,0,0,0,0,0,0,12,0,0,0,0,80,30,3,4728,0,0,0,0,13,267,0,0,0,21,0,0,0,0,0,0,0,0,0,35,0,0,437,80,0,0,0,0,0,0,0,0,0,0,0,0,0,0,0,0,0,0,0,8,0,0,0,0,0,0,0,,,,,,,,,,,,,,,,
519.190,0,0,0,0,0,0,0,0,12,0,0,0,0,80,30,3,4728,0,0,0,0,13,267,0,0,0,21,0,0,0,0,0,0,0,0,0,35,0,0,437,80,0,0,0,0,0,0,0,0,0,0,0,0,0,0,0,0,0,0,0,8,0,0,0,0,0,0,0,,,,,,,,,,,,,,,,
519.190,0,0,0,0,0,0,0,0,12,0,0,0,0,80,30,3,4728,0,0,0,0,13,267,0,0,0,21,0,0,0,0,0,0,0,0,0,35,0,0,437,80,0,0,0,0,0,0,0,0,0,0,0,0,0,0,0,0,0,0,0,1,0,0,0,0,0,0,0,,,,,,,,,,,,,,,,
519.760,0,0,0,0,0,0,0,0,12,0,0,0,0,80,30,3,4728,0,0,0,0,13,267,0,0,0,21,0,0,0,0,0,0,0,0,0,35,0,0,437,80,0,0,0,0,0,0,0,0,0,0,0,0,0,0,0,0,0,0,0,1,0,0,0,0,0,0,0,,,,,,,,,,,,,,,,
519.760,0,0,0,0,0,0,0,0,12,0,0,0,0,80,30,3,4728,0,0,0,0,13,267,0,0,0,21,0,0,0,0,0,0,0,0,0,35,0,0,437,80,0,0,0,0,0,0,0,0,0,0,0,0,0,0,0,0,0,0,0,1,0,0,0,0,0,0,0,,,,,,,,,,,,,,,,
519.760,0,0,0,0,0,0,0,0,12,0,0,0,0,80,30,3,4728,0,0,0,0,13,267,0,0,0,21,0,0,0,0,0,0,0,0,0,35,0,0,437,81,0,0,0,0,0,0,0,0,0,0,0,0,0,0,0,0,0,0,0,1,0,0,0,0,0,0,0,,,,,,,,,,,,,,,,
520.328,0,0,0,0,0,0,0,0,12,0,0,0,0,80,30,3,4728,0,0,0,0,13,267,0,0,0,21,0,0,0,0,0,0,0,0,0,35,0,0,437,81,0,0,0,0,0,0,0,0,0,0,0,0,0,0,0,0,0,0,0,1,0,0,0,0,0,0,0,,,,,,,,,,,,,,,,
520.328,0,0,0,0,0,0,0,0,12,0,0,0,0,80,30,3,4728,0,0,0,0,13,267,0,0,0,21,0,0,0,0,0,0,0,0,0,35,0,0,437,81,0,0,0,0,0,0,0,0,0,0,0,0,0,0,0,0,0,0,0,1,0,0,0,0,0,0,0,,,,,,,,,,,,,,,,
520.328,0,0,0,0,0,0,0,0,12,0,0,0,0,80,30,3,4728,0,0,0,0,13,267,0,0,0,21,0,0,0,0,0,0,0,0,0,35,0,0,437,81,0,0,0,0,0,0,0,0,0,0,0,0,0,0,0,0,0,0,0,1,0,0,0,0,0,0,0,,,,,,,,,,,,,,,,
520.328,0,0,0,0,0,0,0,0,12,0,0,0,0,80,30,3,4728,0,0,0,0,13,267,0,0,0,21,0,0,0,0,0,0,0,0,0,35,0,0,437,81,0,0,0,0,0,0,0,0,0,0,0,0,0,0,0,0,0,0,0,1,0,0,0,0,0,0,0,,,,,,,,,,,,,,,,
520.901,0,0,0,0,0,0,0,0,12,0,0,0,0,80,30,3,4728,0,0,0,0,13,281,0,0,0,21,0,0,0,0,0,0,0,0,0,35,0,0,437,81,0,0,0,0,0,0,0,0,0,0,0,0,0,0,0,0,0,0,0,1,0,0,0,0,0,0,0,,,,,,,,,,,,,,,,
520.901,0,0,0,0,0,0,0,0,12,0,0,0,0,80,30,3,4728,0,0,0,0,13,281,0,0,0,21,0,0,0,0,0,0,0,0,0,35,0,0,416,81,0,0,0,0,0,0,0,0,0,0,0,0,0,0,0,0,0,0,0,1,0,0,0,0,0,0,0,,,,,,,,,,,,,,,,
520.901,0,0,0,0,0,0,0,0,12,0,0,0,0,80,30,3,4728,0,0,0,0,13,281,0,0,0,21,0,0,0,0,0,0,0,0,0,50,0,0,416,81,0,0,0,0,0,0,0,0,0,0,0,0,0,0,0,0,0,0,0,1,0,0,0,0,0,0,0,,,,,,,,,,,,,,,,
521.468,0,0,0,0,0,0,0,0,12,0,0,0,0,80,30,3,4728,0,0,0,0,13,281,0,0,0,22,0,0,0,0,0,0,0,0,0,50,0,0,416,81,0,0,0,0,0,0,0,0,0,0,0,0,0,0,0,0,0,0,0,1,0,0,0,0,0,0,0,,,,,,,,,,,,,,,,
521.468,0,0,0,0,0,0,0,0,12,0,0,0,0,80,30,3,4728,0,0,0,0,13,281,0,0,0,22,0,0,0,0,0,0,0,0,0,50,0,0,416,81,0,0,0,0,0,0,0,0,0,0,0,0,0,0,0,0,0,0,0,1,0,0,0,0,0,0,0,,,,,,,,,,,,,,,,
521.468,0,0,0,0,0,0,0,0,12,0,0,0,0,80,30,3,4728,0,0,0,0,13,281,0,0,0,22,0,0,0,0,0,0,0,0,0,50,0,0,416,81,0,0,0,0,0,0,0,0,0,0,0,0,0,0,0,0,0,0,0,1,0,0,0,0,0,0,0,,,,,,,,,,,,,,,,
522.624,0,0,0,0,0,0,0,0,12,0,0,0,0,80,30,3,4728,0,0,0,0,13,287,0,0,0,22,0,0,0,0,0,0,0,0,0,50,0,0,416,81,0,0,0,0,0,0,0,0,0,0,0,0,0,0,0,0,0,0,0,1,0,0,0,0,0,0,0,,,,,,,,,,,,,,,,
522.624,0,0,0,0,0,0,0,0,12,0,0,0,0,80,30,3,4728,0,0,0,0,13,287,0,0,0,22,0,0,0,0,0,0,0,0,0,50,0,0,422,81,0,0,0,0,0,0,0,0,0,0,0,0,0,0,0,0,0,0,0,1,0,0,0,0,0,0,0,,,,,,,,,,,,,,,,
522.624,0,0,0,0,0,0,0,0,12,0,0,0,0,80,30,3,4728,0,0,0,0,13,287,0,0,0,22,0,0,0,0,0,0,0,0,0,55,0,0,422,81,0,0,0,0,0,0,0,0,0,0,0,0,0,0,0,0,0,0,0,1,0,0,0,0,0,0,0,,,,,,,,,,,,,,,,
523.197,0,0,0,0,0,0,0,0,12,0,0,0,0,80,30,3,4728,0,0,0,0,13,287,0,0,0,22,0,0,0,0,0,0,0,0,0,55,0,0,422,81,0,0,0,0,0,0,0,0,0,0,0,0,0,0,0,0,0,0,0,1,0,0,0,0,0,0,0,,,,,,,,,,,,,,,,
523.197,0,0,0,0,0,0,0,0,12,0,0,0,0,80,30,3,4728,0,0,0,0,13,287,0,0,0,22,0,0,0,0,0,0,0,0,0,55,0,0,422,81,0,0,0,0,0,0,0,0,0,0,0,0,0,0,0,0,0,0,0,1,0,0,0,0,0,0,0,,,,,,,,,,,,,,,,
523.197,0,0,0,0,0,0,0,0,12,0,0,0,0,80,30,3,4728,0,0,0,0,13,287,0,0,0,22,0,0,0,0,0,0,0,0,0,55,0,0,422,81,0,0,0,0,0,0,0,0,0,0,0,0,0,0,0,0,0,0,0,14,0,0,0,0,0,0,0,,,,,,,,,,,,,,,,
523.766,0,0,0,0,0,0,0,0,12,0,0,0,0,80,30,3,4728,0,0,0,0,13,287,0,0,0,22,0,0,0,0,0,0,0,0,0,55,0,0,422,81,0,0,0,0,0,0,0,0,0,0,0,0,0,0,0,0,0,0,0,14,0,0,0,0,0,0,0,,,,,,,,,,,,,,,,
523.766,0,0,0,0,0,0,0,0,12,0,0,0,0,80,30,3,4728,0,0,0,0,13,287,0,0,0,22,0,0,0,0,0,0,0,0,0,55,0,0,422,81,0,0,0,0,0,0,0,0,0,0,0,0,0,0,0,0,0,0,0,14,0,0,0,0,0,0,0,,,,,,,,,,,,,,,,
523.766,0,0,0,0,0,0,0,0,12,0,0,0,0,80,30,3,4728,0,0,0,0,13,287,0,0,0,22,0,0,0,0,0,0,0,0,0,55,0,0,422,81,0,0,0,0,0,0,0,0,0,0,0,0,0,0,0,0,0,0,0,14,0,0,0,0,0,0,0,,,,,,,,,,,,,,,,
524.619,0,0,0,0,0,0,0,0,12,0,0,0,0,80,30,3,4728,0,0,0,0,13,280,0,0,0,22,0,0,0,0,0,0,0,0,0,55,0,0,422,81,0,0,0,0,0,0,0,0,0,0,0,0,0,0,0,0,0,0,0,14,0,0,0,0,0,0,0,,,,,,,,,,,,,,,,
524.619,0,0,0,0,0,0,0,0,12,0,0,0,0,80,30,3,4728,0,0,0,0,13,280,0,0,0,22,0,0,0,0,0,0,0,0,0,55,0,0,430,81,0,0,0,0,0,0,0,0,0,0,0,0,0,0,0,0,0,0,0,14,0,0,0,0,0,0,0,,,,,,,,,,,,,,,,
524.619,0,0,0,0,0,0,0,0,12,0,0,0,0,80,30,3,4728,0,0,0,0,13,280,0,0,0,22,0,0,0,0,0,0,0,0,0,49,0,0,430,81,0,0,0,0,0,0,0,0,0,0,0,0,0,0,0,0,0,0,0,14,0,0,0,0,0,0,0,,,,,,,,,,,,,,,,
525.190,0,0,0,0,0,0,0,0,12,0,0,0,0,80,30,3,4728,0,0,0,0,13,280,0,0,0,22,0,0,0,0,0,0,0,0,0,49,0,0,430,81,0,0,0,0,0,0,0,0,0,0,0,0,0,0,0,0,0,0,0,14,0,0,0,0,0,0,0,,,,,,,,,,,,,,,,
525.190,0,0,0,0,0,0,0,0,12,0,0,0,0,80,30,3,4728,0,0,0,0,13,280,0,0,0,22,0,0,0,0,0,0,0,0,0,49,0,0,430,81,0,0,0,0,0,0,0,0,0,0,0,0,0,0,0,0,0,0,0,14,0,0,0,0,0,0,0,,,,,,,,,,,,,,,,
525.190,0,0,0,0,0,0,0,0,12,0,0,0,0,80,30,3,4728,0,0,0,0,13,280,0,0,0,22,0,0,0,0,0,0,0,0,0,49,0,0,430,81,0,0,0,0,0,0,0,0,0,0,0,0,0,0,0,0,0,0,0,14,0,0,0,0,0,0,0,,,,,,,,,,,,,,,,
525.190,0,0,0,0,0,0,0,0,12,0,0,0,0,80,30,3,4728,0,0,0,0,13,280,0,0,0,22,0,0,0,0,0,0,0,0,0,49,0,0,430,81,0,0,0,0,0,0,0,0,0,0,0,0,0,0,0,0,0,0,0,14,0,0,0,0,0,0,0,,,,,,,,,,,,,,,,
525.760,0,0,0,0,0,0,0,0,12,0,0,0,0,80,30,3,4728,0,0,0,0,13,280,0,0,0,22,0,0,0,0,0,0,0,0,0,49,0,0,430,81,0,0,0,0,0,0,0,0,0,0,0,0,0,0,0,0,0,0,0,14,0,0,0,0,0,0,0,,,,,,,,,,,,,,,,
525.760,0,0,0,0,0,0,0,0,12,0,0,0,0,81,30,3,4728,0,0,0,0,13,280,0,0,0,22,0,0,0,0,0,0,0,0,0,49,0,0,430,81,0,0,0,0,0,0,0,0,0,0,0,0,0,0,0,0,0,0,0,14,0,0,0,0,0,0,0,,,,,,,,,,,,,,,,
525.760,0,0,0,0,0,0,0,0,12,0,0,0,0,81,30,3,4728,0,0,0,0,13,280,0,0,0,22,0,0,0,0,0,0,0,0,0,49,0,0,430,81,0,0,0,0,0,0,0,0,0,0,0,0,0,0,0,0,0,0,0,14,0,0,0,0,0,0,0,,,,,,,,,,,,,,,,
526.626,0,0,0,0,0,0,0,0,12,0,0,0,0,81,30,3,4728,0,0,0,0,13,307,0,0,0,22,0,0,0,0,0,0,0,0,0,49,0,0,430,81,0,0,0,0,0,0,0,0,0,0,0,0,0,0,0,0,0,0,0,14,0,0,0,0,0,0,0,,,,,,,,,,,,,,,,
526.626,0,0,0,0,0,0,0,0,12,0,0,0,0,81,30,3,4728,0,0,0,0,13,307,0,0,0,22,0,0,0,0,0,0,0,0,0,49,0,0,421,81,0,0,0,0,0,0,0,0,0,0,0,0,0,0,0,0,0,0,0,14,0,0,0,0,0,0,0,,,,,,,,,,,,,,,,
526.626,0,0,0,0,0,0,0,0,12,0,0,0,0,81,30,3,4728,0,0,0,0,13,307,0,0,0,22,0,0,0,0,0,0,0,0,0,76,0,0,421,81,0,0,0,0,0,0,0,0,0,0,0,0,0,0,0,0,0,0,0,14,0,0,0,0,0,0,0,,,,,,,,,,,,,,,,
527.197,0,0,0,0,0,0,0,0,12,0,0,0,0,81,30,3,4728,0,0,0,0,13,307,0,0,0,22,0,0,0,0,0,0,0,0,0,76,0,0,421,81,0,0,0,0,0,0,0,0,0,0,0,0,0,0,0,0,0,0,0,14,0,0,0,0,0,0,0,,,,,,,,,,,,,,,,
527.197,0,0,0,0,0,0,0,0,12,0,0,0,0,81,30,3,4728,0,0,0,0,14,307,0,0,0,22,0,0,0,0,0,0,0,0,0,76,0,0,421,81,0,0,0,0,0,0,0,0,0,0,0,0,0,0,0,0,0,0,0,14,0,0,0,0,0,0,0,,,,,,,,,,,,,,,,
527.197,0,0,0,0,0,0,0,0,12,0,0,0,0,81,30,3,4728,0,0,0,0,14,307,0,0,0,22,0,0,0,0,0,0,0,0,0,76,0,0,421,81,0,0,0,0,0,0,0,0,0,0,0,0,0,0,0,0,0,0,0,33,0,0,0,0,0,0,0,,,,,,,,,,,,,,,,
527.765,0,0,0,0,0,0,0,0,12,0,0,0,0,81,30,3,4728,0,0,0,0,14,307,0,0,0,22,0,0,0,0,0,0,0,0,0,76,0,0,421,81,0,0,0,0,0,0,0,0,0,0,0,0,0,0,0,0,0,0,0,33,0,0,0,0,0,0,0,,,,,,,,,,,,,,,,
527.765,0,0,0,0,0,0,0,0,12,0,0,0,0,81,30,3,4728,0,0,0,0,14,307,0,0,0,22,0,0,0,0,0,0,0,0,0,76,0,0,421,81,0,0,0,0,0,0,0,0,0,0,0,0,0,0,0,0,0,0,0,33,0,0,0,0,0,0,0,,,,,,,,,,,,,,,,
527.765,0,0,0,0,0,0,0,0,12,0,0,0,0,81,30,3,4728,0,0,0,0,14,307,0,0,0,22,0,0,0,0,0,0,0,0,0,76,0,0,421,81,0,0,0,0,0,0,0,0,0,0,0,0,0,0,0,0,0,0,0,33,0,0,0,0,0,0,0,,,,,,,,,,,,,,,,
527.765,0,0,0,0,0,0,0,0,12,0,0,0,0,81,30,3,4312,0,0,0,0,14,307,0,0,0,22,0,0,0,0,0,0,0,0,0,76,0,0,421,81,0,0,0,0,0,0,0,0,0,0,0,0,0,0,0,0,0,0,0,33,0,0,0,0,0,0,0,,,,,,,,,,,,,,,,
854.619,0,0,0,0,0,0,0,0,12,0,0,0,0,81,30,3,4312,0,0,0,0,14,307,0,0,0,21,0,0,0,0,0,0,0,0,0,76,0,0,421,81,0,0,0,0,0,0,0,0,0,0,0,0,0,0,0,0,0,0,0,33,0,0,0,0,0,0,0,,,,,,,,,,,,,,,,
854.619,0,0,0,0,0,0,0,0,12,0,0,0,0,70,30,3,4312,0,0,0,0,14,307,0,0,0,21,0,0,0,0,0,0,0,0,0,76,0,0,421,81,0,0,0,0,0,0,0,0,0,0,0,0,0,0,0,0,0,0,0,33,0,0,0,0,0,0,0,,,,,,,,,,,,,,,,
854.619,0,0,0,0,0,0,0,0,12,0,0,0,0,70,30,3,4312,0,0,0,0,14,307,0,0,0,21,0,0,0,0,0,0,0,0,0,76,0,0,421,81,0,0,0,0,0,0,0,0,0,0,0,0,0,0,0,0,0,0,0,33,0,0,0,0,0,0,0,,,,,,,,,,,,,,,,
855.190,0,0,0,0,0,0,0,0,12,0,0,0,0,70,30,3,4312,0,0,0,0,14,285,0,0,0,21,0,0,0,0,0,0,0,0,0,76,0,0,421,81,0,0,0,0,0,0,0,0,0,0,0,0,0,0,0,0,0,0,0,33,0,0,0,0,0,0,0,,,,,,,,,,,,,,,,
855.190,0,0,0,0,0,0,0,0,12,0,0,0,0,70,30,3,4312,0,0,0,0,14,285,0,0,0,21,0,0,0,0,0,0,0,0,0,76,0,0,413,81,0,0,0,0,0,0,0,0,0,0,0,0,0,0,0,0,0,0,0,33,0,0,0,0,0,0,0,,,,,,,,,,,,,,,,
855.190,0,0,0,0,0,0,0,0,12,0,0,0,0,70,30,3,4312,0,0,0,0,14,285,0,0,0,21,0,0,0,0,0,0,0,0,0,50,0,0,413,81,0,0,0,0,0,0,0,0,0,0,0,0,0,0,0,0,0,0,0,33,0,0,0,0,0,0,0,,,,,,,,,,,,,,,,
855.763,0,0,0,0,0,0,0,0,12,0,0,0,0,70,30,3,4312,0,0,0,0,14,285,0,0,0,21,0,0,0,0,0,0,0,0,0,50,0,0,413,81,0,0,0,0,0,0,0,0,0,0,0,0,0,0,0,0,0,0,0,33,0,0,0,0,0,0,0,,,,,,,,,,,,,,,,
855.763,0,0,0,0,0,0,0,0,12,0,0,0,0,70,30,3,4312,0,0,0,0,0,285,0,0,0,21,0,0,0,0,0,0,0,0,0,50,0,0,413,81,0,0,0,0,0,0,0,0,0,0,0,0,0,0,0,0,0,0,0,33,0,0,0,0,0,0,0,,,,,,,,,,,,,,,,
855.763,0,0,0,0,0,0,0,0,12,0,0,0,0,70,30,3,4312,0,0,0,0,0,285,0,0,0,21,0,0,0,0,0,0,0,0,0,50,0,0,413,81,0,0,0,0,0,0,0,0,0,0,0,0,0,0,0,0,0,0,0,2,0,0,0,0,0,0,0,,,,,,,,,,,,,,,,
856.329,0,0,0,0,0,0,0,0,12,0,0,0,0,70,30,3,4312,0,0,0,0,0,285,0,0,0,21,0,0,0,0,0,0,0,0,0,50,0,0,413,81,0,0,0,0,0,0,0,0,0,0,0,0,0,0,0,0,0,0,0,2,0,0,0,0,0,0,0,,,,,,,,,,,,,,,,
856.329,0,0,0,0,0,0,0,0,12,0,0,0,0,70,24,3,4312,0,0,0,0,0,285,0,0,0,21,0,0,0,0,0,0,0,0,0,50,0,0,413,81,0,0,0,0,0,0,0,0,0,0,0,0,0,0,0,0,0,0,0,2,0,0,0,0,0,0,0,,,,,,,,,,,,,,,,
856.329,0,0,0,0,0,0,0,0,12,0,0,0,0,70,24,3,4312,0,0,0,0,0,285,0,0,0,21,0,0,0,0,0,0,0,0,0,50,0,0,413,81,0,0,0,0,0,0,0,0,0,0,0,0,0,0,0,0,0,0,0,2,0,0,0,0,0,0,0,,,,,,,,,,,,,,,,
856.329,0,0,0,0,0,0,0,0,12,0,0,0,0,70,24,3,4312,0,0,0,0,0,285,0,0,0,21,0,0,0,0,0,0,0,0,0,50,0,0,413,81,0,0,0,0,0,0,0,0,0,0,0,0,0,0,0,0,0,0,0,2,0,0,0,0,0,0,0,,,,,,,,,,,,,,,,
856.899,0,0,0,0,0,0,0,0,12,0,0,0,0,70,24,3,4312,0,0,0,0,0,285,0,0,0,21,0,0,0,0,0,0,0,0,0,50,0,0,413,81,0,0,0,0,0,0,0,0,0,0,0,0,0,0,0,0,0,0,0,2,0,0,0,0,0,0,0,,,,,,,,,,,,,,,,
856.899,0,0,0,0,0,0,0,0,12,0,0,0,0,70,24,3,4312,0,0,0,0,0,285,0,0,0,21,0,0,0,0,0,0,0,0,0,50,0,0,413,81,0,0,0,0,0,0,0,0,0,0,0,0,0,0,0,0,0,0,0,2,0,0,0,0,0,0,0,,,,,,,,,,,,,,,,
856.899,0,0,0,0,0,0,0,0,12,0,0,0,0,70,24,3,4312,0,0,0,0,0,285,0,0,0,21,0,0,0,0,0,0,0,0,0,50,0,0,413,81,0,0,0,0,0,0,0,0,0,0,0,0,0,0,0,0,0,0,0,2,0,0,0,0,0,0,0,,,,,,,,,,,,,,,,
856.899,0,0,0,0,0,0,0,0,12,0,0,0,0,70,24,3,3696,0,0,0,0,0,285,0,0,0,21,0,0,0,0,0,0,0,0,0,50,0,0,413,81,0,0,0,0,0,0,0,0,0,0,0,0,0,0,0,0,0,0,0,2,0,0,0,0,0,0,0,,,,,,,,,,,,,,,,
857.469,0,0,0,0,0,0,0,0,12,0,0,0,0,70,24,3,3696,0,0,0,0,0,285,0,0,0,23,0,0,0,0,0,0,0,0,0,50,0,0,413,81,0,0,0,0,0,0,0,0,0,0,0,0,0,0,0,0,0,0,0,2,0,0,0,0,0,0,0,,,,,,,,,,,,,,,,
857.469,0,0,0,0,0,0,0,0,12,0,0,0,0,70,24,3,3696,0,0,0,0,0,285,0,0,0,23,0,0,0,0,0,0,0,0,0,50,0,0,413,81,0,0,0,0,0,0,0,0,0,0,0,0,0,0,0,0,0,0,0,2,0,0,0,0,0,0,0,,,,,,,,,,,,,,,,
857.469,0,0,0,0,0,0,0,0,12,0,0,0,0,70,24,3,3696,0,0,0,0,0,285,0,0,0,23,0,0,0,0,0,0,0,0,0,50,0,0,413,81,0,0,0,0,0,0,0,0,0,0,0,0,0,0,0,0,0,0,0,2,0,0,0,0,0,0,0,,,,,,,,,,,,,,,,
858.040,0,0,0,0,0,0,0,0,12,0,0,0,0,70,24,3,3696,0,0,0,0,0,285,0,0,0,23,0,0,0,0,0,0,0,0,0,50,0,0,413,81,0,0,0,0,0,0,0,0,0,0,0,0,0,0,0,0,0,0,0,2,0,0,0,0,0,0,0,,,,,,,,,,,,,,,,
858.040,0,0,0,0,0,0,0,0,12,0,0,0,0,70,24,3,3696,0,0,0,0,0,285,0,0,0,23,0,0,0,0,0,0,0,0,0,50,0,0,417,81,0,0,0,0,0,0,0,0,0,0,0,0,0,0,0,0,0,0,0,2,0,0,0,0,0,0,0,,,,,,,,,,,,,,,,
858.040,0,0,0,0,0,0,0,0,12,0,0,0,0,70,24,3,3696,0,0,0,0,0,285,0,0,0,23,0,0,0,0,0,0,0,0,0,51,0,0,417,81,0,0,0,0,0,0,0,0,0,0,0,0,0,0,0,0,0,0,0,2,0,0,0,0,0,0,0,,,,,,,,,,,,,,,,
858.611,0,0,0,0,0,0,0,0,12,0,0,0,0,70,24,3,3696,0,0,0,0,0,285,0,0,0,23,0,0,0,0,0,0,0,0,0,51,0,0,417,81,0,0,0,0,0,0,0,0,0,0,0,0,0,0,0,0,0,0,0,2,0,0,0,0,0,0,0,,,,,,,,,,,,,,,,
858.611,0,0,0,0,0,0,0,0,12,0,0,0,0,71,24,3,3696,0,0,0,0,0,285,0,0,0,23,0,0,0,0,0,0,0,0,0,51,0,0,417,81,0,0,0,0,0,0,0,0,0,0,0,0,0,0,0,0,0,0,0,2,0,0,0,0,0,0,0,,,,,,,,,,,,,,,,
858.611,0,0,0,0,0,0,0,0,12,0,0,0,0,71,24,3,3696,0,0,0,0,0,285,0,0,0,23,0,0,0,0,0,0,0,0,0,51,0,0,417,81,0,0,0,0,0,0,0,0,0,0,0,0,0,0,0,0,0,0,0,2,0,0,0,0,0,0,0,,,,,,,,,,,,,,,,
859.180,0,0,0,0,0,0,0,0,12,0,0,0,0,71,24,3,3696,0,0,0,0,0,285,0,0,0,23,0,0,0,0,0,0,0,0,0,51,0,0,417,81,0,0,0,0,0,0,0,0,0,0,0,0,0,0,0,0,0,0,0,2,0,0,0,0,0,0,0,,,,,,,,,,,,,,,,
859.180,0,0,0,0,0,0,0,0,12,0,0,0,0,71,24,3,3696,0,0,0,0,0,285,0,0,0,23,0,0,0,0,0,0,0,0,0,51,0,0,417,81,0,0,0,0,0,0,0,0,0,0,0,0,0,0,0,0,0,0,0,2,0,0,0,0,0,0,0,,,,,,,,,,,,,,,,
859.180,0,0,0,0,0,0,0,0,12,0,0,0,0,71,24,3,3696,0,0,0,0,0,285,0,0,0,23,0,0,0,0,0,0,0,0,0,51,0,0,417,81,0,0,0,0,0,0,0,0,0,0,0,0,0,0,0,0,0,0,0,0,0,0,0,0,0,0,0,,,,,,,,,,,,,,,,
859.955,0,0,0,0,0,0,0,0,12,0,0,0,0,71,24,3,3696,0,0,0,0,0,306,0,0,0,23,0,0,0,0,0,0,0,0,0,51,0,0,417,81,0,0,0,0,0,0,0,0,0,0,0,0,0,0,0,0,0,0,0,0,0,0,0,0,0,0,0,,,,,,,,,,,,,,,,
859.955,0,0,0,0,0,0,0,0,12,0,0,0,0,71,24,3,3696,0,0,0,0,0,306,0,0,0,23,0,0,0,0,0,0,0,0,0,51,0,0,302,81,0,0,0,0,0,0,0,0,0,0,0,0,0,0,0,0,0,0,0,0,0,0,0,0,0,0,0,,,,,,,,,,,,,,,,
859.955,0,0,0,0,0,0,0,0,12,0,0,0,0,71,24,3,3696,0,0,0,0,0,306,0,0,0,23,0,0,0,0,0,0,0,0,0,74,0,0,302,81,0,0,0,0,0,0,0,0,0,0,0,0,0,0,0,0,0,0,0,0,0,0,0,0,0,0,0,,,,,,,,,,,,,,,,
860.525,0,0,0,0,0,0,0,0,12,0,0,0,0,71,24,3,3696,0,0,0,0,0,306,0,0,0,23,0,0,0,0,0,0,0,0,0,74,0,0,302,81,0,0,0,0,0,0,0,0,0,0,0,0,0,0,0,0,0,0,0,0,0,0,0,0,0,0,0,,,,,,,,,,,,,,,,
860.525,0,0,0,0,0,0,0,0,12,0,0,0,0,71,24,3,3696,0,0,0,0,0,306,0,0,0,23,0,0,0,0,0,0,0,0,0,74,0,0,302,81,0,0,0,0,0,0,0,0,0,0,0,0,0,0,0,0,0,0,0,0,0,0,0,0,0,0,0,,,,,,,,,,,,,,,,
860.525,0,0,0,0,0,0,0,0,12,0,0,0,0,71,24,3,3696,0,0,0,0,0,306,0,0,0,23,0,0,0,0,0,0,0,0,0,74,0,0,302,81,0,0,0,0,0,0,0,0,0,0,0,0,0,0,0,0,0,0,0,0,0,0,0,0,0,0,0,,,,,,,,,,,,,,,,
860.525,0,0,0,0,0,0,0,0,12,0,0,0,0,71,24,3,3696,0,0,0,0,0,306,0,0,0,23,0,0,0,0,0,0,0,0,0,74,0,0,302,81,0,0,0,0,0,0,0,0,0,0,0,0,0,0,0,0,0,0,0,0,0,0,0,0,0,0,0,,,,,,,,,,,,,,,,
861.096,0,0,0,0,0,0,0,0,12,0,0,0,0,71,24,3,3696,0,0,0,0,0,306,0,0,0,24,0,0,0,0,0,0,0,0,0,74,0,0,302,81,0,0,0,0,0,0,0,0,0,0,0,0,0,0,0,0,0,0,0,0,0,0,0,0,0,0,0,,,,,,,,,,,,,,,,
861.096,0,0,0,0,0,0,0,0,12,0,0,0,0,71,24,3,3696,0,0,0,0,0,306,0,0,0,24,0,0,0,0,0,0,0,0,0,74,0,0,302,81,0,0,0,0,0,0,0,0,0,0,0,0,0,0,0,0,0,0,0,0,0,0,0,0,0,0,0,,,,,,,,,,,,,,,,
861.096,0,0,0,0,0,0,0,0,12,0,0,0,0,71,24,3,3696,0,0,0,0,0,306,0,0,0,24,0,0,0,0,0,0,0,0,0,74,0,0,302,81,0,0,0,0,0,0,0,0,0,0,0,0,0,0,0,0,0,0,0,0,0,0,0,0,0,0,0,,,,,,,,,,,,,,,,
861.961,0,0,0,0,0,0,0,0,12,0,0,0,0,71,24,3,3696,0,0,0,0,0,299,0,0,0,24,0,0,0,0,0,0,0,0,0,74,0,0,302,81,0,0,0,0,0,0,0,0,0,0,0,0,0,0,0,0,0,0,0,0,0,0,0,0,0,0,0,,,,,,,,,,,,,,,,
861.961,0,0,0,0,0,0,0,0,12,0,0,0,0,71,24,3,3696,0,0,0,0,0,299,0,0,0,24,0,0,0,0,0,0,0,0,0,74,0,0,274,81,0,0,0,0,0,0,0,0,0,0,0,0,0,0,0,0,0,0,0,0,0,0,0,0,0,0,0,,,,,,,,,,,,,,,,
861.961,0,0,0,0,0,0,0,0,12,0,0,0,0,71,24,3,3696,0,0,0,0,0,299,0,0,0,24,0,0,0,0,0,0,0,0,0,65,0,0,274,81,0,0,0,0,0,0,0,0,0,0,0,0,0,0,0,0,0,0,0,0,0,0,0,0,0,0,0,,,,,,,,,,,,,,,,
862.537,0,0,0,0,0,0,0,0,12,0,0,0,0,71,24,3,3696,0,0,0,0,0,299,0,0,0,24,0,0,0,0,0,0,0,0,0,65,0,0,274,81,0,0,0,0,0,0,0,0,0,0,0,0,0,0,0,0,0,0,0,0,0,0,0,0,0,0,0,,,,,,,,,,,,,,,,
862.537,0,0,0,0,0,0,0,0,12,0,0,0,0,72,24,3,3696,0,0,0,0,0,299,0,0,0,24,0,0,0,0,0,0,0,0,0,65,0,0,274,81,0,0,0,0,0,0,0,0,0,0,0,0,0,0,0,0,0,0,0,0,0,0,0,0,0,0,0,,,,,,,,,,,,,,,,
862.537,0,0,0,0,0,0,0,0,12,0,0,0,0,72,24,3,3696,0,0,0,0,0,299,0,0,0,24,0,0,0,0,0,0,0,0,0,65,0,0,274,81,0,0,0,0,0,0,0,0,0,0,0,0,0,0,0,0,0,0,0,0,0,0,0,0,0,0,0,,,,,,,,,,,,,,,,
863.104,0,0,0,0,0,0,0,0,12,0,0,0,0,72,24,3,3696,0,0,0,0,0,299,0,0,0,24,0,0,0,0,0,0,0,0,0,65,0,0,274,81,0,0,0,0,0,0,0,0,0,0,0,0,0,0,0,0,0,0,0,0,0,0,0,0,0,0,0,,,,,,,,,,,,,,,,
863.104,0,0,0,0,0,0,0,0,12,0,0,0,0,72,24,3,3696,0,0,0,0,0,299,0,0,0,24,0,0,0,0,0,0,0,0,0,65,0,0,274,81,0,0,0,0,0,0,0,0,0,0,0,0,0,0,0,0,0,0,0,0,0,0,0,0,0,0,0,,,,,,,,,,,,,,,,
863.104,0,0,0,0,0,0,0,0,12,0,0,0,0,72,24,3,3696,0,0,0,0,0,299,0,0,0,24,0,0,0,0,0,0,0,0,0,65,0,0,274,81,0,0,0,0,0,0,0,0,0,0,0,0,0,0,0,0,0,0,0,0,0,0,0,0,0,0,0,,,,,,,,,,,,,,,,
863.671,0,0,0,0,0,0,0,0,12,0,0,0,0,72,24,3,3696,0,0,0,0,0,299,0,0,0,24,0,0,0,0,0,0,0,0,0,65,0,0,274,81,0,0,0,0,0,0,0,0,0,0,0,0,0,0,0,0,0,0,0,0,0,0,0,0,0,0,0,,,,,,,,,,,,,,,,
863.671,0,0,0,0,0,0,0,0,12,0,0,0,0,72,24,3,3696,0,0,0,0,0,299,0,0,0,24,0,0,0,0,0,0,0,0,0,65,0,0,274,81,0,0,0,0,0,0,0,0,0,0,0,0,0,0,0,0,0,0,0,0,0,0,0,0,0,0,0,,,,,,,,,,,,,,,,
863.671,0,0,0,0,0,0,0,0,12,0,0,0,0,72,24,3,3696,0,0,0,0,0,299,0,0,0,24,0,0,0,0,0,0,0,0,0,65,0,0,274,81,0,0,0,0,0,0,0,0,0,0,0,0,0,0,0,0,0,0,0,0,0,0,0,0,0,0,0,,,,,,,,,,,,,,,,
863.671,0,0,0,0,0,0,0,0,12,0,0,0,0,72,24,3,2645,0,0,0,0,0,299,0,0,0,24,0,0,0,0,0,0,0,0,0,65,0,0,274,81,0,0,0,0,0,0,0,0,0,0,0,0,0,0,0,0,0,0,0,0,0,0,0,0,0,0,0,,,,,,,,,,,,,,,,
864.241,0,0,0,0,0,0,0,0,12,0,0,0,0,72,24,3,2645,0,0,0,0,0,303,0,0,0,24,0,0,0,0,0,0,0,0,0,65,0,0,274,81,0,0,0,0,0,0,0,0,0,0,0,0,0,0,0,0,0,0,0,0,0,0,0,0,0,0,0,,,,,,,,,,,,,,,,
864.241,0,0,0,0,0,0,0,0,12,0,0,0,0,72,24,3,2645,0,0,0,0,0,303,0,0,0,24,0,0,0,0,0,0,0,0,0,65,0,0,190,81,0,0,0,0,0,0,0,0,0,0,0,0,0,0,0,0,0,0,0,0,0,0,0,0,0,0,0,,,,,,,,,,,,,,,,
864.241,0,0,0,0,0,0,0,0,12,0,0,0,0,72,24,3,2645,0,0,0,0,0,303,0,0,0,24,0,0,0,0,0,0,0,0,0,69,0,0,190,81,0,0,0,0,0,0,0,0,0,0,0,0,0,0,0,0,0,0,0,0,0,0,0,0,0,0,0,,,,,,,,,,,,,,,,
864.815,0,0,0,0,0,0,0,0,12,0,0,0,0,72,24,3,2645,0,0,0,0,0,303,0,0,0,24,0,0,0,0,0,0,0,0,0,69,0,0,190,81,0,0,0,0,0,0,0,0,0,0,0,0,0,0,0,0,0,0,0,0,0,0,0,0,0,0,0,,,,,,,,,,,,,,,,
864.815,0,0,0,0,0,0,0,0,12,0,0,0,0,72,24,3,2645,0,0,0,0,0,303,0,0,0,24,0,0,0,0,0,0,0,0,0,69,0,0,190,81,0,0,0,0,0,0,0,0,0,0,0,0,0,0,0,0,0,0,0,0,0,0,0,0,0,0,0,,,,,,,,,,,,,,,,
864.815,0,0,0,0,0,0,0,0,12,0,0,0,0,72,24,3,2645,0,0,0,0,0,303,0,0,0,24,0,0,0,0,0,0,0,0,0,69,0,0,190,81,0,0,0,0,0,0,0,0,0,0,0,0,0,0,0,0,0,0,0,0,0,0,0,0,0,0,0,,,,,,,,,,,,,,,,
865.387,0,0,0,0,0,0,0,0,12,0,0,0,0,72,24,3,2645,0,0,0,0,0,303,0,0,0,24,0,0,0,0,0,0,0,0,0,69,0,0,190,81,0,0,0,0,0,0,0,0,0,0,0,0,0,0,0,0,0,0,0,0,0,0,0,0,0,0,0,,,,,,,,,,,,,,,,
865.387,0,0,0,0,0,0,0,0,12,0,0,0,0,72,24,3,2645,0,0,0,0,0,303,0,0,0,24,0,0,0,0,0,0,0,0,0,69,0,0,190,81,0,0,0,0,0,0,0,0,0,0,0,0,0,0,0,0,0,0,0,0,0,0,0,0,0,0,0,,,,,,,,,,,,,,,,
865.387,0,0,0,0,0,0,0,0,12,0,0,0,0,72,24,3,2645,0,0,0,0,0,303,0,0,0,24,0,0,0,0,0,0,0,0,0,69,0,0,190,81,0,0,0,0,0,0,0,0,0,0,0,0,0,0,0,0,0,0,0,0,0,0,0,0,0,0,0,,,,,,,,,,,,,,,,
865.387,0,0,0,0,0,0,0,0,12,0,0,0,0,72,24,3,2645,0,0,0,0,0,303,0,0,0,24,0,0,0,0,0,0,0,0,0,69,0,0,190,81,0,0,0,0,0,0,0,0,0,0,0,0,0,0,0,0,0,0,0,0,0,0,0,0,0,0,0,,,,,,,,,,,,,,,,
865.959,0,0,0,0,0,0,0,0,12,0,0,0,0,72,24,3,2645,0,0,0,0,0,304,0,0,0,24,0,0,0,0,0,0,0,0,0,69,0,0,190,81,0,0,0,0,0,0,0,0,0,0,0,0,0,0,0,0,0,0,0,0,0,0,0,0,0,0,0,,,,,,,,,,,,,,,,
865.959,0,0,0,0,0,0,0,0,12,0,0,0,0,72,24,3,2645,0,0,0,0,0,304,0,0,0,24,0,0,0,0,0,0,0,0,0,69,0,0,259,81,0,0,0,0,0,0,0,0,0,0,0,0,0,0,0,0,0,0,0,0,0,0,0,0,0,0,0,,,,,,,,,,,,,,,,
865.959,0,0,0,0,0,0,0,0,12,0,0,0,0,72,24,3,2645,0,0,0,0,0,304,0,0,0,24,0,0,0,0,0,0,0,0,0,71,0,0,259,81,0,0,0,0,0,0,0,0,0,0,0,0,0,0,0,0,0,0,0,0,0,0,0,0,0,0,0,,,,,,,,,,,,,,,,
866.527,0,0,0,0,0,0,0,0,12,0,0,0,0,72,24,3,2645,0,0,0,0,0,304,0,0,0,23,0,0,0,0,0,0,0,0,0,71,0,0,259,81,0,0,0,0,0,0,0,0,0,0,0,0,0,0,0,0,0,0,0,0,0,0,0,0,0,0,0,,,,,,,,,,,,,,,,
866.527,0,0,0,0,0,0,0,0,12,0,0,0,0,73,24,3,2645,0,0,0,0,0,304,0,0,0,23,0,0,0,0,0,0,0,0,0,71,0,0,259,81,0,0,0,0,0,0,0,0,0,0,0,0,0,0,0,0,0,0,0,0,0,0,0,0,0,0,0,,,,,,,,,,,,,,,,
866.527,0,0,0,0,0,0,0,0,12,0,0,0,0,73,24,3,2645,0,0,0,0,0,304,0,0,0,23,0,0,0,0,0,0,0,0,0,71,0,0,259,81,0,0,0,0,0,0,0,0,0,0,0,0,0,0,0,0,0,0,0,0,0,0,0,0,0,0,0,,,,,,,,,,,,,,,,
867.097,0,0,0,0,0,0,0,0,12,0,0,0,0,73,24,3,2645,0,0,0,0,0,304,0,0,0,23,0,0,0,0,0,0,0,0,0,71,0,0,259,81,0,0,0,0,0,0,0,0,0,0,0,0,0,0,0,0,0,0,0,0,0,0,0,0,0,0,0,,,,,,,,,,,,,,,,
867.097,0,0,0,0,0,0,0,0,12,0,0,0,0,73,24,3,2645,0,0,0,0,0,304,0,0,0,23,0,0,0,0,0,0,0,0,0,71,0,0,259,81,0,0,0,0,0,0,0,0,0,0,0,0,0,0,0,0,0,0,0,0,0,0,0,0,0,0,0,,,,,,,,,,,,,,,,
867.097,0,0,0,0,0,0,0,0,12,0,0,0,0,73,24,3,2645,0,0,0,0,0,304,0,0,0,23,0,0,0,0,0,0,0,0,0,71,0,0,259,81,0,0,0,0,0,0,0,0,0,0,0,0,0,0,0,0,0,0,0,0,0,0,0,0,0,0,0,,,,,,,,,,,,,,,,
867.955,0,0,0,0,0,0,0,0,12,0,0,0,0,73,24,3,2645,0,0,0,0,0,310,0,0,0,23,0,0,0,0,0,0,0,0,0,71,0,0,259,81,0,0,0,0,0,0,0,0,0,0,0,0,0,0,0,0,0,0,0,0,0,0,0,0,0,0,0,,,,,,,,,,,,,,,,
867.955,0,0,0,0,0,0,0,0,12,0,0,0,0,73,24,3,2645,0,0,0,0,0,310,0,0,0,23,0,0,0,0,0,0,0,0,0,71,0,0,167,81,0,0,0,0,0,0,0,0,0,0,0,0,0,0,0,0,0,0,0,0,0,0,0,0,0,0,0,,,,,,,,,,,,,,,,
867.955,0,0,0,0,0,0,0,0,12,0,0,0,0,73,24,3,2645,0,0,0,0,0,310,0,0,0,23,0,0,0,0,0,0,0,0,0,76,0,0,167,81,0,0,0,0,0,0,0,0,0,0,0,0,0,0,0,0,0,0,0,0,0,0,0,0,0,0,0,,,,,,,,,,,,,,,,
868.523,0,0,0,0,0,0,0,0,12,0,0,0,0,73,24,3,2645,0,0,0,0,0,310,0,0,0,24,0,0,0,0,0,0,0,0,0,76,0,0,167,81,0,0,0,0,0,0,0,0,0,0,0,0,0,0,0,0,0,0,0,0,0,0,0,0,0,0,0,,,,,,,,,,,,,,,,
868.523,0,0,0,0,0,0,0,0,12,0,0,0,0,73,24,3,2645,0,0,0,0,0,310,0,0,0,24,0,0,0,0,0,0,0,0,0,76,0,0,167,81,0,0,0,0,0,0,0,0,0,0,0,0,0,0,0,0,0,0,0,0,0,0,0,0,0,0,0,,,,,,,,,,,,,,,,
868.523,0,0,0,0,0,0,0,0,12,0,0,0,0,73,24,3,2645,0,0,0,0,0,310,0,0,0,24,0,0,0,0,0,0,0,0,0,76,0,0,167,81,0,0,0,0,0,0,0,0,0,0,0,0,0,0,0,0,0,0,0,0,0,0,0,0,0,0,0,,,,,,,,,,,,,,,,
869.964,0,0,0,0,0,0,0,0,12,0,0,0,0,73,24,3,2645,0,0,0,0,0,303,0,0,0,24,0,0,0,0,0,0,0,0,0,76,0,0,167,81,0,0,0,0,0,0,0,0,0,0,0,0,0,0,0,0,0,0,0,0,0,0,0,0,0,0,0,,,,,,,,,,,,,,,,
869.964,0,0,0,0,0,0,0,0,12,0,0,0,0,73,24,3,2645,0,0,0,0,0,303,0,0,0,24,0,0,0,0,0,0,0,0,0,76,0,0,206,81,0,0,0,0,0,0,0,0,0,0,0,0,0,0,0,0,0,0,0,0,0,0,0,0,0,0,0,,,,,,,,,,,,,,,,
869.964,0,0,0,0,0,0,0,0,12,0,0,0,0,73,24,3,2645,0,0,0,0,0,303,0,0,0,24,0,0,0,0,0,0,0,0,0,69,0,0,206,81,0,0,0,0,0,0,0,0,0,0,0,0,0,0,0,0,0,0,0,0,0,0,0,0,0,0,0,,,,,,,,,,,,,,,,
870.529,0,0,0,0,0,0,0,0,12,0,0,0,0,73,24,3,2645,0,0,0,0,0,303,0,0,0,24,0,0,0,0,0,0,0,0,0,69,0,0,206,81,0,0,0,0,0,0,0,0,0,0,0,0,0,0,0,0,0,0,0,0,0,0,0,0,0,0,0,,,,,,,,,,,,,,,,
870.529,0,0,0,0,0,0,0,0,12,0,0,0,0,73,25,3,2645,0,0,0,0,0,303,0,0,0,24,0,0,0,0,0,0,0,0,0,69,0,0,206,81,0,0,0,0,0,0,0,0,0,0,0,0,0,0,0,0,0,0,0,0,0,0,0,0,0,0,0,,,,,,,,,,,,,,,,
870.529,0,0,0,0,0,0,0,0,12,0,0,0,0,73,25,3,2645,0,0,0,0,0,303,0,0,0,24,0,0,0,0,0,0,0,0,0,69,0,0,206,81,0,0,0,0,0,0,0,0,0,0,0,0,0,0,0,0,0,0,0,0,0,0,0,0,0,0,0,,,,,,,,,,,,,,,,
870.529,0,0,0,0,0,0,0,0,12,0,0,0,0,73,25,3,2645,0,0,0,0,0,303,0,0,0,24,0,0,0,0,0,0,0,0,0,69,0,0,206,81,0,0,0,0,0,0,0,0,0,0,0,0,0,0,0,0,0,0,0,0,0,0,0,0,0,0,0,,,,,,,,,,,,,,,,
871.102,0,0,0,0,0,0,0,0,12,0,0,0,0,73,25,3,2645,0,0,0,0,0,303,0,0,0,23,0,0,0,0,0,0,0,0,0,69,0,0,206,81,0,0,0,0,0,0,0,0,0,0,0,0,0,0,0,0,0,0,0,0,0,0,0,0,0,0,0,,,,,,,,,,,,,,,,
871.102,0,0,0,0,0,0,0,0,12,0,0,0,0,73,25,3,2645,0,0,0,0,0,303,0,0,0,23,0,0,0,0,0,0,0,0,0,69,0,0,206,81,0,0,0,0,0,0,0,0,0,0,0,0,0,0,0,0,0,0,0,0,0,0,0,0,0,0,0,,,,,,,,,,,,,,,,
871.102,0,0,0,0,0,0,0,0,12,0,0,0,0,73,25,3,2645,0,0,0,0,0,303,0,0,0,23,0,0,0,0,0,0,0,0,0,69,0,0,206,81,0,0,0,0,0,0,0,0,0,0,0,0,0,0,0,0,0,0,0,0,0,0,0,0,0,0,0,,,,,,,,,,,,,,,,
871.670,0,0,0,0,0,0,0,0,12,0,0,0,0,73,25,3,2645,0,0,0,0,0,303,0,0,0,23,0,0,0,0,0,0,0,0,0,69,0,0,206,81,0,0,0,0,0,0,0,0,0,0,0,0,0,0,0,0,0,0,0,0,0,0,0,0,0,0,0,,,,,,,,,,,,,,,,
871.670,0,0,0,0,0,0,0,0,12,0,0,0,0,73,25,3,2645,0,0,0,0,0,303,0,0,0,23,0,0,0,0,0,0,0,0,0,69,0,0,206,81,0,0,0,0,0,0,0,0,0,0,0,0,0,0,0,0,0,0,0,0,0,0,0,0,0,0,0,,,,,,,,,,,,,,,,
871.670,0,0,0,0,0,0,0,0,12,0,0,0,0,73,25,3,2645,0,0,0,0,0,303,0,0,0,23,0,0,0,0,0,0,0,0,0,69,0,0,206,81,0,0,0,0,0,0,0,0,0,0,0,0,0,0,0,0,0,0,0,0,0,0,0,0,0,0,0,,,,,,,,,,,,,,,,
871.670,0,0,0,0,0,0,0,0,12,0,0,0,0,73,25,3,2016,0,0,0,0,0,303,0,0,0,23,0,0,0,0,0,0,0,0,0,69,0,0,206,81,0,0,0,0,0,0,0,0,0,0,0,0,0,0,0,0,0,0,0,0,0,0,0,0,0,0,0,,,,,,,,,,,,,,,,
872.242,0,0,0,0,0,0,0,0,12,0,0,0,0,73,25,3,2016,0,0,0,0,0,307,0,0,0,23,0,0,0,0,0,0,0,0,0,69,0,0,206,81,0,0,0,0,0,0,0,0,0,0,0,0,0,0,0,0,0,0,0,0,0,0,0,0,0,0,0,,,,,,,,,,,,,,,,
872.242,0,0,0,0,0,0,0,0,12,0,0,0,0,73,25,3,2016,0,0,0,0,0,307,0,0,0,23,0,0,0,0,0,0,0,0,0,69,0,0,201,81,0,0,0,0,0,0,0,0,0,0,0,0,0,0,0,0,0,0,0,0,0,0,0,0,0,0,0,,,,,,,,,,,,,,,,
872.242,0,0,0,0,0,0,0,0,12,0,0,0,0,73,25,3,2016,0,0,0,0,0,307,0,0,0,23,0,0,0,0,0,0,0,0,0,75,0,0,201,81,0,0,0,0,0,0,0,0,0,0,0,0,0,0,0,0,0,0,0,0,0,0,0,0,0,0,0,,,,,,,,,,,,,,,,
872.810,0,0,0,0,0,0,0,0,12,0,0,0,0,73,25,3,2016,0,0,0,0,0,307,0,0,0,23,0,0,0,0,0,0,0,0,0,75,0,0,201,81,0,0,0,0,0,0,0,0,0,0,0,0,0,0,0,0,0,0,0,0,0,0,0,0,0,0,0,,,,,,,,,,,,,,,,
872.810,0,0,0,0,0,0,0,0,12,0,0,0,0,73,25,3,2016,0,0,0,0,0,307,0,0,0,23,0,0,0,0,0,0,0,0,0,75,0,0,201,81,0,0,0,0,0,0,0,0,0,0,0,0,0,0,0,0,0,0,0,0,0,0,0,0,0,0,0,,,,,,,,,,,,,,,,
872.810,0,0,0,0,0,0,0,0,12,0,0,0,0,73,25,3,2016,0,0,0,0,0,307,0,0,0,23,0,0,0,0,0,0,0,0,0,75,0,0,201,81,0,0,0,0,0,0,0,0,0,0,0,0,0,0,0,0,0,0,0,0,0,0,0,0,0,0,0,,,,,,,,,,,,,,,,
873.379,0,0,0,0,0,0,0,0,12,0,0,0,0,73,25,3,2016,0,0,0,0,0,307,0,0,0,23,0,0,0,0,0,0,0,0,0,75,0,0,201,81,0,0,0,0,0,0,0,0,0,0,0,0,0,0,0,0,0,0,0,0,0,0,0,0,0,0,0,,,,,,,,,,,,,,,,
873.379,0,0,0,0,0,0,0,0,12,0,0,0,0,73,25,3,2016,0,0,0,0,0,307,0,0,0,23,0,0,0,0,0,0,0,0,0,75,0,0,201,81,0,0,0,0,0,0,0,0,0,0,0,0,0,0,0,0,0,0,0,0,0,0,0,0,0,0,0,,,,,,,,,,,,,,,,
873.379,0,0,0,0,0,0,0,0,12,0,0,0,0,73,25,3,2016,0,0,0,0,0,307,0,0,0,23,0,0,0,0,0,0,0,0,0,75,0,0,201,81,0,0,0,0,0,0,0,0,0,0,0,0,0,0,0,0,0,0,0,0,0,0,0,0,0,0,0,,,,,,,,,,,,,,,,
873.956,0,0,0,0,0,0,0,0,12,0,0,0,0,73,25,3,2016,0,0,0,0,0,308,0,0,0,23,0,0,0,0,0,0,0,0,0,75,0,0,201,81,0,0,0,0,0,0,0,0,0,0,0,0,0,0,0,0,0,0,0,0,0,0,0,0,0,0,0,,,,,,,,,,,,,,,,
873.956,0,0,0,0,0,0,0,0,12,0,0,0,0,73,25,3,2016,0,0,0,0,0,308,0,0,0,23,0,0,0,0,0,0,0,0,0,75,0,0,182,81,0,0,0,0,0,0,0,0,0,0,0,0,0,0,0,0,0,0,0,0,0,0,0,0,0,0,0,,,,,,,,,,,,,,,,
873.956,0,0,0,0,0,0,0,0,12,0,0,0,0,73,25,3,2016,0,0,0,0,0,308,0,0,0,23,0,0,0,0,0,0,0,0,0,76,0,0,182,81,0,0,0,0,0,0,0,0,0,0,0,0,0,0,0,0,0,0,0,0,0,0,0,0,0,0,0,,,,,,,,,,,,,,,,
874.525,0,0,0,0,0,0,0,0,12,0,0,0,0,73,25,3,2016,0,0,0,0,0,308,0,0,0,24,0,0,0,0,0,0,0,0,0,76,0,0,182,81,0,0,0,0,0,0,0,0,0,0,0,0,0,0,0,0,0,0,0,0,0,0,0,0,0,0,0,,,,,,,,,,,,,,,,
874.525,0,0,0,0,0,0,0,0,12,0,0,0,0,73,25,3,2016,0,0,0,0,0,308,0,0,0,24,0,0,0,0,0,0,0,0,0,76,0,0,182,81,0,0,0,0,0,0,0,0,0,0,0,0,0,0,0,0,0,0,0,0,0,0,0,0,0,0,0,,,,,,,,,,,,,,,,
874.525,0,0,0,0,0,0,0,0,12,0,0,0,0,73,25,3,2016,0,0,0,0,0,308,0,0,0,24,0,0,0,0,0,0,0,0,0,76,0,0,182,81,0,0,0,0,0,0,0,0,0,0,0,0,0,0,0,0,0,0,0,0,0,0,0,0,0,0,0,,,,,,,,,,,,,,,,
875.097,0,0,0,0,0,0,0,0,12,0,0,0,0,73,25,3,2016,0,0,0,0,0,308,0,0,0,24,0,0,0,0,0,0,0,0,0,76,0,0,182,81,0,0,0,0,0,0,0,0,0,0,0,0,0,0,0,0,0,0,0,0,0,0,0,0,0,0,0,,,,,,,,,,,,,,,,
875.097,0,0,0,0,0,0,0,0,12,0,0,0,0,73,25,3,2016,0,0,0,0,0,308,0,0,0,24,0,0,0,0,0,0,0,0,0,76,0,0,182,81,0,0,0,0,0,0,0,0,0,0,0,0,0,0,0,0,0,0,0,0,0,0,0,0,0,0,0,,,,,,,,,,,,,,,,
875.097,0,0,0,0,0,0,0,0,12,0,0,0,0,73,25,3,2016,0,0,0,0,0,308,0,0,0,24,0,0,0,0,0,0,0,0,0,76,0,0,182,81,0,0,0,0,0,0,0,0,0,0,0,0,0,0,0,0,0,0,0,0,0,0,0,0,0,0,0,,,,,,,,,,,,,,,,
875.097,0,0,0,0,0,0,0,0,12,0,0,0,0,73,25,3,2016,0,0,0,0,0,308,0,0,0,24,0,0,0,0,0,0,0,0,0,76,0,0,182,81,0,0,0,0,0,0,0,0,0,0,0,0,0,0,0,0,0,0,0,0,0,0,0,0,0,0,0,,,,,,,,,,,,,,,,
875.961,0,0,0,0,0,0,0,0,12,0,0,0,0,73,25,3,2016,0,0,0,0,0,306,0,0,0,24,0,0,0,0,0,0,0,0,0,76,0,0,182,81,0,0,0,0,0,0,0,0,0,0,0,0,0,0,0,0,0,0,0,0,0,0,0,0,0,0,0,,,,,,,,,,,,,,,,
875.961,0,0,0,0,0,0,0,0,12,0,0,0,0,73,25,3,2016,0,0,0,0,0,306,0,0,0,24,0,0,0,0,0,0,0,0,0,76,0,0,228,81,0,0,0,0,0,0,0,0,0,0,0,0,0,0,0,0,0,0,0,0,0,0,0,0,0,0,0,,,,,,,,,,,,,,,,
875.961,0,0,0,0,0,0,0,0,12,0,0,0,0,73,25,3,2016,0,0,0,0,0,306,0,0,0,24,0,0,0,0,0,0,0,0,0,73,0,0,228,81,0,0,0,0,0,0,0,0,0,0,0,0,0,0,0,0,0,0,0,0,0,0,0,0,0,0,0,,,,,,,,,,,,,,,,
876.535,0,0,0,0,0,0,0,0,12,0,0,0,0,73,25,3,2016,0,0,0,0,0,306,0,0,0,24,0,0,0,0,0,0,0,0,0,73,0,0,228,81,0,0,0,0,0,0,0,0,0,0,0,0,0,0,0,0,0,0,0,0,0,0,0,0,0,0,0,,,,,,,,,,,,,,,,
876.535,0,0,0,0,0,0,0,0,12,0,0,0,0,73,25,3,2016,0,0,0,0,1,306,0,0,0,24,0,0,0,0,0,0,0,0,0,73,0,0,228,81,0,0,0,0,0,0,0,0,0,0,0,0,0,0,0,0,0,0,0,0,0,0,0,0,0,0,0,,,,,,,,,,,,,,,,
876.535,0,0,0,0,0,0,0,0,12,0,0,0,0,73,25,3,2016,0,0,0,0,1,306,0,0,0,24,0,0,0,0,0,0,0,0,0,73,0,0,228,81,0,0,0,0,0,0,0,0,0,0,0,0,0,0,0,0,0,0,0,0,0,0,0,0,0,0,0,,,,,,,,,,,,,,,,
877.101,0,0,0,0,0,0,0,0,12,0,0,0,0,73,25,3,2016,0,0,0,0,1,306,0,0,0,23,0,0,0,0,0,0,0,0,0,73,0,0,228,81,0,0,0,0,0,0,0,0,0,0,0,0,0,0,0,0,0,0,0,0,0,0,0,0,0,0,0,,,,,,,,,,,,,,,,
877.101,0,0,0,0,0,0,0,0,12,0,0,0,0,73,25,3,2016,0,0,0,0,1,306,0,0,0,23,0,0,0,0,0,0,0,0,0,73,0,0,228,81,0,0,0,0,0,0,0,0,0,0,0,0,0,0,0,0,0,0,0,0,0,0,0,0,0,0,0,,,,,,,,,,,,,,,,
877.101,0,0,0,0,0,0,0,0,12,0,0,0,0,73,25,3,2016,0,0,0,0,1,306,0,0,0,23,0,0,0,0,0,0,0,0,0,73,0,0,228,81,0,0,0,0,0,0,0,0,0,0,0,0,0,0,0,0,0,0,0,0,0,0,0,0,0,0,0,,,,,,,,,,,,,,,,
877.961,0,0,0,0,0,0,0,0,12,0,0,0,0,73,25,3,2016,0,0,0,0,1,309,0,0,0,23,0,0,0,0,0,0,0,0,0,73,0,0,228,81,0,0,0,0,0,0,0,0,0,0,0,0,0,0,0,0,0,0,0,0,0,0,0,0,0,0,0,,,,,,,,,,,,,,,,
877.961,0,0,0,0,0,0,0,0,12,0,0,0,0,73,25,3,2016,0,0,0,0,1,309,0,0,0,23,0,0,0,0,0,0,0,0,0,73,0,0,177,81,0,0,0,0,0,0,0,0,0,0,0,0,0,0,0,0,0,0,0,0,0,0,0,0,0,0,0,,,,,,,,,,,,,,,,
877.961,0,0,0,0,0,0,0,0,12,0,0,0,0,73,25,3,2016,0,0,0,0,1,309,0,0,0,23,0,0,0,0,0,0,0,0,0,76,0,0,177,81,0,0,0,0,0,0,0,0,0,0,0,0,0,0,0,0,0,0,0,0,0,0,0,0,0,0,0,,,,,,,,,,,,,,,,
878.527,0,0,0,0,0,0,0,0,12,0,0,0,0,73,25,3,2016,0,0,0,0,1,309,0,0,0,23,0,0,0,0,0,0,0,0,0,76,0,0,177,81,0,0,0,0,0,0,0,0,0,0,0,0,0,0,0,0,0,0,0,0,0,0,0,0,0,0,0,,,,,,,,,,,,,,,,
878.527,0,0,0,0,0,0,0,0,12,0,0,0,0,73,25,3,2016,0,0,0,0,1,309,0,0,0,23,0,0,0,0,0,0,0,0,0,76,0,0,177,81,0,0,0,0,0,0,0,0,0,0,0,0,0,0,0,0,0,0,0,0,0,0,0,0,0,0,0,,,,,,,,,,,,,,,,
878.527,0,0,0,0,0,0,0,0,12,0,0,0,0,73,25,3,2016,0,0,0,0,1,309,0,0,0,23,0,0,0,0,0,0,0,0,0,76,0,0,177,80,0,0,0,0,0,0,0,0,0,0,0,0,0,0,0,0,0,0,0,0,0,0,0,0,0,0,0,,,,,,,,,,,,,,,,
879.100,0,0,0,0,0,0,0,0,12,0,0,0,0,73,25,3,2016,0,0,0,0,1,309,0,0,0,23,0,0,0,0,0,0,0,0,0,76,0,0,177,80,0,0,0,0,0,0,0,0,0,0,0,0,0,0,0,0,0,0,0,0,0,0,0,0,0,0,0,,,,,,,,,,,,,,,,
879.100,0,0,0,0,0,0,0,0,12,0,0,0,0,73,25,3,2016,0,0,0,0,1,309,0,0,0,23,0,0,0,0,0,0,0,0,0,76,0,0,177,80,0,0,0,0,0,0,0,0,0,0,0,0,0,0,0,0,0,0,0,0,0,0,0,0,0,0,0,,,,,,,,,,,,,,,,
879.100,0,0,0,0,0,0,0,0,12,0,0,0,0,73,25,3,2016,0,0,0,0,1,309,0,0,0,23,0,0,0,0,0,0,0,0,0,76,0,0,177,80,0,0,0,0,0,0,0,0,0,0,0,0,0,0,0,0,0,0,0,0,0,0,0,0,0,0,0,,,,,,,,,,,,,,,,
879.100,0,0,0,0,0,0,0,0,12,0,0,0,0,73,25,3,2362,0,0,0,0,1,309,0,0,0,23,0,0,0,0,0,0,0,0,0,76,0,0,177,80,0,0,0,0,0,0,0,0,0,0,0,0,0,0,0,0,0,0,0,0,0,0,0,0,0,0,0,,,,,,,,,,,,,,,,
879.957,0,0,0,0,0,0,0,0,12,0,0,0,0,73,25,3,2362,0,0,0,0,1,301,0,0,0,23,0,0,0,0,0,0,0,0,0,76,0,0,177,80,0,0,0,0,0,0,0,0,0,0,0,0,0,0,0,0,0,0,0,0,0,0,0,0,0,0,0,,,,,,,,,,,,,,,,
879.957,0,0,0,0,0,0,0,0,12,0,0,0,0,73,25,3,2362,0,0,0,0,1,301,0,0,0,23,0,0,0,0,0,0,0,0,0,76,0,0,223,80,0,0,0,0,0,0,0,0,0,0,0,0,0,0,0,0,0,0,0,0,0,0,0,0,0,0,0,,,,,,,,,,,,,,,,
879.957,0,0,0,0,0,0,0,0,12,0,0,0,0,73,25,3,2362,0,0,0,0,1,301,0,0,0,23,0,0,0,0,0,0,0,0,0,68,0,0,223,80,0,0,0,0,0,0,0,0,0,0,0,0,0,0,0,0,0,0,0,0,0,0,0,0,0,0,0,,,,,,,,,,,,,,,,
880.523,0,0,0,0,0,0,0,0,12,0,0,0,0,73,25,3,2362,0,0,0,0,1,301,0,0,0,23,0,0,0,0,0,0,0,0,0,68,0,0,223,80,0,0,0,0,0,0,0,0,0,0,0,0,0,0,0,0,0,0,0,0,0,0,0,0,0,0,0,,,,,,,,,,,,,,,,
880.523,0,0,0,0,0,0,0,0,12,0,0,0,0,73,25,3,2362,0,0,0,0,1,301,0,0,0,23,0,0,0,0,0,0,0,0,0,68,0,0,223,80,0,0,0,0,0,0,0,0,0,0,0,0,0,0,0,0,0,0,0,0,0,0,0,0,0,0,0,,,,,,,,,,,,,,,,
880.523,0,0,0,0,0,0,0,0,12,0,0,0,0,73,25,3,2362,0,0,0,0,1,301,0,0,0,23,0,0,0,0,0,0,0,0,0,68,0,0,223,80,0,0,0,0,0,0,0,0,0,0,0,0,0,0,0,0,0,0,0,0,0,0,0,0,0,0,0,,,,,,,,,,,,,,,,
881.093,0,0,0,0,0,0,0,0,12,0,0,0,0,73,25,3,2362,0,0,0,0,1,301,0,0,0,23,0,0,0,0,0,0,0,0,0,68,0,0,223,80,0,0,0,0,0,0,0,0,0,0,0,0,0,0,0,0,0,0,0,0,0,0,0,0,0,0,0,,,,,,,,,,,,,,,,
881.094,0,0,0,0,0,0,0,0,12,0,0,0,0,74,25,3,2362,0,0,0,0,1,301,0,0,0,23,0,0,0,0,0,0,0,0,0,68,0,0,223,80,0,0,0,0,0,0,0,0,0,0,0,0,0,0,0,0,0,0,0,0,0,0,0,0,0,0,0,,,,,,,,,,,,,,,,
881.094,0,0,0,0,0,0,0,0,12,0,0,0,0,74,25,3,2362,0,0,0,0,1,301,0,0,0,23,0,0,0,0,0,0,0,0,0,68,0,0,223,80,0,0,0,0,0,0,0,0,0,0,0,0,0,0,0,0,0,0,0,0,0,0,0,0,0,0,0,,,,,,,,,,,,,,,,
881.663,0,0,0,0,0,0,0,0,12,0,0,0,0,74,25,3,2362,0,0,0,0,1,301,0,0,0,23,0,0,0,0,0,0,0,0,0,68,0,0,223,80,0,0,0,0,0,0,0,0,0,0,0,0,0,0,0,0,0,0,0,0,0,0,0,0,0,0,0,,,,,,,,,,,,,,,,
881.663,0,0,0,0,0,0,0,0,12,0,0,0,0,74,25,3,2362,0,0,0,0,1,301,0,0,0,23,0,0,0,0,0,0,0,0,0,68,0,0,223,80,0,0,0,0,0,0,0,0,0,0,0,0,0,0,0,0,0,0,0,0,0,0,0,0,0,0,0,,,,,,,,,,,,,,,,
881.663,0,0,0,0,0,0,0,0,12,0,0,0,0,74,25,3,2362,0,0,0,0,1,301,0,0,0,23,0,0,0,0,0,0,0,0,0,68,0,0,223,80,0,0,0,0,0,0,0,0,0,0,0,0,0,0,0,0,0,0,0,0,0,0,0,0,0,0,0,,,,,,,,,,,,,,,,
881.663,0,0,0,0,0,0,0,0,12,0,0,0,0,74,25,3,2362,0,0,0,0,1,301,0,0,0,23,0,0,0,0,0,0,0,0,0,68,0,0,223,80,0,0,0,0,0,0,0,0,0,0,0,0,0,0,0,0,0,0,0,0,0,0,0,0,0,0,0,,,,,,,,,,,,,,,,
882.235,0,0,0,0,0,0,0,0,12,0,0,0,0,74,25,3,2362,0,0,0,0,1,304,0,0,0,23,0,0,0,0,0,0,0,0,0,68,0,0,223,80,0,0,0,0,0,0,0,0,0,0,0,0,0,0,0,0,0,0,0,0,0,0,0,0,0,0,0,,,,,,,,,,,,,,,,
882.235,0,0,0,0,0,0,0,0,12,0,0,0,0,74,25,3,2362,0,0,0,0,1,304,0,0,0,23,0,0,0,0,0,0,0,0,0,68,0,0,252,80,0,0,0,0,0,0,0,0,0,0,0,0,0,0,0,0,0,0,0,0,0,0,0,0,0,0,0,,,,,,,,,,,,,,,,
882.235,0,0,0,0,0,0,0,0,12,0,0,0,0,74,25,3,2362,0,0,0,0,1,304,0,0,0,23,0,0,0,0,0,0,0,0,0,71,0,0,252,80,0,0,0,0,0,0,0,0,0,0,0,0,0,0,0,0,0,0,0,0,0,0,0,0,0,0,0,,,,,,,,,,,,,,,,
882.806,0,0,0,0,0,0,0,0,12,0,0,0,0,74,25,3,2362,0,0,0,0,1,304,0,0,0,23,0,0,0,0,0,0,0,0,0,71,0,0,252,80,0,0,0,0,0,0,0,0,0,0,0,0,0,0,0,0,0,0,0,0,0,0,0,0,0,0,0,,,,,,,,,,,,,,,,
882.806,0,0,0,0,0,0,0,0,12,0,0,0,0,74,25,3,2362,0,0,0,0,1,304,0,0,0,23,0,0,0,0,0,0,0,0,0,71,0,0,252,80,0,0,0,0,0,0,0,0,0,0,0,0,0,0,0,0,0,0,0,0,0,0,0,0,0,0,0,,,,,,,,,,,,,,,,
882.806,0,0,0,0,0,0,0,0,12,0,0,0,0,74,25,3,2362,0,0,0,0,1,304,0,0,0,23,0,0,0,0,0,0,0,0,0,71,0,0,252,80,0,0,0,0,0,0,0,0,0,0,0,0,0,0,0,0,0,0,0,0,0,0,0,0,0,0,0,,,,,,,,,,,,,,,,
883.960,0,0,0,0,0,0,0,0,12,0,0,0,0,74,25,3,2362,0,0,0,0,1,309,0,0,0,23,0,0,0,0,0,0,0,0,0,71,0,0,252,80,0,0,0,0,0,0,0,0,0,0,0,0,0,0,0,0,0,0,0,0,0,0,0,0,0,0,0,,,,,,,,,,,,,,,,
883.960,0,0,0,0,0,0,0,0,12,0,0,0,0,74,25,3,2362,0,0,0,0,1,309,0,0,0,23,0,0,0,0,0,0,0,0,0,71,0,0,191,80,0,0,0,0,0,0,0,0,0,0,0,0,0,0,0,0,0,0,0,0,0,0,0,0,0,0,0,,,,,,,,,,,,,,,,
883.960,0,0,0,0,0,0,0,0,12,0,0,0,0,74,25,3,2362,0,0,0,0,1,309,0,0,0,23,0,0,0,0,0,0,0,0,0,76,0,0,191,80,0,0,0,0,0,0,0,0,0,0,0,0,0,0,0,0,0,0,0,0,0,0,0,0,0,0,0,,,,,,,,,,,,,,,,
884.529,0,0,0,0,0,0,0,0,12,0,0,0,0,74,25,3,2362,0,0,0,0,1,309,0,0,0,23,0,0,0,0,0,0,0,0,0,76,0,0,191,80,0,0,0,0,0,0,0,0,0,0,0,0,0,0,0,0,0,0,0,0,0,0,0,0,0,0,0,,,,,,,,,,,,,,,,
884.529,0,0,0,0,0,0,0,0,12,0,0,0,0,74,25,3,2362,0,0,0,0,1,309,0,0,0,23,0,0,0,0,0,0,0,0,0,76,0,0,191,80,0,0,0,0,0,0,0,0,0,0,0,0,0,0,0,0,0,0,0,0,0,0,0,0,0,0,0,,,,,,,,,,,,,,,,
884.529,0,0,0,0,0,0,0,0,12,0,0,0,0,74,25,3,2362,0,0,0,0,1,309,0,0,0,23,0,0,0,0,0,0,0,0,0,76,0,0,191,80,0,0,0,0,0,0,0,0,0,0,0,0,0,0,0,0,0,0,0,0,0,0,0,0,0,0,0,,,,,,,,,,,,,,,,
885.102,0,0,0,0,0,0,0,0,12,0,0,0,0,74,25,3,2362,0,0,0,0,1,309,0,0,0,23,0,0,0,0,0,0,0,0,0,76,0,0,191,80,0,0,0,0,0,0,0,0,0,0,0,0,0,0,0,0,0,0,0,0,0,0,0,0,0,0,0,,,,,,,,,,,,,,,,
885.102,0,0,0,0,0,0,0,0,12,0,0,0,0,74,25,3,2362,0,0,0,0,1,309,0,0,0,23,0,0,0,0,0,0,0,0,0,76,0,0,191,80,0,0,0,0,0,0,0,0,0,0,0,0,0,0,0,0,0,0,0,0,0,0,0,0,0,0,0,,,,,,,,,,,,,,,,
885.102,0,0,0,0,0,0,0,0,12,0,0,0,0,74,25,3,2362,0,0,0,0,1,309,0,0,0,23,0,0,0,0,0,0,0,0,0,76,0,0,191,80,0,0,0,0,0,0,0,0,0,0,0,0,0,0,0,0,0,0,0,0,0,0,0,0,0,0,0,,,,,,,,,,,,,,,,
885.669,0,0,0,0,0,0,0,0,12,0,0,0,0,74,25,3,2362,0,0,0,0,1,309,0,0,0,23,0,0,0,0,0,0,0,0,0,76,0,0,191,80,0,0,0,0,0,0,0,0,0,0,0,0,0,0,0,0,0,0,0,0,0,0,0,0,0,0,0,,,,,,,,,,,,,,,,
885.669,0,0,0,0,0,0,0,0,12,0,0,0,0,74,25,3,2362,0,0,0,0,1,309,0,0,0,23,0,0,0,0,0,0,0,0,0,76,0,0,191,80,0,0,0,0,0,0,0,0,0,0,0,0,0,0,0,0,0,0,0,0,0,0,0,0,0,0,0,,,,,,,,,,,,,,,,
885.669,0,0,0,0,0,0,0,0,12,0,0,0,0,74,25,3,2362,0,0,0,0,1,309,0,0,0,23,0,0,0,0,0,0,0,0,0,76,0,0,191,80,0,0,0,0,0,0,0,0,0,0,0,0,0,0,0,0,0,0,0,0,0,0,0,0,0,0,0,,,,,,,,,,,,,,,,
885.669,0,0,0,0,0,0,0,0,12,0,0,0,0,74,25,3,2362,0,0,0,0,1,309,0,0,0,23,0,0,0,0,0,0,0,0,0,76,0,0,191,80,0,0,0,0,0,0,0,0,0,0,0,0,0,0,0,0,0,0,0,0,0,0,0,0,0,0,0,,,,,,,,,,,,,,,,
886.241,0,0,0,0,0,0,0,0,12,0,0,0,0,74,25,3,2362,0,0,0,0,1,301,0,0,0,23,0,0,0,0,0,0,0,0,0,76,0,0,191,80,0,0,0,0,0,0,0,0,0,0,0,0,0,0,0,0,0,0,0,0,0,0,0,0,0,0,0,,,,,,,,,,,,,,,,
886.241,0,0,0,0,0,0,0,0,12,0,0,0,0,74,25,3,2362,0,0,0,0,1,301,0,0,0,23,0,0,0,0,0,0,0,0,0,76,0,0,224,80,0,0,0,0,0,0,0,0,0,0,0,0,0,0,0,0,0,0,0,0,0,0,0,0,0,0,0,,,,,,,,,,,,,,,,
886.241,0,0,0,0,0,0,0,0,12,0,0,0,0,74,25,3,2362,0,0,0,0,1,301,0,0,0,23,0,0,0,0,0,0,0,0,0,68,0,0,224,80,0,0,0,0,0,0,0,0,0,0,0,0,0,0,0,0,0,0,0,0,0,0,0,0,0,0,0,,,,,,,,,,,,,,,,
886.809,0,0,0,0,0,0,0,0,12,0,0,0,0,74,25,3,2362,0,0,0,0,1,301,0,0,0,23,0,0,0,0,0,0,0,0,0,68,0,0,224,80,0,0,0,0,0,0,0,0,0,0,0,0,0,0,0,0,0,0,0,0,0,0,0,0,0,0,0,,,,,,,,,,,,,,,,
886.809,0,0,0,0,0,0,0,0,12,0,0,0,0,74,25,3,2362,0,0,0,0,1,301,0,0,0,23,0,0,0,0,0,0,0,0,0,68,0,0,224,80,0,0,0,0,0,0,0,0,0,0,0,0,0,0,0,0,0,0,0,0,0,0,0,0,0,0,0,,,,,,,,,,,,,,,,
886.809,0,0,0,0,0,0,0,0,12,0,0,0,0,74,25,3,2362,0,0,0,0,1,301,0,0,0,23,0,0,0,0,0,0,0,0,0,68,0,0,224,80,0,0,0,0,0,0,0,0,0,0,0,0,0,0,0,0,0,0,0,0,0,0,0,0,0,0,0,,,,,,,,,,,,,,,,
887.958,0,0,0,0,0,0,0,0,12,0,0,0,0,74,25,3,2362,0,0,0,0,1,308,0,0,0,23,0,0,0,0,0,0,0,0,0,68,0,0,224,80,0,0,0,0,0,0,0,0,0,0,0,0,0,0,0,0,0,0,0,0,0,0,0,0,0,0,0,,,,,,,,,,,,,,,,
887.958,0,0,0,0,0,0,0,0,12,0,0,0,0,74,25,3,2362,0,0,0,0,1,308,0,0,0,23,0,0,0,0,0,0,0,0,0,68,0,0,197,80,0,0,0,0,0,0,0,0,0,0,0,0,0,0,0,0,0,0,0,0,0,0,0,0,0,0,0,,,,,,,,,,,,,,,,
887.958,0,0,0,0,0,0,0,0,12,0,0,0,0,74,25,3,2362,0,0,0,0,1,308,0,0,0,23,0,0,0,0,0,0,0,0,0,75,0,0,197,80,0,0,0,0,0,0,0,0,0,0,0,0,0,0,0,0,0,0,0,0,0,0,0,0,0,0,0,,,,,,,,,,,,,,,,
888.525,0,0,0,0,0,0,0,0,12,0,0,0,0,74,25,3,2362,0,0,0,0,1,308,0,0,0,23,0,0,0,0,0,0,0,0,0,75,0,0,197,80,0,0,0,0,0,0,0,0,0,0,0,0,0,0,0,0,0,0,0,0,0,0,0,0,0,0,0,,,,,,,,,,,,,,,,
888.525,0,0,0,0,0,0,0,0,12,0,0,0,0,74,25,3,2362,0,0,0,0,1,308,0,0,0,23,0,0,0,0,0,0,0,0,0,75,0,0,197,80,0,0,0,0,0,0,0,0,0,0,0,0,0,0,0,0,0,0,0,0,0,0,0,0,0,0,0,,,,,,,,,,,,,,,,
888.525,0,0,0,0,0,0,0,0,12,0,0,0,0,74,25,3,2362,0,0,0,0,1,308,0,0,0,23,0,0,0,0,0,0,0,0,0,75,0,0,197,80,0,0,0,0,0,0,0,0,0,0,0,0,0,0,0,0,0,0,0,0,0,0,0,0,0,0,0,,,,,,,,,,,,,,,,
889.097,0,0,0,0,0,0,0,0,12,0,0,0,0,74,25,3,2362,0,0,0,0,1,308,0,0,0,23,0,0,0,0,0,0,0,0,0,75,0,0,197,80,0,0,0,0,0,0,0,0,0,0,0,0,0,0,0,0,0,0,0,0,0,0,0,0,0,0,0,,,,,,,,,,,,,,,,
889.097,0,0,0,0,0,0,0,0,12,0,0,0,0,75,25,3,2362,0,0,0,0,1,308,0,0,0,23,0,0,0,0,0,0,0,0,0,75,0,0,197,80,0,0,0,0,0,0,0,0,0,0,0,0,0,0,0,0,0,0,0,0,0,0,0,0,0,0,0,,,,,,,,,,,,,,,,
889.097,0,0,0,0,0,0,0,0,12,0,0,0,0,75,25,3,2362,0,0,0,0,1,308,0,0,0,23,0,0,0,0,0,0,0,0,0,75,0,0,197,80,0,0,0,0,0,0,0,0,0,0,0,0,0,0,0,0,0,0,0,0,0,0,0,0,0,0,0,,,,,,,,,,,,,,,,
889.665,0,0,0,0,0,0,0,0,12,0,0,0,0,75,25,3,2362,0,0,0,0,1,308,0,0,0,23,0,0,0,0,0,0,0,0,0,75,0,0,197,80,0,0,0,0,0,0,0,0,0,0,0,0,0,0,0,0,0,0,0,0,0,0,0,0,0,0,0,,,,,,,,,,,,,,,,
889.665,0,0,0,0,0,0,0,0,12,0,0,0,0,75,25,3,2362,0,0,0,0,1,308,0,0,0,23,0,0,0,0,0,0,0,0,0,75,0,0,197,80,0,0,0,0,0,0,0,0,0,0,0,0,0,0,0,0,0,0,0,0,0,0,0,0,0,0,0,,,,,,,,,,,,,,,,
889.665,0,0,0,0,0,0,0,0,12,0,0,0,0,75,25,3,2362,0,0,0,0,1,308,0,0,0,23,0,0,0,0,0,0,0,0,0,75,0,0,197,80,0,0,0,0,0,0,0,0,0,0,0,0,0,0,0,0,0,0,0,0,0,0,0,0,0,0,0,,,,,,,,,,,,,,,,
889.665,0,0,0,0,0,0,0,0,12,0,0,0,0,75,25,3,2253,0,0,0,0,1,308,0,0,0,23,0,0,0,0,0,0,0,0,0,75,0,0,197,80,0,0,0,0,0,0,0,0,0,0,0,0,0,0,0,0,0,0,0,0,0,0,0,0,0,0,0,,,,,,,,,,,,,,,,
890.235,0,0,0,0,0,0,0,0,12,0,0,0,0,75,25,3,2253,0,0,0,0,1,299,0,0,0,23,0,0,0,0,0,0,0,0,0,75,0,0,197,80,0,0,0,0,0,0,0,0,0,0,0,0,0,0,0,0,0,0,0,0,0,0,0,0,0,0,0,,,,,,,,,,,,,,,,
890.235,0,0,0,0,0,0,0,0,12,0,0,0,0,75,25,3,2253,0,0,0,0,1,299,0,0,0,23,0,0,0,0,0,0,0,0,0,75,0,0,242,80,0,0,0,0,0,0,0,0,0,0,0,0,0,0,0,0,0,0,0,0,0,0,0,0,0,0,0,,,,,,,,,,,,,,,,
890.235,0,0,0,0,0,0,0,0,12,0,0,0,0,75,25,3,2253,0,0,0,0,1,299,0,0,0,23,0,0,0,0,0,0,0,0,0,66,0,0,242,80,0,0,0,0,0,0,0,0,0,0,0,0,0,0,0,0,0,0,0,0,0,0,0,0,0,0,0,,,,,,,,,,,,,,,,
890.807,0,0,0,0,0,0,0,0,12,0,0,0,0,75,25,3,2253,0,0,0,0,1,299,0,0,0,23,0,0,0,0,0,0,0,0,0,66,0,0,242,80,0,0,0,0,0,0,0,0,0,0,0,0,0,0,0,0,0,0,0,0,0,0,0,0,0,0,0,,,,,,,,,,,,,,,,
890.807,0,0,0,0,0,0,0,0,12,0,0,0,0,75,26,3,2253,0,0,0,0,1,299,0,0,0,23,0,0,0,0,0,0,0,0,0,66,0,0,242,80,0,0,0,0,0,0,0,0,0,0,0,0,0,0,0,0,0,0,0,0,0,0,0,0,0,0,0,,,,,,,,,,,,,,,,
890.807,0,0,0,0,0,0,0,0,12,0,0,0,0,75,26,3,2253,0,0,0,0,1,299,0,0,0,23,0,0,0,0,0,0,0,0,0,66,0,0,242,80,0,0,0,0,0,0,0,0,0,0,0,0,0,0,0,0,0,0,0,0,0,0,0,0,0,0,0,,,,,,,,,,,,,,,,
890.807,0,0,0,0,0,0,0,0,12,0,0,0,0,75,26,3,2253,0,0,0,0,1,299,0,0,0,23,0,0,0,0,0,0,0,0,0,66,0,0,242,80,0,0,0,0,0,0,0,0,0,0,0,0,0,0,0,0,0,0,0,0,0,0,0,0,0,0,0,,,,,,,,,,,,,,,,
891.375,0,0,0,0,0,0,0,0,12,0,0,0,0,75,26,3,2253,0,0,0,0,1,299,0,0,0,22,0,0,0,0,0,0,0,0,0,66,0,0,242,80,0,0,0,0,0,0,0,0,0,0,0,0,0,0,0,0,0,0,0,0,0,0,0,0,0,0,0,,,,,,,,,,,,,,,,
891.375,0,0,0,0,0,0,0,0,12,0,0,0,0,75,26,3,2253,0,0,0,0,1,299,0,0,0,22,0,0,0,0,0,0,0,0,0,66,0,0,242,80,0,0,0,0,0,0,0,0,0,0,0,0,0,0,0,0,0,0,0,0,0,0,0,0,0,0,0,,,,,,,,,,,,,,,,
891.375,0,0,0,0,0,0,0,0,12,0,0,0,0,75,26,3,2253,0,0,0,0,1,299,0,0,0,22,0,0,0,0,0,0,0,0,0,66,0,0,242,80,0,0,0,0,0,0,0,0,0,0,0,0,0,0,0,0,0,0,0,0,0,0,0,0,0,0,0,,,,,,,,,,,,,,,,
891.961,0,0,0,0,0,0,0,0,12,0,0,0,0,75,26,3,2253,0,0,0,0,1,308,0,0,0,22,0,0,0,0,0,0,0,0,0,66,0,0,242,80,0,0,0,0,0,0,0,0,0,0,0,0,0,0,0,0,0,0,0,0,0,0,0,0,0,0,0,,,,,,,,,,,,,,,,
891.961,0,0,0,0,0,0,0,0,12,0,0,0,0,75,26,3,2253,0,0,0,0,1,308,0,0,0,22,0,0,0,0,0,0,0,0,0,66,0,0,180,80,0,0,0,0,0,0,0,0,0,0,0,0,0,0,0,0,0,0,0,0,0,0,0,0,0,0,0,,,,,,,,,,,,,,,,
891.961,0,0,0,0,0,0,0,0,12,0,0,0,0,75,26,3,2253,0,0,0,0,1,308,0,0,0,22,0,0,0,0,0,0,0,0,0,76,0,0,180,80,0,0,0,0,0,0,0,0,0,0,0,0,0,0,0,0,0,0,0,0,0,0,0,0,0,0,0,,,,,,,,,,,,,,,,
892.536,0,0,0,0,0,0,0,0,12,0,0,0,0,75,26,3,2253,0,0,0,0,1,308,0,0,0,22,0,0,0,0,0,0,0,0,0,76,0,0,180,80,0,0,0,0,0,0,0,0,0,0,0,0,0,0,0,0,0,0,0,0,0,0,0,0,0,0,0,,,,,,,,,,,,,,,,
892.536,0,0,0,0,0,0,0,0,12,0,0,0,0,75,26,3,2253,0,0,0,0,1,308,0,0,0,22,0,0,0,0,0,0,0,0,0,76,0,0,180,80,0,0,0,0,0,0,0,0,0,0,0,0,0,0,0,0,0,0,0,0,0,0,0,0,0,0,0,,,,,,,,,,,,,,,,
892.536,0,0,0,0,0,0,0,0,12,0,0,0,0,75,26,3,2253,0,0,0,0,1,308,0,0,0,22,0,0,0,0,0,0,0,0,0,76,0,0,180,80,0,0,0,0,0,0,0,0,0,0,0,0,0,0,0,0,0,0,0,0,0,0,0,0,0,0,0,,,,,,,,,,,,,,,,
893.101,0,0,0,0,0,0,0,0,12,0,0,0,0,75,26,3,2253,0,0,0,0,1,308,0,0,0,23,0,0,0,0,0,0,0,0,0,76,0,0,180,80,0,0,0,0,0,0,0,0,0,0,0,0,0,0,0,0,0,0,0,0,0,0,0,0,0,0,0,,,,,,,,,,,,,,,,
893.101,0,0,0,0,0,0,0,0,12,0,0,0,0,75,26,3,2253,0,0,0,0,1,308,0,0,0,23,0,0,0,0,0,0,0,0,0,76,0,0,180,80,0,0,0,0,0,0,0,0,0,0,0,0,0,0,0,0,0,0,0,0,0,0,0,0,0,0,0,,,,,,,,,,,,,,,,
893.101,0,0,0,0,0,0,0,0,12,0,0,0,0,75,26,3,2253,0,0,0,0,1,308,0,0,0,23,0,0,0,0,0,0,0,0,0,76,0,0,180,80,0,0,0,0,0,0,0,0,0,0,0,0,0,0,0,0,0,0,0,0,0,0,0,0,0,0,0,,,,,,,,,,,,,,,,
893.959,0,0,0,0,0,0,0,0,12,0,0,0,0,75,26,3,2253,0,0,0,0,1,302,0,0,0,23,0,0,0,0,0,0,0,0,0,76,0,0,180,80,0,0,0,0,0,0,0,0,0,0,0,0,0,0,0,0,0,0,0,0,0,0,0,0,0,0,0,,,,,,,,,,,,,,,,
893.959,0,0,0,0,0,0,0,0,12,0,0,0,0,75,26,3,2253,0,0,0,0,1,302,0,0,0,23,0,0,0,0,0,0,0,0,0,76,0,0,201,80,0,0,0,0,0,0,0,0,0,0,0,0,0,0,0,0,0,0,0,0,0,0,0,0,0,0,0,,,,,,,,,,,,,,,,
893.959,0,0,0,0,0,0,0,0,12,0,0,0,0,75,26,3,2253,0,0,0,0,1,302,0,0,0,23,0,0,0,0,0,0,0,0,0,69,0,0,201,80,0,0,0,0,0,0,0,0,0,0,0,0,0,0,0,0,0,0,0,0,0,0,0,0,0,0,0,,,,,,,,,,,,,,,,
894.527,0,0,0,0,0,0,0,0,12,0,0,0,0,75,26,3,2253,0,0,0,0,1,302,0,0,0,23,0,0,0,0,0,0,0,0,0,69,0,0,201,80,0,0,0,0,0,0,0,0,0,0,0,0,0,0,0,0,0,0,0,0,0,0,0,0,0,0,0,,,,,,,,,,,,,,,,
894.527,0,0,0,0,0,0,0,0,12,0,0,0,0,76,26,3,2253,0,0,0,0,1,302,0,0,0,23,0,0,0,0,0,0,0,0,0,69,0,0,201,80,0,0,0,0,0,0,0,0,0,0,0,0,0,0,0,0,0,0,0,0,0,0,0,0,0,0,0,,,,,,,,,,,,,,,,
894.527,0,0,0,0,0,0,0,0,12,0,0,0,0,76,26,3,2253,0,0,0,0,1,302,0,0,0,23,0,0,0,0,0,0,0,0,0,69,0,0,201,80,0,0,0,0,0,0,0,0,0,0,0,0,0,0,0,0,0,0,0,0,0,0,0,0,0,0,0,,,,,,,,,,,,,,,,
895.097,0,0,0,0,0,0,0,0,12,0,0,0,0,76,26,3,2253,0,0,0,0,1,302,0,0,0,23,0,0,0,0,0,0,0,0,0,69,0,0,201,80,0,0,0,0,0,0,0,0,0,0,0,0,0,0,0,0,0,0,0,0,0,0,0,0,0,0,0,,,,,,,,,,,,,,,,
895.097,0,0,0,0,0,0,0,0,12,0,0,0,0,76,26,3,2253,0,0,0,0,1,302,0,0,0,23,0,0,0,0,0,0,0,0,0,69,0,0,201,80,0,0,0,0,0,0,0,0,0,0,0,0,0,0,0,0,0,0,0,0,0,0,0,0,0,0,0,,,,,,,,,,,,,,,,
895.097,0,0,0,0,0,0,0,0,12,0,0,0,0,76,26,3,2253,0,0,0,0,1,302,0,0,0,23,0,0,0,0,0,0,0,0,0,69,0,0,201,80,0,0,0,0,0,0,0,0,0,0,0,0,0,0,0,0,0,0,0,0,0,0,0,0,0,0,0,,,,,,,,,,,,,,,,
895.097,0,0,0,0,0,0,0,0,12,0,0,0,0,76,26,3,2253,0,0,0,0,1,302,0,0,0,23,0,0,0,0,0,0,0,0,0,69,0,0,201,80,0,0,0,0,0,0,0,0,0,0,0,0,0,0,0,0,0,0,0,0,0,0,0,0,0,0,0,,,,,,,,,,,,,,,,
895.957,0,0,0,0,0,0,0,0,12,0,0,0,0,76,26,3,2253,0,0,0,0,1,299,0,0,0,23,0,0,0,0,0,0,0,0,0,69,0,0,201,80,0,0,0,0,0,0,0,0,0,0,0,0,0,0,0,0,0,0,0,0,0,0,0,0,0,0,0,,,,,,,,,,,,,,,,
895.957,0,0,0,0,0,0,0,0,12,0,0,0,0,76,26,3,2253,0,0,0,0,1,299,0,0,0,23,0,0,0,0,0,0,0,0,0,69,0,0,309,80,0,0,0,0,0,0,0,0,0,0,0,0,0,0,0,0,0,0,0,0,0,0,0,0,0,0,0,,,,,,,,,,,,,,,,
895.957,0,0,0,0,0,0,0,0,12,0,0,0,0,76,26,3,2253,0,0,0,0,1,299,0,0,0,23,0,0,0,0,0,0,0,0,0,67,0,0,309,80,0,0,0,0,0,0,0,0,0,0,0,0,0,0,0,0,0,0,0,0,0,0,0,0,0,0,0,,,,,,,,,,,,,,,,
896.523,0,0,0,0,0,0,0,0,12,0,0,0,0,76,26,3,2253,0,0,0,0,1,299,0,0,0,23,0,0,0,0,0,0,0,0,0,67,0,0,309,80,0,0,0,0,0,0,0,0,0,0,0,0,0,0,0,0,0,0,0,0,0,0,0,0,0,0,0,,,,,,,,,,,,,,,,
896.523,0,0,0,0,0,0,0,0,12,0,0,0,0,76,26,3,2253,0,0,0,0,2,299,0,0,0,23,0,0,0,0,0,0,0,0,0,67,0,0,309,80,0,0,0,0,0,0,0,0,0,0,0,0,0,0,0,0,0,0,0,0,0,0,0,0,0,0,0,,,,,,,,,,,,,,,,
896.523,0,0,0,0,0,0,0,0,12,0,0,0,0,76,26,3,2253,0,0,0,0,2,299,0,0,0,23,0,0,0,0,0,0,0,0,0,67,0,0,309,80,0,0,0,0,0,0,0,0,0,0,0,0,0,0,0,0,0,0,0,2,0,0,0,0,0,0,0,,,,,,,,,,,,,,,,
897.093,0,0,0,0,0,0,0,0,12,0,0,0,0,76,26,3,2253,0,0,0,0,2,299,0,0,0,23,0,0,0,0,0,0,0,0,0,67,0,0,309,80,0,0,0,0,0,0,0,0,0,0,0,0,0,0,0,0,0,0,0,2,0,0,0,0,0,0,0,,,,,,,,,,,,,,,,
897.093,0,0,0,0,0,0,0,0,12,0,0,0,0,76,26,3,2253,0,0,0,0,2,299,0,0,0,23,0,0,0,0,0,0,0,0,0,67,0,0,309,80,0,0,0,0,0,0,0,0,0,0,0,0,0,0,0,0,0,0,0,2,0,0,0,0,0,0,0,,,,,,,,,,,,,,,,
897.093,0,0,0,0,0,0,0,0,12,0,0,0,0,76,26,3,2253,0,0,0,0,2,299,0,0,0,23,0,0,0,0,0,0,0,0,0,67,0,0,309,80,0,0,0,0,0,0,0,0,0,0,0,0,0,0,0,0,0,0,0,2,0,0,0,0,0,0,0,,,,,,,,,,,,,,,,
897.663,0,0,0,0,0,0,0,0,12,0,0,0,0,76,26,3,2253,0,0,0,0,2,299,0,0,0,23,0,0,0,0,0,0,0,0,0,67,0,0,309,80,0,0,0,0,0,0,0,0,0,0,0,0,0,0,0,0,0,0,0,2,0,0,0,0,0,0,0,,,,,,,,,,,,,,,,
897.663,0,0,0,0,0,0,0,0,12,0,0,0,0,76,26,3,2253,0,0,0,0,2,299,0,0,0,23,0,0,0,0,0,0,0,0,0,67,0,0,309,80,0,0,0,0,0,0,0,0,0,0,0,0,0,0,0,0,0,0,0,2,0,0,0,0,0,0,0,,,,,,,,,,,,,,,,
897.663,0,0,0,0,0,0,0,0,12,0,0,0,0,76,26,3,2253,0,0,0,0,2,299,0,0,0,23,0,0,0,0,0,0,0,0,0,67,0,0,309,80,0,0,0,0,0,0,0,0,0,0,0,0,0,0,0,0,0,0,0,2,0,0,0,0,0,0,0,,,,,,,,,,,,,,,,
897.663,0,0,0,0,0,0,0,0,12,0,0,0,0,76,26,3,3802,0,0,0,0,2,299,0,0,0,23,0,0,0,0,0,0,0,0,0,67,0,0,309,80,0,0,0,0,0,0,0,0,0,0,0,0,0,0,0,0,0,0,0,2,0,0,0,0,0,0,0,,,,,,,,,,,,,,,,
898.235,0,0,0,0,0,0,0,0,12,0,0,0,0,76,26,3,3802,0,0,0,0,2,287,0,0,0,23,0,0,0,0,0,0,0,0,0,67,0,0,309,80,0,0,0,0,0,0,0,0,0,0,0,0,0,0,0,0,0,0,0,2,0,0,0,0,0,0,0,,,,,,,,,,,,,,,,
898.235,0,0,0,0,0,0,0,0,12,0,0,0,0,76,26,3,3802,0,0,0,0,2,287,0,0,0,23,0,0,0,0,0,0,0,0,0,67,0,0,415,80,0,0,0,0,0,0,0,0,0,0,0,0,0,0,0,0,0,0,0,2,0,0,0,0,0,0,0,,,,,,,,,,,,,,,,
898.235,0,0,0,0,0,0,0,0,12,0,0,0,0,76,26,3,3802,0,0,0,0,2,287,0,0,0,23,0,0,0,0,0,0,0,0,0,53,0,0,415,80,0,0,0,0,0,0,0,0,0,0,0,0,0,0,0,0,0,0,0,2,0,0,0,0,0,0,0,,,,,,,,,,,,,,,,
898.803,0,0,0,0,0,0,0,0,12,0,0,0,0,76,26,3,3802,0,0,0,0,2,287,0,0,0,22,0,0,0,0,0,0,0,0,0,53,0,0,415,80,0,0,0,0,0,0,0,0,0,0,0,0,0,0,0,0,0,0,0,2,0,0,0,0,0,0,0,,,,,,,,,,,,,,,,
898.803,0,0,0,0,0,0,0,0,12,0,0,0,0,76,26,3,3802,0,0,0,0,2,287,0,0,0,22,0,0,0,0,0,0,0,0,0,53,0,0,415,80,0,0,0,0,0,0,0,0,0,0,0,0,0,0,0,0,0,0,0,2,0,0,0,0,0,0,0,,,,,,,,,,,,,,,,
898.803,0,0,0,0,0,0,0,0,12,0,0,0,0,76,26,3,3802,0,0,0,0,2,287,0,0,0,22,0,0,0,0,0,0,0,0,0,53,0,0,415,80,0,0,0,0,0,0,0,0,0,0,0,0,0,0,0,0,0,0,0,2,0,0,0,0,0,0,0,,,,,,,,,,,,,,,,
899.959,0,0,0,0,0,0,0,0,12,0,0,0,0,76,26,3,3802,0,0,0,0,2,288,0,0,0,22,0,0,0,0,0,0,0,0,0,53,0,0,415,80,0,0,0,0,0,0,0,0,0,0,0,0,0,0,0,0,0,0,0,2,0,0,0,0,0,0,0,,,,,,,,,,,,,,,,
899.959,0,0,0,0,0,0,0,0,12,0,0,0,0,76,26,3,3802,0,0,0,0,2,288,0,0,0,22,0,0,0,0,0,0,0,0,0,53,0,0,422,80,0,0,0,0,0,0,0,0,0,0,0,0,0,0,0,0,0,0,0,2,0,0,0,0,0,0,0,,,,,,,,,,,,,,,,
899.959,0,0,0,0,0,0,0,0,12,0,0,0,0,76,26,3,3802,0,0,0,0,2,288,0,0,0,22,0,0,0,0,0,0,0,0,0,55,0,0,422,80,0,0,0,0,0,0,0,0,0,0,0,0,0,0,0,0,0,0,0,2,0,0,0,0,0,0,0,,,,,,,,,,,,,,,,
900.529,0,0,0,0,0,0,0,0,12,0,0,0,0,76,26,3,3802,0,0,0,0,2,288,0,0,0,22,0,0,0,0,0,0,0,0,0,55,0,0,422,80,0,0,0,0,0,0,0,0,0,0,0,0,0,0,0,0,0,0,0,2,0,0,0,0,0,0,0,,,,,,,,,,,,,,,,
900.529,0,0,0,0,0,0,0,0,12,0,0,0,0,76,26,3,3802,0,0,0,0,2,288,0,0,0,22,0,0,0,0,0,0,0,0,0,55,0,0,422,80,0,0,0,0,0,0,0,0,0,0,0,0,0,0,0,0,0,0,0,2,0,0,0,0,0,0,0,,,,,,,,,,,,,,,,
900.529,0,0,0,0,0,0,0,0,12,0,0,0,0,76,26,3,3802,0,0,0,0,2,288,0,0,0,22,0,0,0,0,0,0,0,0,0,55,0,0,422,80,0,0,0,0,0,0,0,0,0,0,0,0,0,0,0,0,0,0,0,2,0,0,0,0,0,0,0,,,,,,,,,,,,,,,,
901.103,0,0,0,0,0,0,0,0,12,0,0,0,0,76,26,3,3802,0,0,0,0,2,288,0,0,0,22,0,0,0,0,0,0,0,0,0,55,0,0,422,80,0,0,0,0,0,0,0,0,0,0,0,0,0,0,0,0,0,0,0,2,0,0,0,0,0,0,0,,,,,,,,,,,,,,,,
901.103,0,0,0,0,0,0,0,0,12,0,0,0,0,76,26,3,3802,0,0,0,0,2,288,0,0,0,22,0,0,0,0,0,0,0,0,0,55,0,0,422,80,0,0,0,0,0,0,0,0,0,0,0,0,0,0,0,0,0,0,0,2,0,0,0,0,0,0,0,,,,,,,,,,,,,,,,
901.103,0,0,0,0,0,0,0,0,12,0,0,0,0,76,26,3,3802,0,0,0,0,2,288,0,0,0,22,0,0,0,0,0,0,0,0,0,55,0,0,422,80,0,0,0,0,0,0,0,0,0,0,0,0,0,0,0,0,0,0,0,2,0,0,0,0,0,0,0,,,,,,,,,,,,,,,,
901.670,0,0,0,0,0,0,0,0,12,0,0,0,0,76,26,3,3802,0,0,0,0,2,288,0,0,0,22,0,0,0,0,0,0,0,0,0,55,0,0,422,80,0,0,0,0,0,0,0,0,0,0,0,0,0,0,0,0,0,0,0,2,0,0,0,0,0,0,0,,,,,,,,,,,,,,,,
901.670,0,0,0,0,0,0,0,0,12,0,0,0,0,76,26,3,3802,0,0,0,0,2,288,0,0,0,22,0,0,0,0,0,0,0,0,0,55,0,0,422,80,0,0,0,0,0,0,0,0,0,0,0,0,0,0,0,0,0,0,0,2,0,0,0,0,0,0,0,,,,,,,,,,,,,,,,
901.670,0,0,0,0,0,0,0,0,12,0,0,0,0,76,26,3,3802,0,0,0,0,2,288,0,0,0,22,0,0,0,0,0,0,0,0,0,55,0,0,422,80,0,0,0,0,0,0,0,0,0,0,0,0,0,0,0,0,0,0,0,2,0,0,0,0,0,0,0,,,,,,,,,,,,,,,,
901.670,0,0,0,0,0,0,0,0,12,0,0,0,0,76,26,3,3802,0,0,0,0,2,288,0,0,0,22,0,0,0,0,0,0,0,0,0,55,0,0,422,80,0,0,0,0,0,0,0,0,0,0,0,0,0,0,0,0,0,0,0,2,0,0,0,0,0,0,0,,,,,,,,,,,,,,,,
902.243,0,0,0,0,0,0,0,0,12,0,0,0,0,76,26,3,3802,0,0,0,0,2,282,0,0,0,22,0,0,0,0,0,0,0,0,0,55,0,0,422,80,0,0,0,0,0,0,0,0,0,0,0,0,0,0,0,0,0,0,0,2,0,0,0,0,0,0,0,,,,,,,,,,,,,,,,
902.243,0,0,0,0,0,0,0,0,12,0,0,0,0,76,26,3,3802,0,0,0,0,2,282,0,0,0,22,0,0,0,0,0,0,0,0,0,55,0,0,428,80,0,0,0,0,0,0,0,0,0,0,0,0,0,0,0,0,0,0,0,2,0,0,0,0,0,0,0,,,,,,,,,,,,,,,,
902.243,0,0,0,0,0,0,0,0,12,0,0,0,0,76,26,3,3802,0,0,0,0,2,282,0,0,0,22,0,0,0,0,0,0,0,0,0,49,0,0,428,80,0,0,0,0,0,0,0,0,0,0,0,0,0,0,0,0,0,0,0,2,0,0,0,0,0,0,0,,,,,,,,,,,,,,,,
902.809,0,0,0,0,0,0,0,0,12,0,0,0,0,76,26,3,3802,0,0,0,0,2,282,0,0,0,22,0,0,0,0,0,0,0,0,0,49,0,0,428,80,0,0,0,0,0,0,0,0,0,0,0,0,0,0,0,0,0,0,0,2,0,0,0,0,0,0,0,,,,,,,,,,,,,,,,
902.809,0,0,0,0,0,0,0,0,12,0,0,0,0,76,26,3,3802,0,0,0,0,2,282,0,0,0,22,0,0,0,0,0,0,0,0,0,49,0,0,428,80,0,0,0,0,0,0,0,0,0,0,0,0,0,0,0,0,0,0,0,2,0,0,0,0,0,0,0,,,,,,,,,,,,,,,,
902.809,0,0,0,0,0,0,0,0,12,0,0,0,0,76,26,3,3802,0,0,0,0,2,282,0,0,0,22,0,0,0,0,0,0,0,0,0,49,0,0,428,80,0,0,0,0,0,0,0,0,0,0,0,0,0,0,0,0,0,0,0,2,0,0,0,0,0,0,0,,,,,,,,,,,,,,,,
903.958,0,0,0,0,0,0,0,0,12,0,0,0,0,76,26,3,3802,0,0,0,0,2,270,0,0,0,22,0,0,0,0,0,0,0,0,0,49,0,0,428,80,0,0,0,0,0,0,0,0,0,0,0,0,0,0,0,0,0,0,0,2,0,0,0,0,0,0,0,,,,,,,,,,,,,,,,
903.958,0,0,0,0,0,0,0,0,12,0,0,0,0,76,26,3,3802,0,0,0,0,2,270,0,0,0,22,0,0,0,0,0,0,0,0,0,49,0,0,445,80,0,0,0,0,0,0,0,0,0,0,0,0,0,0,0,0,0,0,0,2,0,0,0,0,0,0,0,,,,,,,,,,,,,,,,
903.958,0,0,0,0,0,0,0,0,12,0,0,0,0,76,26,3,3802,0,0,0,0,2,270,0,0,0,22,0,0,0,0,0,0,0,0,0,36,0,0,445,80,0,0,0,0,0,0,0,0,0,0,0,0,0,0,0,0,0,0,0,2,0,0,0,0,0,0,0,,,,,,,,,,,,,,,,
904.525,0,0,0,0,0,0,0,0,12,0,0,0,0,76,26,3,3802,0,0,0,0,2,270,0,0,0,22,0,0,0,0,0,0,0,0,0,36,0,0,445,80,0,0,0,0,0,0,0,0,0,0,0,0,0,0,0,0,0,0,0,2,0,0,0,0,0,0,0,,,,,,,,,,,,,,,,
904.525,0,0,0,0,0,0,0,0,12,0,0,0,0,76,26,3,3802,0,0,0,0,2,270,0,0,0,22,0,0,0,0,0,0,0,0,0,36,0,0,445,80,0,0,0,0,0,0,0,0,0,0,0,0,0,0,0,0,0,0,0,2,0,0,0,0,0,0,0,,,,,,,,,,,,,,,,
904.525,0,0,0,0,0,0,0,0,12,0,0,0,0,76,26,3,3802,0,0,0,0,2,270,0,0,0,22,0,0,0,0,0,0,0,0,0,36,0,0,445,80,0,0,0,0,0,0,0,0,0,0,0,0,0,0,0,0,0,0,0,1,0,0,0,0,0,0,0,,,,,,,,,,,,,,,,
905.098,0,0,0,0,0,0,0,0,12,0,0,0,0,76,26,3,3802,0,0,0,0,2,270,0,0,0,22,0,0,0,0,0,0,0,0,0,36,0,0,445,80,0,0,0,0,0,0,0,0,0,0,0,0,0,0,0,0,0,0,0,1,0,0,0,0,0,0,0,,,,,,,,,,,,,,,,
905.098,0,0,0,0,0,0,0,0,12,0,0,0,0,76,26,3,3802,0,0,0,0,2,270,0,0,0,22,0,0,0,0,0,0,0,0,0,36,0,0,445,80,0,0,0,0,0,0,0,0,0,0,0,0,0,0,0,0,0,0,0,1,0,0,0,0,0,0,0,,,,,,,,,,,,,,,,
905.098,0,0,0,0,0,0,0,0,12,0,0,0,0,76,26,3,3802,0,0,0,0,2,270,0,0,0,22,0,0,0,0,0,0,0,0,0,36,0,0,445,80,0,0,0,0,0,0,0,0,0,0,0,0,0,0,0,0,0,0,0,1,0,0,0,0,0,0,0,,,,,,,,,,,,,,,,
905.098,0,0,0,0,0,0,0,0,12,0,0,0,0,76,26,3,5884,0,0,0,0,2,270,0,0,0,22,0,0,0,0,0,0,0,0,0,36,0,0,445,80,0,0,0,0,0,0,0,0,0,0,0,0,0,0,0,0,0,0,0,1,0,0,0,0,0,0,0,,,,,,,,,,,,,,,,
905.665,0,0,0,0,0,0,0,0,12,0,0,0,0,76,26,3,5884,0,0,0,0,2,270,0,0,0,21,0,0,0,0,0,0,0,0,0,36,0,0,445,80,0,0,0,0,0,0,0,0,0,0,0,0,0,0,0,0,0,0,0,1,0,0,0,0,0,0,0,,,,,,,,,,,,,,,,
905.665,0,0,0,0,0,0,0,0,12,0,0,0,0,76,26,3,5884,0,0,0,0,2,270,0,0,0,21,0,0,0,0,0,0,0,0,0,36,0,0,445,80,0,0,0,0,0,0,0,0,0,0,0,0,0,0,0,0,0,0,0,1,0,0,0,0,0,0,0,,,,,,,,,,,,,,,,
905.665,0,0,0,0,0,0,0,0,12,0,0,0,0,76,26,3,5884,0,0,0,0,2,270,0,0,0,21,0,0,0,0,0,0,0,0,0,36,0,0,445,80,0,0,0,0,0,0,0,0,0,0,0,0,0,0,0,0,0,0,0,1,0,0,0,0,0,0,0,,,,,,,,,,,,,,,,
906.235,0,0,0,0,0,0,0,0,12,0,0,0,0,76,26,3,5884,0,0,0,0,2,283,0,0,0,21,0,0,0,0,0,0,0,0,0,36,0,0,445,80,0,0,0,0,0,0,0,0,0,0,0,0,0,0,0,0,0,0,0,1,0,0,0,0,0,0,0,,,,,,,,,,,,,,,,
906.235,0,0,0,0,0,0,0,0,12,0,0,0,0,76,26,3,5884,0,0,0,0,2,283,0,0,0,21,0,0,0,0,0,0,0,0,0,36,0,0,419,80,0,0,0,0,0,0,0,0,0,0,0,0,0,0,0,0,0,0,0,1,0,0,0,0,0,0,0,,,,,,,,,,,,,,,,
906.235,0,0,0,0,0,0,0,0,12,0,0,0,0,76,26,3,5884,0,0,0,0,2,283,0,0,0,21,0,0,0,0,0,0,0,0,0,50,0,0,419,80,0,0,0,0,0,0,0,0,0,0,0,0,0,0,0,0,0,0,0,1,0,0,0,0,0,0,0,,,,,,,,,,,,,,,,
906.806,0,0,0,0,0,0,0,0,12,0,0,0,0,76,26,3,5884,0,0,0,0,2,283,0,0,0,21,0,0,0,0,0,0,0,0,0,50,0,0,419,80,0,0,0,0,0,0,0,0,0,0,0,0,0,0,0,0,0,0,0,1,0,0,0,0,0,0,0,,,,,,,,,,,,,,,,
906.806,0,0,0,0,0,0,0,0,12,0,0,0,0,76,26,3,5884,0,0,0,0,2,283,0,0,0,21,0,0,0,0,0,0,0,0,0,50,0,0,419,80,0,0,0,0,0,0,0,0,0,0,0,0,0,0,0,0,0,0,0,1,0,0,0,0,0,0,0,,,,,,,,,,,,,,,,
906.806,0,0,0,0,0,0,0,0,12,0,0,0,0,76,26,3,5884,0,0,0,0,2,283,0,0,0,21,0,0,0,0,0,0,0,0,0,50,0,0,419,80,0,0,0,0,0,0,0,0,0,0,0,0,0,0,0,0,0,0,0,1,0,0,0,0,0,0,0,,,,,,,,,,,,,,,,
906.806,0,0,0,0,0,0,0,0,12,0,0,0,0,76,26,3,5884,0,0,0,0,2,283,0,0,0,21,0,0,0,0,0,0,0,0,0,50,0,0,419,80,0,0,0,0,0,0,0,0,0,0,0,0,0,0,0,0,0,0,0,1,0,0,0,0,0,0,0,,,,,,,,,,,,,,,,
907.375,0,0,0,0,0,0,0,0,12,0,0,0,0,76,26,3,5884,0,0,0,0,2,283,0,0,0,23,0,0,0,0,0,0,0,0,0,50,0,0,419,80,0,0,0,0,0,0,0,0,0,0,0,0,0,0,0,0,0,0,0,1,0,0,0,0,0,0,0,,,,,,,,,,,,,,,,
907.375,0,0,0,0,0,0,0,0,12,0,0,0,0,76,26,3,5884,0,0,0,0,2,283,0,0,0,23,0,0,0,0,0,0,0,0,0,50,0,0,419,80,0,0,0,0,0,0,0,0,0,0,0,0,0,0,0,0,0,0,0,1,0,0,0,0,0,0,0,,,,,,,,,,,,,,,,
907.375,0,0,0,0,0,0,0,0,12,0,0,0,0,76,26,3,5884,0,0,0,0,2,283,0,0,0,23,0,0,0,0,0,0,0,0,0,50,0,0,419,80,0,0,0,0,0,0,0,0,0,0,0,0,0,0,0,0,0,0,0,1,0,0,0,0,0,0,0,,,,,,,,,,,,,,,,
907.961,0,0,0,0,0,0,0,0,12,0,0,0,0,76,26,3,5884,0,0,0,0,2,286,0,0,0,23,0,0,0,0,0,0,0,0,0,50,0,0,419,80,0,0,0,0,0,0,0,0,0,0,0,0,0,0,0,0,0,0,0,1,0,0,0,0,0,0,0,,,,,,,,,,,,,,,,
907.961,0,0,0,0,0,0,0,0,12,0,0,0,0,76,26,3,5884,0,0,0,0,2,286,0,0,0,23,0,0,0,0,0,0,0,0,0,50,0,0,431,80,0,0,0,0,0,0,0,0,0,0,0,0,0,0,0,0,0,0,0,1,0,0,0,0,0,0,0,,,,,,,,,,,,,,,,
907.961,0,0,0,0,0,0,0,0,12,0,0,0,0,76,26,3,5884,0,0,0,0,2,286,0,0,0,23,0,0,0,0,0,0,0,0,0,54,0,0,431,80,0,0,0,0,0,0,0,0,0,0,0,0,0,0,0,0,0,0,0,1,0,0,0,0,0,0,0,,,,,,,,,,,,,,,,
908.535,0,0,0,0,0,0,0,0,12,0,0,0,0,76,26,3,5884,0,0,0,0,2,286,0,0,0,23,0,0,0,0,0,0,0,0,0,54,0,0,431,80,0,0,0,0,0,0,0,0,0,0,0,0,0,0,0,0,0,0,0,1,0,0,0,0,0,0,0,,,,,,,,,,,,,,,,
908.535,0,0,0,0,0,0,0,0,12,0,0,0,0,76,26,3,5884,0,0,0,0,3,286,0,0,0,23,0,0,0,0,0,0,0,0,0,54,0,0,431,80,0,0,0,0,0,0,0,0,0,0,0,0,0,0,0,0,0,0,0,1,0,0,0,0,0,0,0,,,,,,,,,,,,,,,,
908.535,0,0,0,0,0,0,0,0,12,0,0,0,0,76,26,3,5884,0,0,0,0,3,286,0,0,0,23,0,0,0,0,0,0,0,0,0,54,0,0,431,80,0,0,0,0,0,0,0,0,0,0,0,0,0,0,0,0,0,0,0,7,0,0,0,0,0,0,0,,,,,,,,,,,,,,,,
909.105,0,0,0,0,0,0,0,0,12,0,0,0,0,76,26,3,5884,0,0,0,0,3,286,0,0,0,22,0,0,0,0,0,0,0,0,0,54,0,0,431,80,0,0,0,0,0,0,0,0,0,0,0,0,0,0,0,0,0,0,0,7,0,0,0,0,0,0,0,,,,,,,,,,,,,,,,
909.105,0,0,0,0,0,0,0,0,12,0,0,0,0,76,26,3,5884,0,0,0,0,3,286,0,0,0,22,0,0,0,0,0,0,0,0,0,54,0,0,431,80,0,0,0,0,0,0,0,0,0,0,0,0,0,0,0,0,0,0,0,7,0,0,0,0,0,0,0,,,,,,,,,,,,,,,,
909.105,0,0,0,0,0,0,0,0,12,0,0,0,0,76,26,3,5884,0,0,0,0,3,286,0,0,0,22,0,0,0,0,0,0,0,0,0,54,0,0,431,80,0,0,0,0,0,0,0,0,0,0,0,0,0,0,0,0,0,0,0,7,0,0,0,0,0,0,0,,,,,,,,,,,,,,,,
909.957,0,0,0,0,0,0,0,0,12,0,0,0,0,76,26,3,5884,0,0,0,0,3,289,0,0,0,22,0,0,0,0,0,0,0,0,0,54,0,0,431,80,0,0,0,0,0,0,0,0,0,0,0,0,0,0,0,0,0,0,0,7,0,0,0,0,0,0,0,,,,,,,,,,,,,,,,
909.957,0,0,0,0,0,0,0,0,12,0,0,0,0,76,26,3,5884,0,0,0,0,3,289,0,0,0,22,0,0,0,0,0,0,0,0,0,54,0,0,423,80,0,0,0,0,0,0,0,0,0,0,0,0,0,0,0,0,0,0,0,7,0,0,0,0,0,0,0,,,,,,,,,,,,,,,,
909.957,0,0,0,0,0,0,0,0,12,0,0,0,0,76,26,3,5884,0,0,0,0,3,289,0,0,0,22,0,0,0,0,0,0,0,0,0,57,0,0,423,80,0,0,0,0,0,0,0,0,0,0,0,0,0,0,0,0,0,0,0,7,0,0,0,0,0,0,0,,,,,,,,,,,,,,,,
910.958,0,0,0,0,0,0,0,0,12,0,0,0,0,76,26,3,5884,0,0,0,0,3,289,0,0,0,22,0,0,0,0,0,0,0,0,0,57,0,0,423,80,0,0,0,0,0,0,0,0,0,0,0,0,0,0,0,0,0,0,0,7,0,0,0,0,0,0,0,,,,,,,,,,,,,,,,
910.958,0,0,0,0,0,0,0,0,12,0,0,0,0,76,26,3,5884,0,0,0,0,3,289,0,0,0,22,0,0,0,0,0,0,0,0,0,57,0,0,423,80,0,0,0,0,0,0,0,0,0,0,0,0,0,0,0,0,0,0,0,7,0,0,0,0,0,0,0,,,,,,,,,,,,,,,,
910.958,0,0,0,0,0,0,0,0,12,0,0,0,0,76,26,3,5884,0,0,0,0,3,289,0,0,0,22,0,0,0,0,0,0,0,0,0,57,0,0,423,80,0,0,0,0,0,0,0,0,0,0,0,0,0,0,0,0,0,0,0,7,0,0,0,0,0,0,0,,,,,,,,,,,,,,,,
911.524,0,0,0,0,0,0,0,0,12,0,0,0,0,76,26,3,5884,0,0,0,0,3,289,0,0,0,22,0,0,0,0,0,0,0,0,0,57,0,0,423,80,0,0,0,0,0,0,0,0,0,0,0,0,0,0,0,0,0,0,0,7,0,0,0,0,0,0,0,,,,,,,,,,,,,,,,
911.524,0,0,0,0,0,0,0,0,12,0,0,0,0,76,26,3,5884,0,0,0,0,3,289,0,0,0,22,0,0,0,0,0,0,0,0,0,57,0,0,423,80,0,0,0,0,0,0,0,0,0,0,0,0,0,0,0,0,0,0,0,7,0,0,0,0,0,0,0,,,,,,,,,,,,,,,,
911.524,0,0,0,0,0,0,0,0,12,0,0,0,0,76,26,3,5884,0,0,0,0,3,289,0,0,0,22,0,0,0,0,0,0,0,0,0,57,0,0,423,80,0,0,0,0,0,0,0,0,0,0,0,0,0,0,0,0,0,0,0,7,0,0,0,0,0,0,0,,,,,,,,,,,,,,,,
911.524,0,0,0,0,0,0,0,0,12,0,0,0,0,76,26,3,5884,0,0,0,0,3,289,0,0,0,22,0,0,0,0,0,0,0,0,0,57,0,0,423,80,0,0,0,0,0,0,0,0,0,0,0,0,0,0,0,0,0,0,0,7,0,0,0,0,0,0,0,,,,,,,,,,,,,,,,
912.094,0,0,0,0,0,0,0,0,12,0,0,0,0,76,26,3,5884,0,0,0,0,3,285,0,0,0,22,0,0,0,0,0,0,0,0,0,57,0,0,423,80,0,0,0,0,0,0,0,0,0,0,0,0,0,0,0,0,0,0,0,7,0,0,0,0,0,0,0,,,,,,,,,,,,,,,,
912.094,0,0,0,0,0,0,0,0,12,0,0,0,0,76,26,3,5884,0,0,0,0,3,285,0,0,0,22,0,0,0,0,0,0,0,0,0,57,0,0,420,80,0,0,0,0,0,0,0,0,0,0,0,0,0,0,0,0,0,0,0,7,0,0,0,0,0,0,0,,,,,,,,,,,,,,,,
912.094,0,0,0,0,0,0,0,0,12,0,0,0,0,76,26,3,5884,0,0,0,0,3,285,0,0,0,22,0,0,0,0,0,0,0,0,0,52,0,0,420,80,0,0,0,0,0,0,0,0,0,0,0,0,0,0,0,0,0,0,0,7,0,0,0,0,0,0,0,,,,,,,,,,,,,,,,
912.663,0,0,0,0,0,0,0,0,12,0,0,0,0,76,26,3,5884,0,0,0,0,3,285,0,0,0,22,0,0,0,0,0,0,0,0,0,52,0,0,420,80,0,0,0,0,0,0,0,0,0,0,0,0,0,0,0,0,0,0,0,7,0,0,0,0,0,0,0,,,,,,,,,,,,,,,,
912.663,0,0,0,0,0,0,0,0,12,0,0,0,0,76,26,3,5884,0,0,0,0,3,285,0,0,0,22,0,0,0,0,0,0,0,0,0,52,0,0,420,80,0,0,0,0,0,0,0,0,0,0,0,0,0,0,0,0,0,0,0,7,0,0,0,0,0,0,0,,,,,,,,,,,,,,,,
912.663,0,0,0,0,0,0,0,0,12,0,0,0,0,76,26,3,5884,0,0,0,0,3,285,0,0,0,22,0,0,0,0,0,0,0,0,0,52,0,0,420,80,0,0,0,0,0,0,0,0,0,0,0,0,0,0,0,0,0,0,0,3,0,0,0,0,0,0,0,,,,,,,,,,,,,,,,
913.236,0,0,0,0,0,0,0,0,12,0,0,0,0,76,26,3,5884,0,0,0,0,3,285,0,0,0,22,0,0,0,0,0,0,0,0,0,52,0,0,420,80,0,0,0,0,0,0,0,0,0,0,0,0,0,0,0,0,0,0,0,3,0,0,0,0,0,0,0,,,,,,,,,,,,,,,,
913.236,0,0,0,0,0,0,0,0,12,0,0,0,0,76,26,3,5884,0,0,0,0,3,285,0,0,0,22,0,0,0,0,0,0,0,0,0,52,0,0,420,80,0,0,0,0,0,0,0,0,0,0,0,0,0,0,0,0,0,0,0,3,0,0,0,0,0,0,0,,,,,,,,,,,,,,,,
913.236,0,0,0,0,0,0,0,0,12,0,0,0,0,76,26,3,5884,0,0,0,0,3,285,0,0,0,22,0,0,0,0,0,0,0,0,0,52,0,0,420,80,0,0,0,0,0,0,0,0,0,0,0,0,0,0,0,0,0,0,0,3,0,0,0,0,0,0,0,,,,,,,,,,,,,,,,
913.236,0,0,0,0,0,0,0,0,12,0,0,0,0,76,26,3,3776,0,0,0,0,3,285,0,0,0,22,0,0,0,0,0,0,0,0,0,52,0,0,420,80,0,0,0,0,0,0,0,0,0,0,0,0,0,0,0,0,0,0,0,3,0,0,0,0,0,0,0,,,,,,,,,,,,,,,,
913.803,0,0,0,0,0,0,0,0,12,0,0,0,0,76,26,3,3776,0,0,0,0,3,285,0,0,0,22,0,0,0,0,0,0,0,0,0,52,0,0,420,80,0,0,0,0,0,0,0,0,0,0,0,0,0,0,0,0,0,0,0,3,0,0,0,0,0,0,0,,,,,,,,,,,,,,,,
913.803,0,0,0,0,0,0,0,0,12,0,0,0,0,76,26,3,3776,0,0,0,0,3,285,0,0,0,22,0,0,0,0,0,0,0,0,0,52,0,0,420,80,0,0,0,0,0,0,0,0,0,0,0,0,0,0,0,0,0,0,0,3,0,0,0,0,0,0,0,,,,,,,,,,,,,,,,
913.803,0,0,0,0,0,0,0,0,12,0,0,0,0,76,26,3,3776,0,0,0,0,3,285,0,0,0,22,0,0,0,0,0,0,0,0,0,52,0,0,420,80,0,0,0,0,0,0,0,0,0,0,0,0,0,0,0,0,0,0,0,3,0,0,0,0,0,0,0,,,,,,,,,,,,,,,,
914.373,0,0,0,0,0,0,0,0,12,0,0,0,0,76,26,3,3776,0,0,0,0,3,284,0,0,0,22,0,0,0,0,0,0,0,0,0,52,0,0,420,80,0,0,0,0,0,0,0,0,0,0,0,0,0,0,0,0,0,0,0,3,0,0,0,0,0,0,0,,,,,,,,,,,,,,,,
914.373,0,0,0,0,0,0,0,0,12,0,0,0,0,76,26,3,3776,0,0,0,0,3,284,0,0,0,22,0,0,0,0,0,0,0,0,0,52,0,0,417,80,0,0,0,0,0,0,0,0,0,0,0,0,0,0,0,0,0,0,0,3,0,0,0,0,0,0,0,,,,,,,,,,,,,,,,
914.373,0,0,0,0,0,0,0,0,12,0,0,0,0,76,26,3,3776,0,0,0,0,3,284,0,0,0,22,0,0,0,0,0,0,0,0,0,52,0,0,417,80,0,0,0,0,0,0,0,0,0,0,0,0,0,0,0,0,0,0,0,3,0,0,0,0,0,0,0,,,,,,,,,,,,,,,,
914.959,0,0,0,0,0,0,0,0,12,0,0,0,0,76,26,3,3776,0,0,0,0,3,284,0,0,0,23,0,0,0,0,0,0,0,0,0,52,0,0,417,80,0,0,0,0,0,0,0,0,0,0,0,0,0,0,0,0,0,0,0,3,0,0,0,0,0,0,0,,,,,,,,,,,,,,,,
914.959,0,0,0,0,0,0,0,0,12,0,0,0,0,76,26,3,3776,0,0,0,0,3,284,0,0,0,23,0,0,0,0,0,0,0,0,0,52,0,0,417,80,0,0,0,0,0,0,0,0,0,0,0,0,0,0,0,0,0,0,0,3,0,0,0,0,0,0,0,,,,,,,,,,,,,,,,
914.959,0,0,0,0,0,0,0,0,12,0,0,0,0,76,26,3,3776,0,0,0,0,3,284,0,0,0,23,0,0,0,0,0,0,0,0,0,52,0,0,417,80,0,0,0,0,0,0,0,0,0,0,0,0,0,0,0,0,0,0,0,3,0,0,0,0,0,0,0,,,,,,,,,,,,,,,,
915.957,0,0,0,0,0,0,0,0,12,0,0,0,0,76,26,3,3776,0,0,0,0,3,284,0,0,0,23,0,0,0,0,0,0,0,0,0,52,0,0,417,80,0,0,0,0,0,0,0,0,0,0,0,0,0,0,0,0,0,0,0,3,0,0,0,0,0,0,0,,,,,,,,,,,,,,,,
915.957,0,0,0,0,0,0,0,0,12,0,0,0,0,76,26,3,3776,0,0,0,0,3,284,0,0,0,23,0,0,0,0,0,0,0,0,0,52,0,0,411,80,0,0,0,0,0,0,0,0,0,0,0,0,0,0,0,0,0,0,0,3,0,0,0,0,0,0,0,,,,,,,,,,,,,,,,
915.957,0,0,0,0,0,0,0,0,12,0,0,0,0,76,26,3,3776,0,0,0,0,3,284,0,0,0,23,0,0,0,0,0,0,0,0,0,51,0,0,411,80,0,0,0,0,0,0,0,0,0,0,0,0,0,0,0,0,0,0,0,3,0,0,0,0,0,0,0,,,,,,,,,,,,,,,,
916.525,0,0,0,0,0,0,0,0,12,0,0,0,0,76,26,3,3776,0,0,0,0,3,284,0,0,0,23,0,0,0,0,0,0,0,0,0,51,0,0,411,80,0,0,0,0,0,0,0,0,0,0,0,0,0,0,0,0,0,0,0,3,0,0,0,0,0,0,0,,,,,,,,,,,,,,,,
916.525,0,0,0,0,0,0,0,0,12,0,0,0,0,76,26,3,3776,0,0,0,0,4,284,0,0,0,23,0,0,0,0,0,0,0,0,0,51,0,0,411,80,0,0,0,0,0,0,0,0,0,0,0,0,0,0,0,0,0,0,0,3,0,0,0,0,0,0,0,,,,,,,,,,,,,,,,
916.525,0,0,0,0,0,0,0,0,12,0,0,0,0,76,26,3,3776,0,0,0,0,4,284,0,0,0,23,0,0,0,0,0,0,0,0,0,51,0,0,411,80,0,0,0,0,0,0,0,0,0,0,0,0,0,0,0,0,0,0,0,2,0,0,0,0,0,0,0,,,,,,,,,,,,,,,,
917.097,0,0,0,0,0,0,0,0,12,0,0,0,0,76,26,3,3776,0,0,0,0,4,284,0,0,0,23,0,0,0,0,0,0,0,0,0,51,0,0,411,80,0,0,0,0,0,0,0,0,0,0,0,0,0,0,0,0,0,0,0,2,0,0,0,0,0,0,0,,,,,,,,,,,,,,,,
917.097,0,0,0,0,0,0,0,0,12,0,0,0,0,76,27,3,3776,0,0,0,0,4,284,0,0,0,23,0,0,0,0,0,0,0,0,0,51,0,0,411,80,0,0,0,0,0,0,0,0,0,0,0,0,0,0,0,0,0,0,0,2,0,0,0,0,0,0,0,,,,,,,,,,,,,,,,
917.097,0,0,0,0,0,0,0,0,12,0,0,0,0,76,27,3,3776,0,0,0,0,4,284,0,0,0,23,0,0,0,0,0,0,0,0,0,51,0,0,411,80,0,0,0,0,0,0,0,0,0,0,0,0,0,0,0,0,0,0,0,2,0,0,0,0,0,0,0,,,,,,,,,,,,,,,,
917.097,0,0,0,0,0,0,0,0,12,0,0,0,0,76,27,3,3776,0,0,0,0,4,284,0,0,0,23,0,0,0,0,0,0,0,0,0,51,0,0,411,80,0,0,0,0,0,0,0,0,0,0,0,0,0,0,0,0,0,0,0,2,0,0,0,0,0,0,0,,,,,,,,,,,,,,,,
917.665,0,0,0,0,0,0,0,0,12,0,0,0,0,76,27,3,3776,0,0,0,0,4,284,0,0,0,23,0,0,0,0,0,0,0,0,0,51,0,0,411,80,0,0,0,0,0,0,0,0,0,0,0,0,0,0,0,0,0,0,0,2,0,0,0,0,0,0,0,,,,,,,,,,,,,,,,
917.665,0,0,0,0,0,0,0,0,12,0,0,0,0,76,27,3,3776,0,0,0,0,4,284,0,0,0,23,0,0,0,0,0,0,0,0,0,51,0,0,411,80,0,0,0,0,0,0,0,0,0,0,0,0,0,0,0,0,0,0,0,2,0,0,0,0,0,0,0,,,,,,,,,,,,,,,,
917.665,0,0,0,0,0,0,0,0,12,0,0,0,0,76,27,3,3776,0,0,0,0,4,284,0,0,0,23,0,0,0,0,0,0,0,0,0,51,0,0,411,80,0,0,0,0,0,0,0,0,0,0,0,0,0,0,0,0,0,0,0,2,0,0,0,0,0,0,0,,,,,,,,,,,,,,,,
918.961,0,0,0,0,0,0,0,0,12,0,0,0,0,76,27,3,3776,0,0,0,0,4,284,0,0,0,23,0,0,0,0,0,0,0,0,0,51,0,0,411,80,0,0,0,0,0,0,0,0,0,0,0,0,0,0,0,0,0,0,0,2,0,0,0,0,0,0,0,,,,,,,,,,,,,,,,
918.961,0,0,0,0,0,0,0,0,12,0,0,0,0,76,27,3,3776,0,0,0,0,4,284,0,0,0,23,0,0,0,0,0,0,0,0,0,51,0,0,411,80,0,0,0,0,0,0,0,0,0,0,0,0,0,0,0,0,0,0,0,2,0,0,0,0,0,0,0,,,,,,,,,,,,,,,,
918.961,0,0,0,0,0,0,0,0,12,0,0,0,0,76,27,3,3776,0,0,0,0,4,284,0,0,0,23,0,0,0,0,0,0,0,0,0,51,0,0,411,80,0,0,0,0,0,0,0,0,0,0,0,0,0,0,0,0,0,0,0,2,0,0,0,0,0,0,0,,,,,,,,,,,,,,,,
919.536,0,0,0,0,0,0,0,0,12,0,0,0,0,76,27,3,3776,0,0,0,0,4,284,0,0,0,23,0,0,0,0,0,0,0,0,0,51,0,0,411,80,0,0,0,0,0,0,0,0,0,0,0,0,0,0,0,0,0,0,0,2,0,0,0,0,0,0,0,,,,,,,,,,,,,,,,
919.536,0,0,0,0,0,0,0,0,12,0,0,0,0,76,27,3,3776,0,0,0,0,4,284,0,0,0,23,0,0,0,0,0,0,0,0,0,51,0,0,411,80,0,0,0,0,0,0,0,0,0,0,0,0,0,0,0,0,0,0,0,2,0,0,0,0,0,0,0,,,,,,,,,,,,,,,,
919.536,0,0,0,0,0,0,0,0,12,0,0,0,0,76,27,3,3776,0,0,0,0,4,284,0,0,0,23,0,0,0,0,0,0,0,0,0,51,0,0,411,80,0,0,0,0,0,0,0,0,0,0,0,0,0,0,0,0,0,0,0,2,0,0,0,0,0,0,0,,,,,,,,,,,,,,,,
920.102,0,0,0,0,0,0,0,0,12,0,0,0,0,76,27,3,3776,0,0,0,0,4,284,0,0,0,23,0,0,0,0,0,0,0,0,0,51,0,0,411,80,0,0,0,0,0,0,0,0,0,0,0,0,0,0,0,0,0,0,0,2,0,0,0,0,0,0,0,,,,,,,,,,,,,,,,
920.102,0,0,0,0,0,0,0,0,12,0,0,0,0,76,27,3,3776,0,0,0,0,4,284,0,0,0,23,0,0,0,0,0,0,0,0,0,51,0,0,411,80,0,0,0,0,0,0,0,0,0,0,0,0,0,0,0,0,0,0,0,2,0,0,0,0,0,0,0,,,,,,,,,,,,,,,,
920.102,0,0,0,0,0,0,0,0,12,0,0,0,0,76,27,3,3776,0,0,0,0,4,284,0,0,0,23,0,0,0,0,0,0,0,0,0,51,0,0,411,80,0,0,0,0,0,0,0,0,0,0,0,0,0,0,0,0,0,0,0,2,0,0,0,0,0,0,0,,,,,,,,,,,,,,,,
920.671,0,0,0,0,0,0,0,0,12,0,0,0,0,76,27,3,3776,0,0,0,0,4,284,0,0,0,23,0,0,0,0,0,0,0,0,0,51,0,0,411,80,0,0,0,0,0,0,0,0,0,0,0,0,0,0,0,0,0,0,0,2,0,0,0,0,0,0,0,,,,,,,,,,,,,,,,
920.671,0,0,0,0,0,0,0,0,12,0,0,0,0,76,27,3,3776,0,0,0,0,4,284,0,0,0,23,0,0,0,0,0,0,0,0,0,51,0,0,411,80,0,0,0,0,0,0,0,0,0,0,0,0,0,0,0,0,0,0,0,2,0,0,0,0,0,0,0,,,,,,,,,,,,,,,,
920.671,0,0,0,0,0,0,0,0,12,0,0,0,0,76,27,3,3776,0,0,0,0,4,284,0,0,0,23,0,0,0,0,0,0,0,0,0,51,0,0,411,80,0,0,0,0,0,0,0,0,0,0,0,0,0,0,0,0,0,0,0,2,0,0,0,0,0,0,0,,,,,,,,,,,,,,,,
920.671,0,0,0,0,0,0,0,0,12,0,0,0,0,76,27,3,3729,0,0,0,0,4,284,0,0,0,23,0,0,0,0,0,0,0,0,0,51,0,0,411,80,0,0,0,0,0,0,0,0,0,0,0,0,0,0,0,0,0,0,0,2,0,0,0,0,0,0,0,,,,,,,,,,,,,,,,
921.242,0,0,0,0,0,0,0,0,12,0,0,0,0,76,27,3,3729,0,0,0,0,4,283,0,0,0,23,0,0,0,0,0,0,0,0,0,51,0,0,411,80,0,0,0,0,0,0,0,0,0,0,0,0,0,0,0,0,0,0,0,2,0,0,0,0,0,0,0,,,,,,,,,,,,,,,,
921.242,0,0,0,0,0,0,0,0,12,0,0,0,0,76,27,3,3729,0,0,0,0,4,283,0,0,0,23,0,0,0,0,0,0,0,0,0,51,0,0,417,80,0,0,0,0,0,0,0,0,0,0,0,0,0,0,0,0,0,0,0,2,0,0,0,0,0,0,0,,,,,,,,,,,,,,,,
921.242,0,0,0,0,0,0,0,0,12,0,0,0,0,76,27,3,3729,0,0,0,0,4,283,0,0,0,23,0,0,0,0,0,0,0,0,0,51,0,0,417,80,0,0,0,0,0,0,0,0,0,0,0,0,0,0,0,0,0,0,0,2,0,0,0,0,0,0,0,,,,,,,,,,,,,,,,
921.811,0,0,0,0,0,0,0,0,12,0,0,0,0,76,27,3,3729,0,0,0,0,4,283,0,0,0,23,0,0,0,0,0,0,0,0,0,51,0,0,417,80,0,0,0,0,0,0,0,0,0,0,0,0,0,0,0,0,0,0,0,2,0,0,0,0,0,0,0,,,,,,,,,,,,,,,,
921.811,0,0,0,0,0,0,0,0,12,0,0,0,0,76,27,3,3729,0,0,0,0,4,283,0,0,0,23,0,0,0,0,0,0,0,0,0,51,0,0,417,80,0,0,0,0,0,0,0,0,0,0,0,0,0,0,0,0,0,0,0,2,0,0,0,0,0,0,0,,,,,,,,,,,,,,,,
921.811,0,0,0,0,0,0,0,0,12,0,0,0,0,76,27,3,3729,0,0,0,0,4,283,0,0,0,23,0,0,0,0,0,0,0,0,0,51,0,0,417,80,0,0,0,0,0,0,0,0,0,0,0,0,0,0,0,0,0,0,0,2,0,0,0,0,0,0,0,,,,,,,,,,,,,,,,
922.385,0,0,0,0,0,0,0,0,12,0,0,0,0,76,27,3,3729,0,0,0,0,4,283,0,0,0,23,0,0,0,0,0,0,0,0,0,51,0,0,417,80,0,0,0,0,0,0,0,0,0,0,0,0,0,0,0,0,0,0,0,2,0,0,0,0,0,0,0,,,,,,,,,,,,,,,,
922.385,0,0,0,0,0,0,0,0,12,0,0,0,0,76,27,3,3729,0,0,0,0,4,283,0,0,0,23,0,0,0,0,0,0,0,0,0,51,0,0,417,80,0,0,0,0,0,0,0,0,0,0,0,0,0,0,0,0,0,0,0,2,0,0,0,0,0,0,0,,,,,,,,,,,,,,,,
922.385,0,0,0,0,0,0,0,0,12,0,0,0,0,76,27,3,3729,0,0,0,0,4,283,0,0,0,23,0,0,0,0,0,0,0,0,0,51,0,0,417,80,0,0,0,0,0,0,0,0,0,0,0,0,0,0,0,0,0,0,0,2,0,0,0,0,0,0,0,,,,,,,,,,,,,,,,
922.385,0,0,0,0,0,0,0,0,12,0,0,0,0,76,27,3,3729,0,0,0,0,4,283,0,0,0,23,0,0,0,0,0,0,0,0,0,51,0,0,417,80,0,0,0,0,0,0,0,0,0,0,0,0,0,0,0,0,0,0,0,2,0,0,0,0,0,0,0,,,,,,,,,,,,,,,,
922.958,0,0,0,0,0,0,0,0,12,0,0,0,0,76,27,3,3729,0,0,0,0,4,284,0,0,0,23,0,0,0,0,0,0,0,0,0,51,0,0,417,80,0,0,0,0,0,0,0,0,0,0,0,0,0,0,0,0,0,0,0,2,0,0,0,0,0,0,0,,,,,,,,,,,,,,,,
922.958,0,0,0,0,0,0,0,0,12,0,0,0,0,76,27,3,3729,0,0,0,0,4,284,0,0,0,23,0,0,0,0,0,0,0,0,0,51,0,0,417,80,0,0,0,0,0,0,0,0,0,0,0,0,0,0,0,0,0,0,0,2,0,0,0,0,0,0,0,,,,,,,,,,,,,,,,
922.958,0,0,0,0,0,0,0,0,12,0,0,0,0,76,27,3,3729,0,0,0,0,4,284,0,0,0,23,0,0,0,0,0,0,0,0,0,51,0,0,417,80,0,0,0,0,0,0,0,0,0,0,0,0,0,0,0,0,0,0,0,2,0,0,0,0,0,0,0,,,,,,,,,,,,,,,,
923.527,0,0,0,0,0,0,0,0,12,0,0,0,0,76,27,3,3729,0,0,0,0,4,284,0,0,0,23,0,0,0,0,0,0,0,0,0,51,0,0,417,80,0,0,0,0,0,0,0,0,0,0,0,0,0,0,0,0,0,0,0,2,0,0,0,0,0,0,0,,,,,,,,,,,,,,,,
923.527,0,0,0,0,0,0,0,0,12,0,0,0,0,76,27,3,3729,0,0,0,0,4,284,0,0,0,23,0,0,0,0,0,0,0,0,0,51,0,0,417,80,0,0,0,0,0,0,0,0,0,0,0,0,0,0,0,0,0,0,0,2,0,0,0,0,0,0,0,,,,,,,,,,,,,,,,
923.527,0,0,0,0,0,0,0,0,12,0,0,0,0,76,27,3,3729,0,0,0,0,4,284,0,0,0,23,0,0,0,0,0,0,0,0,0,51,0,0,417,80,0,0,0,0,0,0,0,0,0,0,0,0,0,0,0,0,0,0,0,2,0,0,0,0,0,0,0,,,,,,,,,,,,,,,,
924.100,0,0,0,0,0,0,0,0,12,0,0,0,0,76,27,3,3729,0,0,0,0,4,284,0,0,0,23,0,0,0,0,0,0,0,0,0,51,0,0,417,80,0,0,0,0,0,0,0,0,0,0,0,0,0,0,0,0,0,0,0,2,0,0,0,0,0,0,0,,,,,,,,,,,,,,,,
924.100,0,0,0,0,0,0,0,0,12,0,0,0,0,76,27,3,3729,0,0,0,0,4,284,0,0,0,23,0,0,0,0,0,0,0,0,0,51,0,0,417,80,0,0,0,0,0,0,0,0,0,0,0,0,0,0,0,0,0,0,0,2,0,0,0,0,0,0,0,,,,,,,,,,,,,,,,
924.100,0,0,0,0,0,0,0,0,12,0,0,0,0,76,27,3,3729,0,0,0,0,4,284,0,0,0,23,0,0,0,0,0,0,0,0,0,51,0,0,417,80,0,0,0,0,0,0,0,0,0,0,0,0,0,0,0,0,0,0,0,1,0,0,0,0,0,0,0,,,,,,,,,,,,,,,,
924.955,0,0,0,0,0,0,0,0,12,0,0,0,0,76,27,3,3729,0,0,0,0,4,285,0,0,0,23,0,0,0,0,0,0,0,0,0,51,0,0,417,80,0,0,0,0,0,0,0,0,0,0,0,0,0,0,0,0,0,0,0,1,0,0,0,0,0,0,0,,,,,,,,,,,,,,,,
924.955,0,0,0,0,0,0,0,0,12,0,0,0,0,76,27,3,3729,0,0,0,0,4,285,0,0,0,23,0,0,0,0,0,0,0,0,0,51,0,0,420,80,0,0,0,0,0,0,0,0,0,0,0,0,0,0,0,0,0,0,0,1,0,0,0,0,0,0,0,,,,,,,,,,,,,,,,
924.955,0,0,0,0,0,0,0,0,12,0,0,0,0,76,27,3,3729,0,0,0,0,4,285,0,0,0,23,0,0,0,0,0,0,0,0,0,51,0,0,420,80,0,0,0,0,0,0,0,0,0,0,0,0,0,0,0,0,0,0,0,1,0,0,0,0,0,0,0,,,,,,,,,,,,,,,,
925.523,0,0,0,0,0,0,0,0,12,0,0,0,0,76,27,3,3729,0,0,0,0,4,285,0,0,0,22,0,0,0,0,0,0,0,0,0,51,0,0,420,80,0,0,0,0,0,0,0,0,0,0,0,0,0,0,0,0,0,0,0,1,0,0,0,0,0,0,0,,,,,,,,,,,,,,,,
925.523,0,0,0,0,0,0,0,0,12,0,0,0,0,76,27,3,3729,0,0,0,0,4,285,0,0,0,22,0,0,0,0,0,0,0,0,0,51,0,0,420,80,0,0,0,0,0,0,0,0,0,0,0,0,0,0,0,0,0,0,0,1,0,0,0,0,0,0,0,,,,,,,,,,,,,,,,
925.523,0,0,0,0,0,0,0,0,12,0,0,0,0,76,27,3,3729,0,0,0,0,4,285,0,0,0,22,0,0,0,0,0,0,0,0,0,51,0,0,420,80,0,0,0,0,0,0,0,0,0,0,0,0,0,0,0,0,0,0,0,1,0,0,0,0,0,0,0,,,,,,,,,,,,,,,,
926.093,0,0,0,0,0,0,0,0,12,0,0,0,0,76,27,3,3729,0,0,0,0,4,285,0,0,0,22,0,0,0,0,0,0,0,0,0,51,0,0,420,80,0,0,0,0,0,0,0,0,0,0,0,0,0,0,0,0,0,0,0,1,0,0,0,0,0,0,0,,,,,,,,,,,,,,,,
926.093,0,0,0,0,0,0,0,0,12,0,0,0,0,76,27,3,3729,0,0,0,0,4,285,0,0,0,22,0,0,0,0,0,0,0,0,0,51,0,0,420,80,0,0,0,0,0,0,0,0,0,0,0,0,0,0,0,0,0,0,0,1,0,0,0,0,0,0,0,,,,,,,,,,,,,,,,
926.093,0,0,0,0,0,0,0,0,12,0,0,0,0,76,27,3,3729,0,0,0,0,4,285,0,0,0,22,0,0,0,0,0,0,0,0,0,51,0,0,420,80,0,0,0,0,0,0,0,0,0,0,0,0,0,0,0,0,0,0,0,1,0,0,0,0,0,0,0,,,,,,,,,,,,,,,,
926.093,0,0,0,0,0,0,0,0,12,0,0,0,0,76,27,3,3729,0,0,0,0,4,285,0,0,0,22,0,0,0,0,0,0,0,0,0,51,0,0,420,80,0,0,0,0,0,0,0,0,0,0,0,0,0,0,0,0,0,0,0,1,0,0,0,0,0,0,0,,,,,,,,,,,,,,,,
926.959,0,0,0,0,0,0,0,0,12,0,0,0,0,76,27,3,3729,0,0,0,0,4,290,0,0,0,22,0,0,0,0,0,0,0,0,0,51,0,0,420,80,0,0,0,0,0,0,0,0,0,0,0,0,0,0,0,0,0,0,0,1,0,0,0,0,0,0,0,,,,,,,,,,,,,,,,
926.959,0,0,0,0,0,0,0,0,12,0,0,0,0,76,27,3,3729,0,0,0,0,4,290,0,0,0,22,0,0,0,0,0,0,0,0,0,51,0,0,418,80,0,0,0,0,0,0,0,0,0,0,0,0,0,0,0,0,0,0,0,1,0,0,0,0,0,0,0,,,,,,,,,,,,,,,,
926.959,0,0,0,0,0,0,0,0,12,0,0,0,0,76,27,3,3729,0,0,0,0,4,290,0,0,0,22,0,0,0,0,0,0,0,0,0,58,0,0,418,80,0,0,0,0,0,0,0,0,0,0,0,0,0,0,0,0,0,0,0,1,0,0,0,0,0,0,0,,,,,,,,,,,,,,,,
927.529,0,0,0,0,0,0,0,0,12,0,0,0,0,76,27,3,3729,0,0,0,0,4,290,0,0,0,23,0,0,0,0,0,0,0,0,0,58,0,0,418,80,0,0,0,0,0,0,0,0,0,0,0,0,0,0,0,0,0,0,0,1,0,0,0,0,0,0,0,,,,,,,,,,,,,,,,
927.529,0,0,0,0,0,0,0,0,12,0,0,0,0,76,27,3,3729,0,0,0,0,4,290,0,0,0,23,0,0,0,0,0,0,0,0,0,58,0,0,418,80,0,0,0,0,0,0,0,0,0,0,0,0,0,0,0,0,0,0,0,1,0,0,0,0,0,0,0,,,,,,,,,,,,,,,,
927.529,0,0,0,0,0,0,0,0,12,0,0,0,0,76,27,3,3729,0,0,0,0,4,290,0,0,0,23,0,0,0,0,0,0,0,0,0,58,0,0,418,80,0,0,0,0,0,0,0,0,0,0,0,0,0,0,0,0,0,0,0,1,0,0,0,0,0,0,0,,,,,,,,,,,,,,,,
928.103,0,0,0,0,0,0,0,0,12,0,0,0,0,76,27,3,3729,0,0,0,0,4,290,0,0,0,23,0,0,0,0,0,0,0,0,0,58,0,0,418,80,0,0,0,0,0,0,0,0,0,0,0,0,0,0,0,0,0,0,0,1,0,0,0,0,0,0,0,,,,,,,,,,,,,,,,
928.103,0,0,0,0,0,0,0,0,12,0,0,0,0,76,27,3,3729,0,0,0,0,4,290,0,0,0,23,0,0,0,0,0,0,0,0,0,58,0,0,418,80,0,0,0,0,0,0,0,0,0,0,0,0,0,0,0,0,0,0,0,1,0,0,0,0,0,0,0,,,,,,,,,,,,,,,,
928.103,0,0,0,0,0,0,0,0,12,0,0,0,0,76,27,3,3729,0,0,0,0,4,290,0,0,0,23,0,0,0,0,0,0,0,0,0,58,0,0,418,80,0,0,0,0,0,0,0,0,0,0,0,0,0,0,0,0,0,0,0,6,0,0,0,0,0,0,0,,,,,,,,,,,,,,,,
928.669,0,0,0,0,0,0,0,0,12,0,0,0,0,76,27,3,3729,0,0,0,0,4,290,0,0,0,23,0,0,0,0,0,0,0,0,0,58,0,0,418,80,0,0,0,0,0,0,0,0,0,0,0,0,0,0,0,0,0,0,0,6,0,0,0,0,0,0,0,,,,,,,,,,,,,,,,
928.669,0,0,0,0,0,0,0,0,12,0,0,0,0,76,27,3,3729,0,0,0,0,4,290,0,0,0,23,0,0,0,0,0,0,0,0,0,58,0,0,418,80,0,0,0,0,0,0,0,0,0,0,0,0,0,0,0,0,0,0,0,6,0,0,0,0,0,0,0,,,,,,,,,,,,,,,,
928.669,0,0,0,0,0,0,0,0,12,0,0,0,0,76,27,3,3729,0,0,0,0,4,290,0,0,0,23,0,0,0,0,0,0,0,0,0,58,0,0,418,80,0,0,0,0,0,0,0,0,0,0,0,0,0,0,0,0,0,0,0,6,0,0,0,0,0,0,0,,,,,,,,,,,,,,,,
928.669,0,0,0,0,0,0,0,0,12,0,0,0,0,76,27,3,4129,0,0,0,0,4,290,0,0,0,23,0,0,0,0,0,0,0,0,0,58,0,0,418,80,0,0,0,0,0,0,0,0,0,0,0,0,0,0,0,0,0,0,0,6,0,0,0,0,0,0,0,,,,,,,,,,,,,,,,
929.242,0,0,0,0,0,0,0,0,12,0,0,0,0,76,27,3,4129,0,0,0,0,4,288,0,0,0,23,0,0,0,0,0,0,0,0,0,58,0,0,418,80,0,0,0,0,0,0,0,0,0,0,0,0,0,0,0,0,0,0,0,6,0,0,0,0,0,0,0,,,,,,,,,,,,,,,,
929.242,0,0,0,0,0,0,0,0,12,0,0,0,0,76,27,3,4129,0,0,0,0,4,288,0,0,0,23,0,0,0,0,0,0,0,0,0,58,0,0,415,80,0,0,0,0,0,0,0,0,0,0,0,0,0,0,0,0,0,0,0,6,0,0,0,0,0,0,0,,,,,,,,,,,,,,,,
929.242,0,0,0,0,0,0,0,0,12,0,0,0,0,76,27,3,4129,0,0,0,0,4,288,0,0,0,23,0,0,0,0,0,0,0,0,0,56,0,0,415,80,0,0,0,0,0,0,0,0,0,0,0,0,0,0,0,0,0,0,0,6,0,0,0,0,0,0,0,,,,,,,,,,,,,,,,
929.809,0,0,0,0,0,0,0,0,12,0,0,0,0,76,27,3,4129,0,0,0,0,4,288,0,0,0,23,0,0,0,0,0,0,0,0,0,56,0,0,415,80,0,0,0,0,0,0,0,0,0,0,0,0,0,0,0,0,0,0,0,6,0,0,0,0,0,0,0,,,,,,,,,,,,,,,,
929.809,0,0,0,0,0,0,0,0,12,0,0,0,0,76,27,3,4129,0,0,0,0,4,288,0,0,0,23,0,0,0,0,0,0,0,0,0,56,0,0,415,80,0,0,0,0,0,0,0,0,0,0,0,0,0,0,0,0,0,0,0,6,0,0,0,0,0,0,0,,,,,,,,,,,,,,,,
929.809,0,0,0,0,0,0,0,0,12,0,0,0,0,76,27,3,4129,0,0,0,0,4,288,0,0,0,23,0,0,0,0,0,0,0,0,0,56,0,0,415,80,0,0,0,0,0,0,0,0,0,0,0,0,0,0,0,0,0,0,0,6,0,0,0,0,0,0,0,,,,,,,,,,,,,,,,
930.956,0,0,0,0,0,0,0,0,12,0,0,0,0,76,27,3,4129,0,0,0,0,4,283,0,0,0,23,0,0,0,0,0,0,0,0,0,56,0,0,415,80,0,0,0,0,0,0,0,0,0,0,0,0,0,0,0,0,0,0,0,6,0,0,0,0,0,0,0,,,,,,,,,,,,,,,,
930.956,0,0,0,0,0,0,0,0,12,0,0,0,0,76,27,3,4129,0,0,0,0,4,283,0,0,0,23,0,0,0,0,0,0,0,0,0,56,0,0,408,80,0,0,0,0,0,0,0,0,0,0,0,0,0,0,0,0,0,0,0,6,0,0,0,0,0,0,0,,,,,,,,,,,,,,,,
930.956,0,0,0,0,0,0,0,0,12,0,0,0,0,76,27,3,4129,0,0,0,0,4,283,0,0,0,23,0,0,0,0,0,0,0,0,0,51,0,0,408,80,0,0,0,0,0,0,0,0,0,0,0,0,0,0,0,0,0,0,0,6,0,0,0,0,0,0,0,,,,,,,,,,,,,,,,
931.525,0,0,0,0,0,0,0,0,12,0,0,0,0,76,27,3,4129,0,0,0,0,4,283,0,0,0,22,0,0,0,0,0,0,0,0,0,51,0,0,408,80,0,0,0,0,0,0,0,0,0,0,0,0,0,0,0,0,0,0,0,6,0,0,0,0,0,0,0,,,,,,,,,,,,,,,,
931.525,0,0,0,0,0,0,0,0,12,0,0,0,0,76,27,3,4129,0,0,0,0,4,283,0,0,0,22,0,0,0,0,0,0,0,0,0,51,0,0,408,80,0,0,0,0,0,0,0,0,0,0,0,0,0,0,0,0,0,0,0,6,0,0,0,0,0,0,0,,,,,,,,,,,,,,,,
931.525,0,0,0,0,0,0,0,0,12,0,0,0,0,76,27,3,4129,0,0,0,0,4,283,0,0,0,22,0,0,0,0,0,0,0,0,0,51,0,0,408,80,0,0,0,0,0,0,0,0,0,0,0,0,0,0,0,0,0,0,0,6,0,0,0,0,0,0,0,,,,,,,,,,,,,,,,
932.097,0,0,0,0,0,0,0,0,12,0,0,0,0,76,27,3,4129,0,0,0,0,4,283,0,0,0,22,0,0,0,0,0,0,0,0,0,51,0,0,408,80,0,0,0,0,0,0,0,0,0,0,0,0,0,0,0,0,0,0,0,6,0,0,0,0,0,0,0,,,,,,,,,,,,,,,,
932.097,0,0,0,0,0,0,0,0,12,0,0,0,0,76,27,3,4129,0,0,0,0,4,283,0,0,0,22,0,0,0,0,0,0,0,0,0,51,0,0,408,80,0,0,0,0,0,0,0,0,0,0,0,0,0,0,0,0,0,0,0,6,0,0,0,0,0,0,0,,,,,,,,,,,,,,,,
932.097,0,0,0,0,0,0,0,0,12,0,0,0,0,76,27,3,4129,0,0,0,0,4,283,0,0,0,22,0,0,0,0,0,0,0,0,0,51,0,0,408,80,0,0,0,0,0,0,0,0,0,0,0,0,0,0,0,0,0,0,0,6,0,0,0,0,0,0,0,,,,,,,,,,,,,,,,
932.097,0,0,0,0,0,0,0,0,12,0,0,0,0,76,27,3,4129,0,0,0,0,4,283,0,0,0,22,0,0,0,0,0,0,0,0,0,51,0,0,408,80,0,0,0,0,0,0,0,0,0,0,0,0,0,0,0,0,0,0,0,6,0,0,0,0,0,0,0,,,,,,,,,,,,,,,,
932.952,0,0,0,0,0,0,0,0,12,0,0,0,0,76,27,3,4129,0,0,0,0,4,283,0,0,0,23,0,0,0,0,0,0,0,0,0,51,0,0,408,80,0,0,0,0,0,0,0,0,0,0,0,0,0,0,0,0,0,0,0,6,0,0,0,0,0,0,0,,,,,,,,,,,,,,,,
932.952,0,0,0,0,0,0,0,0,12,0,0,0,0,76,27,3,4129,0,0,0,0,4,283,0,0,0,23,0,0,0,0,0,0,0,0,0,51,0,0,408,80,0,0,0,0,0,0,0,0,0,0,0,0,0,0,0,0,0,0,0,6,0,0,0,0,0,0,0,,,,,,,,,,,,,,,,
932.952,0,0,0,0,0,0,0,0,12,0,0,0,0,76,27,3,4129,0,0,0,0,4,283,0,0,0,23,0,0,0,0,0,0,0,0,0,51,0,0,408,80,0,0,0,0,0,0,0,0,0,0,0,0,0,0,0,0,0,0,0,6,0,0,0,0,0,0,0,,,,,,,,,,,,,,,,
933.521,0,0,0,0,0,0,0,0,12,0,0,0,0,76,27,3,4129,0,0,0,0,4,282,0,0,0,23,0,0,0,0,0,0,0,0,0,51,0,0,408,80,0,0,0,0,0,0,0,0,0,0,0,0,0,0,0,0,0,0,0,6,0,0,0,0,0,0,0,,,,,,,,,,,,,,,,
933.521,0,0,0,0,0,0,0,0,12,0,0,0,0,76,27,3,4129,0,0,0,0,4,282,0,0,0,23,0,0,0,0,0,0,0,0,0,51,0,0,411,80,0,0,0,0,0,0,0,0,0,0,0,0,0,0,0,0,0,0,0,6,0,0,0,0,0,0,0,,,,,,,,,,,,,,,,
933.521,0,0,0,0,0,0,0,0,12,0,0,0,0,76,27,3,4129,0,0,0,0,4,282,0,0,0,23,0,0,0,0,0,0,0,0,0,50,0,0,411,80,0,0,0,0,0,0,0,0,0,0,0,0,0,0,0,0,0,0,0,6,0,0,0,0,0,0,0,,,,,,,,,,,,,,,,
934.091,0,0,0,0,0,0,0,0,12,0,0,0,0,76,27,3,4129,0,0,0,0,4,282,0,0,0,23,0,0,0,0,0,0,0,0,0,50,0,0,411,80,0,0,0,0,0,0,0,0,0,0,0,0,0,0,0,0,0,0,0,6,0,0,0,0,0,0,0,,,,,,,,,,,,,,,,
934.091,0,0,0,0,0,0,0,0,12,0,0,0,0,76,27,3,4129,0,0,0,0,5,282,0,0,0,23,0,0,0,0,0,0,0,0,0,50,0,0,411,80,0,0,0,0,0,0,0,0,0,0,0,0,0,0,0,0,0,0,0,6,0,0,0,0,0,0,0,,,,,,,,,,,,,,,,
934.091,0,0,0,0,0,0,0,0,12,0,0,0,0,76,27,3,4129,0,0,0,0,5,282,0,0,0,23,0,0,0,0,0,0,0,0,0,50,0,0,411,80,0,0,0,0,0,0,0,0,0,0,0,0,0,0,0,0,0,0,0,1,0,0,0,0,0,0,0,,,,,,,,,,,,,,,,
934.958,0,0,0,0,0,0,0,0,12,0,0,0,0,76,27,3,4129,0,0,0,0,5,282,0,0,0,23,0,0,0,0,0,0,0,0,0,50,0,0,411,80,0,0,0,0,0,0,0,0,0,0,0,0,0,0,0,0,0,0,0,1,0,0,0,0,0,0,0,,,,,,,,,,,,,,,,
934.958,0,0,0,0,0,0,0,0,12,0,0,0,0,76,27,3,4129,0,0,0,0,5,282,0,0,0,23,0,0,0,0,0,0,0,0,0,50,0,0,406,80,0,0,0,0,0,0,0,0,0,0,0,0,0,0,0,0,0,0,0,1,0,0,0,0,0,0,0,,,,,,,,,,,,,,,,
934.958,0,0,0,0,0,0,0,0,12,0,0,0,0,76,27,3,4129,0,0,0,0,5,282,0,0,0,23,0,0,0,0,0,0,0,0,0,50,0,0,406,80,0,0,0,0,0,0,0,0,0,0,0,0,0,0,0,0,0,0,0,1,0,0,0,0,0,0,0,,,,,,,,,,,,,,,,
935.528,0,0,0,0,0,0,0,0,12,0,0,0,0,76,27,3,4129,0,0,0,0,5,282,0,0,0,24,0,0,0,0,0,0,0,0,0,50,0,0,406,80,0,0,0,0,0,0,0,0,0,0,0,0,0,0,0,0,0,0,0,1,0,0,0,0,0,0,0,,,,,,,,,,,,,,,,
935.528,0,0,0,0,0,0,0,0,12,0,0,0,0,76,27,3,4129,0,0,0,0,5,282,0,0,0,24,0,0,0,0,0,0,0,0,0,50,0,0,406,80,0,0,0,0,0,0,0,0,0,0,0,0,0,0,0,0,0,0,0,1,0,0,0,0,0,0,0,,,,,,,,,,,,,,,,
935.528,0,0,0,0,0,0,0,0,12,0,0,0,0,76,27,3,4129,0,0,0,0,5,282,0,0,0,24,0,0,0,0,0,0,0,0,0,50,0,0,406,80,0,0,0,0,0,0,0,0,0,0,0,0,0,0,0,0,0,0,0,1,0,0,0,0,0,0,0,,,,,,,,,,,,,,,,
936.097,0,0,0,0,0,0,0,0,12,0,0,0,0,76,27,3,4129,0,0,0,0,5,282,0,0,0,24,0,0,0,0,0,0,0,0,0,50,0,0,406,80,0,0,0,0,0,0,0,0,0,0,0,0,0,0,0,0,0,0,0,1,0,0,0,0,0,0,0,,,,,,,,,,,,,,,,
936.097,0,0,0,0,0,0,0,0,12,0,0,0,0,76,27,3,4129,0,0,0,0,5,282,0,0,0,24,0,0,0,0,0,0,0,0,0,50,0,0,406,80,0,0,0,0,0,0,0,0,0,0,0,0,0,0,0,0,0,0,0,1,0,0,0,0,0,0,0,,,,,,,,,,,,,,,,
936.097,0,0,0,0,0,0,0,0,12,0,0,0,0,76,27,3,4129,0,0,0,0,5,282,0,0,0,24,0,0,0,0,0,0,0,0,0,50,0,0,406,80,0,0,0,0,0,0,0,0,0,0,0,0,0,0,0,0,0,0,0,1,0,0,0,0,0,0,0,,,,,,,,,,,,,,,,
936.097,0,0,0,0,0,0,0,0,12,0,0,0,0,76,27,3,4129,0,0,0,0,5,282,0,0,0,24,0,0,0,0,0,0,0,0,0,50,0,0,406,80,0,0,0,0,0,0,0,0,0,0,0,0,0,0,0,0,0,0,0,1,0,0,0,0,0,0,0,,,,,,,,,,,,,,,,
936.667,0,0,0,0,0,0,0,0,12,0,0,0,0,76,27,3,4129,0,0,0,0,5,282,0,0,0,24,0,0,0,0,0,0,0,0,0,50,0,0,406,80,0,0,0,0,0,0,0,0,0,0,0,0,0,0,0,0,0,0,0,1,0,0,0,0,0,0,0,,,,,,,,,,,,,,,,
936.667,0,0,0,0,0,0,0,0,12,0,0,0,0,76,27,3,4129,0,0,0,0,5,282,0,0,0,24,0,0,0,0,0,0,0,0,0,50,0,0,406,80,0,0,0,0,0,0,0,0,0,0,0,0,0,0,0,0,0,0,0,1,0,0,0,0,0,0,0,,,,,,,,,,,,,,,,
936.667,0,0,0,0,0,0,0,0,12,0,0,0,0,76,27,3,4129,0,0,0,0,5,282,0,0,0,24,0,0,0,0,0,0,0,0,0,50,0,0,406,80,0,0,0,0,0,0,0,0,0,0,0,0,0,0,0,0,0,0,0,1,0,0,0,0,0,0,0,,,,,,,,,,,,,,,,
936.667,0,0,0,0,0,0,0,0,12,0,0,0,0,76,27,3,3578,0,0,0,0,5,282,0,0,0,24,0,0,0,0,0,0,0,0,0,50,0,0,406,80,0,0,0,0,0,0,0,0,0,0,0,0,0,0,0,0,0,0,0,1,0,0,0,0,0,0,0,,,,,,,,,,,,,,,,
937.241,0,0,0,0,0,0,0,0,12,0,0,0,0,76,27,3,3578,0,0,0,0,5,312,0,0,0,24,0,0,0,0,0,0,0,0,0,50,0,0,406,80,0,0,0,0,0,0,0,0,0,0,0,0,0,0,0,0,0,0,0,1,0,0,0,0,0,0,0,,,,,,,,,,,,,,,,
937.241,0,0,0,0,0,0,0,0,12,0,0,0,0,76,27,3,3578,0,0,0,0,5,312,0,0,0,24,0,0,0,0,0,0,0,0,0,50,0,0,211,80,0,0,0,0,0,0,0,0,0,0,0,0,0,0,0,0,0,0,0,1,0,0,0,0,0,0,0,,,,,,,,,,,,,,,,
937.241,0,0,0,0,0,0,0,0,12,0,0,0,0,76,27,3,3578,0,0,0,0,5,312,0,0,0,24,0,0,0,0,0,0,0,0,0,82,0,0,211,80,0,0,0,0,0,0,0,0,0,0,0,0,0,0,0,0,0,0,0,1,0,0,0,0,0,0,0,,,,,,,,,,,,,,,,
937.807,0,0,0,0,0,0,0,0,12,0,0,0,0,76,27,3,3578,0,0,0,0,5,312,0,0,0,25,0,0,0,0,0,0,0,0,0,82,0,0,211,80,0,0,0,0,0,0,0,0,0,0,0,0,0,0,0,0,0,0,0,1,0,0,0,0,0,0,0,,,,,,,,,,,,,,,,
937.807,0,0,0,0,0,0,0,0,12,0,0,0,0,76,27,3,3578,0,0,0,0,5,312,0,0,0,25,0,0,0,0,0,0,0,0,0,82,0,0,211,80,0,0,0,0,0,0,0,0,0,0,0,0,0,0,0,0,0,0,0,1,0,0,0,0,0,0,0,,,,,,,,,,,,,,,,
937.807,0,0,0,0,0,0,0,0,12,0,0,0,0,76,27,3,3578,0,0,0,0,5,312,0,0,0,25,0,0,0,0,0,0,0,0,0,82,0,0,211,81,0,0,0,0,0,0,0,0,0,0,0,0,0,0,0,0,0,0,0,1,0,0,0,0,0,0,0,,,,,,,,,,,,,,,,
938.377,0,0,0,0,0,0,0,0,12,0,0,0,0,76,27,3,3578,0,0,0,0,5,312,0,0,0,25,0,0,0,0,0,0,0,0,0,82,0,0,211,81,0,0,0,0,0,0,0,0,0,0,0,0,0,0,0,0,0,0,0,1,0,0,0,0,0,0,0,,,,,,,,,,,,,,,,
938.377,0,0,0,0,0,0,0,0,12,0,0,0,0,76,27,3,3578,0,0,0,0,5,312,0,0,0,25,0,0,0,0,0,0,0,0,0,82,0,0,211,81,0,0,0,0,0,0,0,0,0,0,0,0,0,0,0,0,0,0,0,1,0,0,0,0,0,0,0,,,,,,,,,,,,,,,,
938.377,0,0,0,0,0,0,0,0,12,0,0,0,0,76,27,3,3578,0,0,0,0,5,312,0,0,0,25,0,0,0,0,0,0,0,0,0,82,0,0,211,81,0,0,0,0,0,0,0,0,0,0,0,0,0,0,0,0,0,0,0,9,0,0,0,0,0,0,0,,,,,,,,,,,,,,,,
938.958,0,0,0,0,0,0,0,0,12,0,0,0,0,76,27,3,3578,0,0,0,0,5,285,0,0,0,25,0,0,0,0,0,0,0,0,0,82,0,0,211,81,0,0,0,0,0,0,0,0,0,0,0,0,0,0,0,0,0,0,0,9,0,0,0,0,0,0,0,,,,,,,,,,,,,,,,
938.958,0,0,0,0,0,0,0,0,12,0,0,0,0,76,27,3,3578,0,0,0,0,5,285,0,0,0,25,0,0,0,0,0,0,0,0,0,82,0,0,414,81,0,0,0,0,0,0,0,0,0,0,0,0,0,0,0,0,0,0,0,9,0,0,0,0,0,0,0,,,,,,,,,,,,,,,,
938.958,0,0,0,0,0,0,0,0,12,0,0,0,0,76,27,3,3578,0,0,0,0,5,285,0,0,0,25,0,0,0,0,0,0,0,0,0,53,0,0,414,81,0,0,0,0,0,0,0,0,0,0,0,0,0,0,0,0,0,0,0,9,0,0,0,0,0,0,0,,,,,,,,,,,,,,,,
939.523,0,0,0,0,0,0,0,0,12,0,0,0,0,76,27,3,3578,0,0,0,0,5,285,0,0,0,23,0,0,0,0,0,0,0,0,0,53,0,0,414,81,0,0,0,0,0,0,0,0,0,0,0,0,0,0,0,0,0,0,0,9,0,0,0,0,0,0,0,,,,,,,,,,,,,,,,
939.523,0,0,0,0,0,0,0,0,12,0,0,0,0,76,27,3,3578,0,0,0,0,5,285,0,0,0,23,0,0,0,0,0,0,0,0,0,53,0,0,414,81,0,0,0,0,0,0,0,0,0,0,0,0,0,0,0,0,0,0,0,9,0,0,0,0,0,0,0,,,,,,,,,,,,,,,,
939.523,0,0,0,0,0,0,0,0,12,0,0,0,0,76,27,3,3578,0,0,0,0,5,285,0,0,0,23,0,0,0,0,0,0,0,0,0,53,0,0,414,81,0,0,0,0,0,0,0,0,0,0,0,0,0,0,0,0,0,0,0,9,0,0,0,0,0,0,0,,,,,,,,,,,,,,,,
940.959,0,0,0,0,0,0,0,0,12,0,0,0,0,76,27,3,3578,0,0,0,0,5,282,0,0,0,23,0,0,0,0,0,0,0,0,0,53,0,0,414,81,0,0,0,0,0,0,0,0,0,0,0,0,0,0,0,0,0,0,0,9,0,0,0,0,0,0,0,,,,,,,,,,,,,,,,
940.959,0,0,0,0,0,0,0,0,12,0,0,0,0,76,27,3,3578,0,0,0,0,5,282,0,0,0,23,0,0,0,0,0,0,0,0,0,53,0,0,412,81,0,0,0,0,0,0,0,0,0,0,0,0,0,0,0,0,0,0,0,9,0,0,0,0,0,0,0,,,,,,,,,,,,,,,,
940.959,0,0,0,0,0,0,0,0,12,0,0,0,0,76,27,3,3578,0,0,0,0,5,282,0,0,0,23,0,0,0,0,0,0,0,0,0,51,0,0,412,81,0,0,0,0,0,0,0,0,0,0,0,0,0,0,0,0,0,0,0,9,0,0,0,0,0,0,0,,,,,,,,,,,,,,,,
941.529,0,0,0,0,0,0,0,0,12,0,0,0,0,76,27,3,3578,0,0,0,0,5,282,0,0,0,23,0,0,0,0,0,0,0,0,0,51,0,0,412,81,0,0,0,0,0,0,0,0,0,0,0,0,0,0,0,0,0,0,0,9,0,0,0,0,0,0,0,,,,,,,,,,,,,,,,
941.529,0,0,0,0,0,0,0,0,12,0,0,0,0,77,27,3,3578,0,0,0,0,5,282,0,0,0,23,0,0,0,0,0,0,0,0,0,51,0,0,412,81,0,0,0,0,0,0,0,0,0,0,0,0,0,0,0,0,0,0,0,9,0,0,0,0,0,0,0,,,,,,,,,,,,,,,,
941.529,0,0,0,0,0,0,0,0,12,0,0,0,0,77,27,3,3578,0,0,0,0,5,282,0,0,0,23,0,0,0,0,0,0,0,0,0,51,0,0,412,81,0,0,0,0,0,0,0,0,0,0,0,0,0,0,0,0,0,0,0,9,0,0,0,0,0,0,0,,,,,,,,,,,,,,,,
942.102,0,0,0,0,0,0,0,0,12,0,0,0,0,77,27,3,3578,0,0,0,0,5,282,0,0,0,23,0,0,0,0,0,0,0,0,0,51,0,0,412,81,0,0,0,0,0,0,0,0,0,0,0,0,0,0,0,0,0,0,0,9,0,0,0,0,0,0,0,,,,,,,,,,,,,,,,
942.102,0,0,0,0,0,0,0,0,12,0,0,0,0,77,27,3,3578,0,0,0,0,5,282,0,0,0,23,0,0,0,0,0,0,0,0,0,51,0,0,412,81,0,0,0,0,0,0,0,0,0,0,0,0,0,0,0,0,0,0,0,9,0,0,0,0,0,0,0,,,,,,,,,,,,,,,,
942.102,0,0,0,0,0,0,0,0,12,0,0,0,0,77,27,3,3578,0,0,0,0,5,282,0,0,0,23,0,0,0,0,0,0,0,0,0,51,0,0,412,81,0,0,0,0,0,0,0,0,0,0,0,0,0,0,0,0,0,0,0,1,0,0,0,0,0,0,0,,,,,,,,,,,,,,,,
942.669,0,0,0,0,0,0,0,0,12,0,0,0,0,77,27,3,3578,0,0,0,0,5,282,0,0,0,23,0,0,0,0,0,0,0,0,0,51,0,0,412,81,0,0,0,0,0,0,0,0,0,0,0,0,0,0,0,0,0,0,0,1,0,0,0,0,0,0,0,,,,,,,,,,,,,,,,
942.669,0,0,0,0,0,0,0,0,12,0,0,0,0,77,27,3,3578,0,0,0,0,5,282,0,0,0,23,0,0,0,0,0,0,0,0,0,51,0,0,412,81,0,0,0,0,0,0,0,0,0,0,0,0,0,0,0,0,0,0,0,1,0,0,0,0,0,0,0,,,,,,,,,,,,,,,,
942.669,0,0,0,0,0,0,0,0,12,0,0,0,0,77,27,3,3578,0,0,0,0,5,282,0,0,0,23,0,0,0,0,0,0,0,0,0,51,0,0,412,81,0,0,0,0,0,0,0,0,0,0,0,0,0,0,0,0,0,0,0,1,0,0,0,0,0,0,0,,,,,,,,,,,,,,,,
942.669,0,0,0,0,0,0,0,0,12,0,0,0,0,77,27,3,3578,0,0,0,0,5,282,0,0,0,23,0,0,0,0,0,0,0,0,0,51,0,0,412,81,0,0,0,0,0,0,0,0,0,0,0,0,0,0,0,0,0,0,0,1,0,0,0,0,0,0,0,,,,,,,,,,,,,,,,
943.241,0,0,0,0,0,0,0,0,12,0,0,0,0,77,27,3,3578,0,0,0,0,5,304,0,0,0,23,0,0,0,0,0,0,0,0,0,51,0,0,412,81,0,0,0,0,0,0,0,0,0,0,0,0,0,0,0,0,0,0,0,1,0,0,0,0,0,0,0,,,,,,,,,,,,,,,,
943.241,0,0,0,0,0,0,0,0,12,0,0,0,0,77,27,3,3578,0,0,0,0,5,304,0,0,0,23,0,0,0,0,0,0,0,0,0,51,0,0,342,81,0,0,0,0,0,0,0,0,0,0,0,0,0,0,0,0,0,0,0,1,0,0,0,0,0,0,0,,,,,,,,,,,,,,,,
943.241,0,0,0,0,0,0,0,0,12,0,0,0,0,77,27,3,3578,0,0,0,0,5,304,0,0,0,23,0,0,0,0,0,0,0,0,0,75,0,0,342,81,0,0,0,0,0,0,0,0,0,0,0,0,0,0,0,0,0,0,0,1,0,0,0,0,0,0,0,,,,,,,,,,,,,,,,
943.808,0,0,0,0,0,0,0,0,12,0,0,0,0,77,27,3,3578,0,0,0,0,5,304,0,0,0,26,0,0,0,0,0,0,0,0,0,75,0,0,342,81,0,0,0,0,0,0,0,0,0,0,0,0,0,0,0,0,0,0,0,1,0,0,0,0,0,0,0,,,,,,,,,,,,,,,,
943.808,0,0,0,0,0,0,0,0,12,0,0,0,0,77,27,3,3578,0,0,0,0,5,304,0,0,0,26,0,0,0,0,0,0,0,0,0,75,0,0,342,81,0,0,0,0,0,0,0,0,0,0,0,0,0,0,0,0,0,0,0,1,0,0,0,0,0,0,0,,,,,,,,,,,,,,,,
943.808,0,0,0,0,0,0,0,0,12,0,0,0,0,77,27,3,3578,0,0,0,0,5,304,0,0,0,26,0,0,0,0,0,0,0,0,0,75,0,0,342,81,0,0,0,0,0,0,0,0,0,0,0,0,0,0,0,0,0,0,0,1,0,0,0,0,0,0,0,,,,,,,,,,,,,,,,
944.955,0,0,0,0,0,0,0,0,12,0,0,0,0,77,27,3,3578,0,0,0,0,5,282,0,0,0,26,0,0,0,0,0,0,0,0,0,75,0,0,342,81,0,0,0,0,0,0,0,0,0,0,0,0,0,0,0,0,0,0,0,1,0,0,0,0,0,0,0,,,,,,,,,,,,,,,,
944.955,0,0,0,0,0,0,0,0,12,0,0,0,0,77,27,3,3578,0,0,0,0,5,282,0,0,0,26,0,0,0,0,0,0,0,0,0,75,0,0,404,81,0,0,0,0,0,0,0,0,0,0,0,0,0,0,0,0,0,0,0,1,0,0,0,0,0,0,0,,,,,,,,,,,,,,,,
944.955,0,0,0,0,0,0,0,0,12,0,0,0,0,77,27,3,3578,0,0,0,0,5,282,0,0,0,26,0,0,0,0,0,0,0,0,0,50,0,0,404,81,0,0,0,0,0,0,0,0,0,0,0,0,0,0,0,0,0,0,0,1,0,0,0,0,0,0,0,,,,,,,,,,,,,,,,
945.524,0,0,0,0,0,0,0,0,12,0,0,0,0,77,27,3,3578,0,0,0,0,5,282,0,0,0,23,0,0,0,0,0,0,0,0,0,50,0,0,404,81,0,0,0,0,0,0,0,0,0,0,0,0,0,0,0,0,0,0,0,1,0,0,0,0,0,0,0,,,,,,,,,,,,,,,,
945.524,0,0,0,0,0,0,0,0,12,0,0,0,0,77,27,3,3578,0,0,0,0,5,282,0,0,0,23,0,0,0,0,0,0,0,0,0,50,0,0,404,81,0,0,0,0,0,0,0,0,0,0,0,0,0,0,0,0,0,0,0,1,0,0,0,0,0,0,0,,,,,,,,,,,,,,,,
945.524,0,0,0,0,0,0,0,0,12,0,0,0,0,77,27,3,3578,0,0,0,0,5,282,0,0,0,23,0,0,0,0,0,0,0,0,0,50,0,0,404,81,0,0,0,0,0,0,0,0,0,0,0,0,0,0,0,0,0,0,0,1,0,0,0,0,0,0,0,,,,,,,,,,,,,,,,
946.097,0,0,0,0,0,0,0,0,12,0,0,0,0,77,27,3,3578,0,0,0,0,5,282,0,0,0,23,0,0,0,0,0,0,0,0,0,50,0,0,404,81,0,0,0,0,0,0,0,0,0,0,0,0,0,0,0,0,0,0,0,1,0,0,0,0,0,0,0,,,,,,,,,,,,,,,,
946.097,0,0,0,0,0,0,0,0,12,0,0,0,0,77,27,3,3578,0,0,0,0,6,282,0,0,0,23,0,0,0,0,0,0,0,0,0,50,0,0,404,81,0,0,0,0,0,0,0,0,0,0,0,0,0,0,0,0,0,0,0,1,0,0,0,0,0,0,0,,,,,,,,,,,,,,,,
946.097,0,0,0,0,0,0,0,0,12,0,0,0,0,77,27,3,3578,0,0,0,0,6,282,0,0,0,23,0,0,0,0,0,0,0,0,0,50,0,0,404,81,0,0,0,0,0,0,0,0,0,0,0,0,0,0,0,0,0,0,0,1,0,0,0,0,0,0,0,,,,,,,,,,,,,,,,
946.665,0,0,0,0,0,0,0,0,12,0,0,0,0,77,27,3,3578,0,0,0,0,6,282,0,0,0,23,0,0,0,0,0,0,0,0,0,50,0,0,404,81,0,0,0,0,0,0,0,0,0,0,0,0,0,0,0,0,0,0,0,1,0,0,0,0,0,0,0,,,,,,,,,,,,,,,,
946.665,0,0,0,0,0,0,0,0,12,0,0,0,0,77,27,3,3578,0,0,0,0,6,282,0,0,0,23,0,0,0,0,0,0,0,0,0,50,0,0,404,81,0,0,0,0,0,0,0,0,0,0,0,0,0,0,0,0,0,0,0,1,0,0,0,0,0,0,0,,,,,,,,,,,,,,,,
946.665,0,0,0,0,0,0,0,0,12,0,0,0,0,77,27,3,3578,0,0,0,0,6,282,0,0,0,23,0,0,0,0,0,0,0,0,0,50,0,0,404,81,0,0,0,0,0,0,0,0,0,0,0,0,0,0,0,0,0,0,0,1,0,0,0,0,0,0,0,,,,,,,,,,,,,,,,
946.665,0,0,0,0,0,0,0,0,12,0,0,0,0,77,27,3,3578,0,0,0,0,6,282,0,0,0,23,0,0,0,0,0,0,0,0,0,50,0,0,404,81,0,0,0,0,0,0,0,0,0,0,0,0,0,0,0,0,0,0,0,1,0,0,0,0,0,0,0,,,,,,,,,,,,,,,,
947.236,0,0,0,0,0,0,0,0,12,0,0,0,0,77,27,3,3578,0,0,0,0,6,282,0,0,0,23,0,0,0,0,0,0,0,0,0,50,0,0,404,81,0,0,0,0,0,0,0,0,0,0,0,0,0,0,0,0,0,0,0,1,0,0,0,0,0,0,0,,,,,,,,,,,,,,,,
947.236,0,0,0,0,0,0,0,0,12,0,0,0,0,77,27,3,3578,0,0,0,0,6,282,0,0,0,23,0,0,0,0,0,0,0,0,0,50,0,0,404,81,0,0,0,0,0,0,0,0,0,0,0,0,0,0,0,0,0,0,0,1,0,0,0,0,0,0,0,,,,,,,,,,,,,,,,
947.236,0,0,0,0,0,0,0,0,12,0,0,0,0,77,27,3,3578,0,0,0,0,6,282,0,0,0,23,0,0,0,0,0,0,0,0,0,50,0,0,404,81,0,0,0,0,0,0,0,0,0,0,0,0,0,0,0,0,0,0,0,1,0,0,0,0,0,0,0,,,,,,,,,,,,,,,,
947.236,0,0,0,0,0,0,0,0,12,0,0,0,0,77,27,3,3644,0,0,0,0,6,282,0,0,0,23,0,0,0,0,0,0,0,0,0,50,0,0,404,81,0,0,0,0,0,0,0,0,0,0,0,0,0,0,0,0,0,0,0,1,0,0,0,0,0,0,0,,,,,,,,,,,,,,,,
947.808,0,0,0,0,0,0,0,0,12,0,0,0,0,77,27,3,3644,0,0,0,0,6,290,0,0,0,23,0,0,0,0,0,0,0,0,0,50,0,0,404,81,0,0,0,0,0,0,0,0,0,0,0,0,0,0,0,0,0,0,0,1,0,0,0,0,0,0,0,,,,,,,,,,,,,,,,
947.808,0,0,0,0,0,0,0,0,12,0,0,0,0,77,27,3,3644,0,0,0,0,6,290,0,0,0,23,0,0,0,0,0,0,0,0,0,50,0,0,317,81,0,0,0,0,0,0,0,0,0,0,0,0,0,0,0,0,0,0,0,1,0,0,0,0,0,0,0,,,,,,,,,,,,,,,,
947.808,0,0,0,0,0,0,0,0,12,0,0,0,0,77,27,3,3644,0,0,0,0,6,290,0,0,0,23,0,0,0,0,0,0,0,0,0,57,0,0,317,81,0,0,0,0,0,0,0,0,0,0,0,0,0,0,0,0,0,0,0,1,0,0,0,0,0,0,0,,,,,,,,,,,,,,,,
948.375,0,0,0,0,0,0,0,0,12,0,0,0,0,77,27,3,3644,0,0,0,0,6,290,0,0,0,25,0,0,0,0,0,0,0,0,0,57,0,0,317,81,0,0,0,0,0,0,0,0,0,0,0,0,0,0,0,0,0,0,0,1,0,0,0,0,0,0,0,,,,,,,,,,,,,,,,
948.375,0,0,0,0,0,0,0,0,12,0,0,0,0,77,27,3,3644,0,0,0,0,6,290,0,0,0,25,0,0,0,0,0,0,0,0,0,57,0,0,317,81,0,0,0,0,0,0,0,0,0,0,0,0,0,0,0,0,0,0,0,1,0,0,0,0,0,0,0,,,,,,,,,,,,,,,,
948.375,0,0,0,0,0,0,0,0,12,0,0,0,0,77,27,3,3644,0,0,0,0,6,290,0,0,0,25,0,0,0,0,0,0,0,0,0,57,0,0,317,81,0,0,0,0,0,0,0,0,0,0,0,0,0,0,0,0,0,0,0,1,0,0,0,0,0,0,0,,,,,,,,,,,,,,,,
948.951,0,0,0,0,0,0,0,0,12,0,0,0,0,77,27,3,3644,0,0,0,0,6,285,0,0,0,25,0,0,0,0,0,0,0,0,0,57,0,0,317,81,0,0,0,0,0,0,0,0,0,0,0,0,0,0,0,0,0,0,0,1,0,0,0,0,0,0,0,,,,,,,,,,,,,,,,
948.951,0,0,0,0,0,0,0,0,12,0,0,0,0,77,27,3,3644,0,0,0,0,6,285,0,0,0,25,0,0,0,0,0,0,0,0,0,57,0,0,338,81,0,0,0,0,0,0,0,0,0,0,0,0,0,0,0,0,0,0,0,1,0,0,0,0,0,0,0,,,,,,,,,,,,,,,,
948.951,0,0,0,0,0,0,0,0,12,0,0,0,0,77,27,3,3644,0,0,0,0,6,285,0,0,0,25,0,0,0,0,0,0,0,0,0,52,0,0,338,81,0,0,0,0,0,0,0,0,0,0,0,0,0,0,0,0,0,0,0,1,0,0,0,0,0,0,0,,,,,,,,,,,,,,,,
949.520,0,0,0,0,0,0,0,0,12,0,0,0,0,77,27,3,3644,0,0,0,0,6,285,0,0,0,24,0,0,0,0,0,0,0,0,0,52,0,0,338,81,0,0,0,0,0,0,0,0,0,0,0,0,0,0,0,0,0,0,0,1,0,0,0,0,0,0,0,,,,,,,,,,,,,,,,
949.520,0,0,0,0,0,0,0,0,12,0,0,0,0,77,27,3,3644,0,0,0,0,6,285,0,0,0,24,0,0,0,0,0,0,0,0,0,52,0,0,338,81,0,0,0,0,0,0,0,0,0,0,0,0,0,0,0,0,0,0,0,1,0,0,0,0,0,0,0,,,,,,,,,,,,,,,,
949.520,0,0,0,0,0,0,0,0,12,0,0,0,0,77,27,3,3644,0,0,0,0,6,285,0,0,0,24,0,0,0,0,0,0,0,0,0,52,0,0,338,81,0,0,0,0,0,0,0,0,0,0,0,0,0,0,0,0,0,0,0,1,0,0,0,0,0,0,0,,,,,,,,,,,,,,,,
950.091,0,0,0,0,0,0,0,0,12,0,0,0,0,77,27,3,3644,0,0,0,0,6,285,0,0,0,24,0,0,0,0,0,0,0,0,0,52,0,0,338,81,0,0,0,0,0,0,0,0,0,0,0,0,0,0,0,0,0,0,0,1,0,0,0,0,0,0,0,,,,,,,,,,,,,,,,
950.091,0,0,0,0,0,0,0,0,12,0,0,0,0,77,27,3,3644,0,0,0,0,6,285,0,0,0,24,0,0,0,0,0,0,0,0,0,52,0,0,338,81,0,0,0,0,0,0,0,0,0,0,0,0,0,0,0,0,0,0,0,1,0,0,0,0,0,0,0,,,,,,,,,,,,,,,,
950.091,0,0,0,0,0,0,0,0,12,0,0,0,0,77,27,3,3644,0,0,0,0,6,285,0,0,0,24,0,0,0,0,0,0,0,0,0,52,0,0,338,81,0,0,0,0,0,0,0,0,0,0,0,0,0,0,0,0,0,0,0,0,0,0,0,0,0,0,0,,,,,,,,,,,,,,,,
950.957,0,0,0,0,0,0,0,0,12,0,0,0,0,77,27,3,3644,0,0,0,0,6,284,0,0,0,24,0,0,0,0,0,0,0,0,0,52,0,0,338,81,0,0,0,0,0,0,0,0,0,0,0,0,0,0,0,0,0,0,0,0,0,0,0,0,0,0,0,,,,,,,,,,,,,,,,
950.957,0,0,0,0,0,0,0,0,12,0,0,0,0,77,27,3,3644,0,0,0,0,6,284,0,0,0,24,0,0,0,0,0,0,0,0,0,52,0,0,421,81,0,0,0,0,0,0,0,0,0,0,0,0,0,0,0,0,0,0,0,0,0,0,0,0,0,0,0,,,,,,,,,,,,,,,,
950.957,0,0,0,0,0,0,0,0,12,0,0,0,0,77,27,3,3644,0,0,0,0,6,284,0,0,0,24,0,0,0,0,0,0,0,0,0,53,0,0,421,81,0,0,0,0,0,0,0,0,0,0,0,0,0,0,0,0,0,0,0,0,0,0,0,0,0,0,0,,,,,,,,,,,,,,,,
951.527,0,0,0,0,0,0,0,0,12,0,0,0,0,77,27,3,3644,0,0,0,0,6,284,0,0,0,24,0,0,0,0,0,0,0,0,0,53,0,0,421,81,0,0,0,0,0,0,0,0,0,0,0,0,0,0,0,0,0,0,0,0,0,0,0,0,0,0,0,,,,,,,,,,,,,,,,
951.527,0,0,0,0,0,0,0,0,12,0,0,0,0,77,27,3,3644,0,0,0,0,6,284,0,0,0,24,0,0,0,0,0,0,0,0,0,53,0,0,421,81,0,0,0,0,0,0,0,0,0,0,0,0,0,0,0,0,0,0,0,0,0,0,0,0,0,0,0,,,,,,,,,,,,,,,,
951.527,0,0,0,0,0,0,0,0,12,0,0,0,0,77,27,3,3644,0,0,0,0,6,284,0,0,0,24,0,0,0,0,0,0,0,0,0,53,0,0,421,81,0,0,0,0,0,0,0,0,0,0,0,0,0,0,0,0,0,0,0,0,0,0,0,0,0,0,0,,,,,,,,,,,,,,,,
952.099,0,0,0,0,0,0,0,0,12,0,0,0,0,77,27,3,3644,0,0,0,0,6,284,0,0,0,24,0,0,0,0,0,0,0,0,0,53,0,0,421,81,0,0,0,0,0,0,0,0,0,0,0,0,0,0,0,0,0,0,0,0,0,0,0,0,0,0,0,,,,,,,,,,,,,,,,
952.099,0,0,0,0,0,0,0,0,12,0,0,0,0,77,28,3,3644,0,0,0,0,6,284,0,0,0,24,0,0,0,0,0,0,0,0,0,53,0,0,421,81,0,0,0,0,0,0,0,0,0,0,0,0,0,0,0,0,0,0,0,0,0,0,0,0,0,0,0,,,,,,,,,,,,,,,,
952.099,0,0,0,0,0,0,0,0,12,0,0,0,0,77,28,3,3644,0,0,0,0,6,284,0,0,0,24,0,0,0,0,0,0,0,0,0,53,0,0,421,81,0,0,0,0,0,0,0,0,0,0,0,0,0,0,0,0,0,0,0,0,0,0,0,0,0,0,0,,,,,,,,,,,,,,,,
952.099,0,0,0,0,0,0,0,0,12,0,0,0,0,77,28,3,3644,0,0,0,0,6,284,0,0,0,24,0,0,0,0,0,0,0,0,0,53,0,0,421,81,0,0,0,0,0,0,0,0,0,0,0,0,0,0,0,0,0,0,0,0,0,0,0,0,0,0,0,,,,,,,,,,,,,,,,
952.956,0,0,0,0,0,0,0,0,12,0,0,0,0,77,28,3,3644,0,0,0,0,6,308,0,0,0,24,0,0,0,0,0,0,0,0,0,53,0,0,421,81,0,0,0,0,0,0,0,0,0,0,0,0,0,0,0,0,0,0,0,0,0,0,0,0,0,0,0,,,,,,,,,,,,,,,,
952.956,0,0,0,0,0,0,0,0,12,0,0,0,0,77,28,3,3644,0,0,0,0,6,308,0,0,0,24,0,0,0,0,0,0,0,0,0,53,0,0,209,81,0,0,0,0,0,0,0,0,0,0,0,0,0,0,0,0,0,0,0,0,0,0,0,0,0,0,0,,,,,,,,,,,,,,,,
952.956,0,0,0,0,0,0,0,0,12,0,0,0,0,77,28,3,3644,0,0,0,0,6,308,0,0,0,24,0,0,0,0,0,0,0,0,0,77,0,0,209,81,0,0,0,0,0,0,0,0,0,0,0,0,0,0,0,0,0,0,0,0,0,0,0,0,0,0,0,,,,,,,,,,,,,,,,
953.523,0,0,0,0,0,0,0,0,12,0,0,0,0,77,28,3,3644,0,0,0,0,6,308,0,0,0,25,0,0,0,0,0,0,0,0,0,77,0,0,209,81,0,0,0,0,0,0,0,0,0,0,0,0,0,0,0,0,0,0,0,0,0,0,0,0,0,0,0,,,,,,,,,,,,,,,,
953.523,0,0,0,0,0,0,0,0,12,0,0,0,0,77,28,3,3644,0,0,0,0,6,308,0,0,0,25,0,0,0,0,0,0,0,0,0,77,0,0,209,81,0,0,0,0,0,0,0,0,0,0,0,0,0,0,0,0,0,0,0,0,0,0,0,0,0,0,0,,,,,,,,,,,,,,,,
953.523,0,0,0,0,0,0,0,0,12,0,0,0,0,77,28,3,3644,0,0,0,0,6,308,0,0,0,25,0,0,0,0,0,0,0,0,0,77,0,0,209,81,0,0,0,0,0,0,0,0,0,0,0,0,0,0,0,0,0,0,0,0,0,0,0,0,0,0,0,,,,,,,,,,,,,,,,
954.092,0,0,0,0,0,0,0,0,12,0,0,0,0,77,28,3,3644,0,0,0,0,6,308,0,0,0,25,0,0,0,0,0,0,0,0,0,77,0,0,209,81,0,0,0,0,0,0,0,0,0,0,0,0,0,0,0,0,0,0,0,0,0,0,0,0,0,0,0,,,,,,,,,,,,,,,,
954.092,0,0,0,0,0,0,0,0,12,0,0,0,0,77,28,3,3644,0,0,0,0,6,308,0,0,0,25,0,0,0,0,0,0,0,0,0,77,0,0,209,81,0,0,0,0,0,0,0,0,0,0,0,0,0,0,0,0,0,0,0,0,0,0,0,0,0,0,0,,,,,,,,,,,,,,,,
954.092,0,0,0,0,0,0,0,0,12,0,0,0,0,77,28,3,3644,0,0,0,0,6,308,0,0,0,25,0,0,0,0,0,0,0,0,0,77,0,0,209,81,0,0,0,0,0,0,0,0,0,0,0,0,0,0,0,0,0,0,0,2,0,0,0,0,0,0,0,,,,,,,,,,,,,,,,
954.662,0,0,0,0,0,0,0,0,12,0,0,0,0,77,28,3,3644,0,0,0,0,6,308,0,0,0,25,0,0,0,0,0,0,0,0,0,77,0,0,209,81,0,0,0,0,0,0,0,0,0,0,0,0,0,0,0,0,0,0,0,2,0,0,0,0,0,0,0,,,,,,,,,,,,,,,,
954.662,0,0,0,0,0,0,0,0,12,0,0,0,0,77,28,3,3644,0,0,0,0,6,308,0,0,0,25,0,0,0,0,0,0,0,0,0,77,0,0,209,81,0,0,0,0,0,0,0,0,0,0,0,0,0,0,0,0,0,0,0,2,0,0,0,0,0,0,0,,,,,,,,,,,,,,,,
954.662,0,0,0,0,0,0,0,0,12,0,0,0,0,77,28,3,3644,0,0,0,0,6,308,0,0,0,25,0,0,0,0,0,0,0,0,0,77,0,0,209,81,0,0,0,0,0,0,0,0,0,0,0,0,0,0,0,0,0,0,0,2,0,0,0,0,0,0,0,,,,,,,,,,,,,,,,
954.662,0,0,0,0,0,0,0,0,12,0,0,0,0,77,28,3,3895,0,0,0,0,6,308,0,0,0,25,0,0,0,0,0,0,0,0,0,77,0,0,209,81,0,0,0,0,0,0,0,0,0,0,0,0,0,0,0,0,0,0,0,2,0,0,0,0,0,0,0,,,,,,,,,,,,,,,,
955.235,0,0,0,0,0,0,0,0,12,0,0,0,0,77,28,3,3895,0,0,0,0,6,282,0,0,0,25,0,0,0,0,0,0,0,0,0,77,0,0,209,81,0,0,0,0,0,0,0,0,0,0,0,0,0,0,0,0,0,0,0,2,0,0,0,0,0,0,0,,,,,,,,,,,,,,,,
955.235,0,0,0,0,0,0,0,0,12,0,0,0,0,77,28,3,3895,0,0,0,0,6,282,0,0,0,25,0,0,0,0,0,0,0,0,0,77,0,0,407,81,0,0,0,0,0,0,0,0,0,0,0,0,0,0,0,0,0,0,0,2,0,0,0,0,0,0,0,,,,,,,,,,,,,,,,
955.235,0,0,0,0,0,0,0,0,12,0,0,0,0,77,28,3,3895,0,0,0,0,6,282,0,0,0,25,0,0,0,0,0,0,0,0,0,50,0,0,407,81,0,0,0,0,0,0,0,0,0,0,0,0,0,0,0,0,0,0,0,2,0,0,0,0,0,0,0,,,,,,,,,,,,,,,,
955.806,0,0,0,0,0,0,0,0,12,0,0,0,0,77,28,3,3895,0,0,0,0,6,282,0,0,0,23,0,0,0,0,0,0,0,0,0,50,0,0,407,81,0,0,0,0,0,0,0,0,0,0,0,0,0,0,0,0,0,0,0,2,0,0,0,0,0,0,0,,,,,,,,,,,,,,,,
955.806,0,0,0,0,0,0,0,0,12,0,0,0,0,77,28,3,3895,0,0,0,0,6,282,0,0,0,23,0,0,0,0,0,0,0,0,0,50,0,0,407,81,0,0,0,0,0,0,0,0,0,0,0,0,0,0,0,0,0,0,0,2,0,0,0,0,0,0,0,,,,,,,,,,,,,,,,
955.806,0,0,0,0,0,0,0,0,12,0,0,0,0,77,28,3,3895,0,0,0,0,6,282,0,0,0,23,0,0,0,0,0,0,0,0,0,50,0,0,407,81,0,0,0,0,0,0,0,0,0,0,0,0,0,0,0,0,0,0,0,2,0,0,0,0,0,0,0,,,,,,,,,,,,,,,,
956.373,0,0,0,0,0,0,0,0,12,0,0,0,0,77,28,3,3895,0,0,0,0,6,282,0,0,0,23,0,0,0,0,0,0,0,0,0,50,0,0,407,81,0,0,0,0,0,0,0,0,0,0,0,0,0,0,0,0,0,0,0,2,0,0,0,0,0,0,0,,,,,,,,,,,,,,,,
956.373,0,0,0,0,0,0,0,0,12,0,0,0,0,77,28,3,3895,0,0,0,0,6,282,0,0,0,23,0,0,0,0,0,0,0,0,0,50,0,0,407,81,0,0,0,0,0,0,0,0,0,0,0,0,0,0,0,0,0,0,0,2,0,0,0,0,0,0,0,,,,,,,,,,,,,,,,
956.373,0,0,0,0,0,0,0,0,12,0,0,0,0,77,28,3,3895,0,0,0,0,6,282,0,0,0,23,0,0,0,0,0,0,0,0,0,50,0,0,407,81,0,0,0,0,0,0,0,0,0,0,0,0,0,0,0,0,0,0,0,2,0,0,0,0,0,0,0,,,,,,,,,,,,,,,,
956.373,0,0,0,0,0,0,0,0,12,0,0,0,0,77,28,3,3895,0,0,0,0,6,282,0,0,0,23,0,0,0,0,0,0,0,0,0,50,0,0,407,81,0,0,0,0,0,0,0,0,0,0,0,0,0,0,0,0,0,0,0,2,0,0,0,0,0,0,0,,,,,,,,,,,,,,,,
956.958,0,0,0,0,0,0,0,0,12,0,0,0,0,77,28,3,3895,0,0,0,0,6,294,0,0,0,23,0,0,0,0,0,0,0,0,0,50,0,0,407,81,0,0,0,0,0,0,0,0,0,0,0,0,0,0,0,0,0,0,0,2,0,0,0,0,0,0,0,,,,,,,,,,,,,,,,
956.958,0,0,0,0,0,0,0,0,12,0,0,0,0,77,28,3,3895,0,0,0,0,6,294,0,0,0,23,0,0,0,0,0,0,0,0,0,50,0,0,231,81,0,0,0,0,0,0,0,0,0,0,0,0,0,0,0,0,0,0,0,2,0,0,0,0,0,0,0,,,,,,,,,,,,,,,,
956.958,0,0,0,0,0,0,0,0,12,0,0,0,0,77,28,3,3895,0,0,0,0,6,294,0,0,0,23,0,0,0,0,0,0,0,0,0,62,0,0,231,81,0,0,0,0,0,0,0,0,0,0,0,0,0,0,0,0,0,0,0,2,0,0,0,0,0,0,0,,,,,,,,,,,,,,,,
957.529,0,0,0,0,0,0,0,0,12,0,0,0,0,77,28,3,3895,0,0,0,0,6,294,0,0,0,25,0,0,0,0,0,0,0,0,0,62,0,0,231,81,0,0,0,0,0,0,0,0,0,0,0,0,0,0,0,0,0,0,0,2,0,0,0,0,0,0,0,,,,,,,,,,,,,,,,
957.529,0,0,0,0,0,0,0,0,12,0,0,0,0,77,28,3,3895,0,0,0,0,6,294,0,0,0,25,0,0,0,0,0,0,0,0,0,62,0,0,231,81,0,0,0,0,0,0,0,0,0,0,0,0,0,0,0,0,0,0,0,2,0,0,0,0,0,0,0,,,,,,,,,,,,,,,,
957.529,0,0,0,0,0,0,0,0,12,0,0,0,0,77,28,3,3895,0,0,0,0,6,294,0,0,0,25,0,0,0,0,0,0,0,0,0,62,0,0,231,81,0,0,0,0,0,0,0,0,0,0,0,0,0,0,0,0,0,0,0,2,0,0,0,0,0,0,0,,,,,,,,,,,,,,,,
958.100,0,0,0,0,0,0,0,0,12,0,0,0,0,77,28,3,3895,0,0,0,0,6,294,0,0,0,25,0,0,0,0,0,0,0,0,0,62,0,0,231,81,0,0,0,0,0,0,0,0,0,0,0,0,0,0,0,0,0,0,0,2,0,0,0,0,0,0,0,,,,,,,,,,,,,,,,
958.100,0,0,0,0,0,0,0,0,12,0,0,0,0,77,28,3,3895,0,0,0,0,6,294,0,0,0,25,0,0,0,0,0,0,0,0,0,62,0,0,231,81,0,0,0,0,0,0,0,0,0,0,0,0,0,0,0,0,0,0,0,2,0,0,0,0,0,0,0,,,,,,,,,,,,,,,,
958.100,0,0,0,0,0,0,0,0,12,0,0,0,0,77,28,3,3895,0,0,0,0,6,294,0,0,0,25,0,0,0,0,0,0,0,0,0,62,0,0,231,81,0,0,0,0,0,0,0,0,0,0,0,0,0,0,0,0,0,0,0,1,0,0,0,0,0,0,0,,,,,,,,,,,,,,,,
958.957,0,0,0,0,0,0,0,0,12,0,0,0,0,77,28,3,3895,0,0,0,0,6,282,0,0,0,25,0,0,0,0,0,0,0,0,0,62,0,0,231,81,0,0,0,0,0,0,0,0,0,0,0,0,0,0,0,0,0,0,0,1,0,0,0,0,0,0,0,,,,,,,,,,,,,,,,
958.957,0,0,0,0,0,0,0,0,12,0,0,0,0,77,28,3,3895,0,0,0,0,6,282,0,0,0,25,0,0,0,0,0,0,0,0,0,62,0,0,404,81,0,0,0,0,0,0,0,0,0,0,0,0,0,0,0,0,0,0,0,1,0,0,0,0,0,0,0,,,,,,,,,,,,,,,,
958.957,0,0,0,0,0,0,0,0,12,0,0,0,0,77,28,3,3895,0,0,0,0,6,282,0,0,0,25,0,0,0,0,0,0,0,0,0,51,0,0,404,81,0,0,0,0,0,0,0,0,0,0,0,0,0,0,0,0,0,0,0,1,0,0,0,0,0,0,0,,,,,,,,,,,,,,,,
959.524,0,0,0,0,0,0,0,0,12,0,0,0,0,77,28,3,3895,0,0,0,0,6,282,0,0,0,24,0,0,0,0,0,0,0,0,0,51,0,0,404,81,0,0,0,0,0,0,0,0,0,0,0,0,0,0,0,0,0,0,0,1,0,0,0,0,0,0,0,,,,,,,,,,,,,,,,
959.524,0,0,0,0,0,0,0,0,12,0,0,0,0,77,28,3,3895,0,0,0,0,6,282,0,0,0,24,0,0,0,0,0,0,0,0,0,51,0,0,404,81,0,0,0,0,0,0,0,0,0,0,0,0,0,0,0,0,0,0,0,1,0,0,0,0,0,0,0,,,,,,,,,,,,,,,,
959.524,0,0,0,0,0,0,0,0,12,0,0,0,0,77,28,3,3895,0,0,0,0,6,282,0,0,0,24,0,0,0,0,0,0,0,0,0,51,0,0,404,81,0,0,0,0,0,0,0,0,0,0,0,0,0,0,0,0,0,0,0,1,0,0,0,0,0,0,0,,,,,,,,,,,,,,,,
960.951,0,0,0,0,0,0,0,0,12,0,0,0,0,77,28,3,3895,0,0,0,0,6,309,0,0,0,24,0,0,0,0,0,0,0,0,0,51,0,0,404,81,0,0,0,0,0,0,0,0,0,0,0,0,0,0,0,0,0,0,0,1,0,0,0,0,0,0,0,,,,,,,,,,,,,,,,
960.951,0,0,0,0,0,0,0,0,12,0,0,0,0,77,28,3,3895,0,0,0,0,6,309,0,0,0,24,0,0,0,0,0,0,0,0,0,51,0,0,180,81,0,0,0,0,0,0,0,0,0,0,0,0,0,0,0,0,0,0,0,1,0,0,0,0,0,0,0,,,,,,,,,,,,,,,,
960.951,0,0,0,0,0,0,0,0,12,0,0,0,0,77,28,3,3895,0,0,0,0,6,309,0,0,0,24,0,0,0,0,0,0,0,0,0,78,0,0,180,81,0,0,0,0,0,0,0,0,0,0,0,0,0,0,0,0,0,0,0,1,0,0,0,0,0,0,0,,,,,,,,,,,,,,,,
961.520,0,0,0,0,0,0,0,0,12,0,0,0,0,77,28,3,3895,0,0,0,0,6,309,0,0,0,26,0,0,0,0,0,0,0,0,0,78,0,0,180,81,0,0,0,0,0,0,0,0,0,0,0,0,0,0,0,0,0,0,0,1,0,0,0,0,0,0,0,,,,,,,,,,,,,,,,
961.520,0,0,0,0,0,0,0,0,12,0,0,0,0,78,28,3,3895,0,0,0,0,6,309,0,0,0,26,0,0,0,0,0,0,0,0,0,78,0,0,180,81,0,0,0,0,0,0,0,0,0,0,0,0,0,0,0,0,0,0,0,1,0,0,0,0,0,0,0,,,,,,,,,,,,,,,,
961.520,0,0,0,0,0,0,0,0,12,0,0,0,0,78,28,3,3895,0,0,0,0,6,309,0,0,0,26,0,0,0,0,0,0,0,0,0,78,0,0,180,81,0,0,0,0,0,0,0,0,0,0,0,0,0,0,0,0,0,0,0,1,0,0,0,0,0,0,0,,,,,,,,,,,,,,,,
962.091,0,0,0,0,0,0,0,0,12,0,0,0,0,78,28,3,3895,0,0,0,0,6,309,0,0,0,26,0,0,0,0,0,0,0,0,0,78,0,0,180,81,0,0,0,0,0,0,0,0,0,0,0,0,0,0,0,0,0,0,0,1,0,0,0,0,0,0,0,,,,,,,,,,,,,,,,
962.091,0,0,0,0,0,0,0,0,12,0,0,0,0,78,28,3,3895,0,0,0,0,7,309,0,0,0,26,0,0,0,0,0,0,0,0,0,78,0,0,180,81,0,0,0,0,0,0,0,0,0,0,0,0,0,0,0,0,0,0,0,1,0,0,0,0,0,0,0,,,,,,,,,,,,,,,,
962.091,0,0,0,0,0,0,0,0,12,0,0,0,0,78,28,3,3895,0,0,0,0,7,309,0,0,0,26,0,0,0,0,0,0,0,0,0,78,0,0,180,81,0,0,0,0,0,0,0,0,0,0,0,0,0,0,0,0,0,0,0,4,0,0,0,0,0,0,0,,,,,,,,,,,,,,,,
962.661,0,0,0,0,0,0,0,0,12,0,0,0,0,78,28,3,3895,0,0,0,0,7,309,0,0,0,26,0,0,0,0,0,0,0,0,0,78,0,0,180,81,0,0,0,0,0,0,0,0,0,0,0,0,0,0,0,0,0,0,0,4,0,0,0,0,0,0,0,,,,,,,,,,,,,,,,
962.661,0,0,0,0,0,0,0,0,12,0,0,0,0,78,28,3,3895,0,0,0,0,7,309,0,0,0,26,0,0,0,0,0,0,0,0,0,78,0,0,180,81,0,0,0,0,0,0,0,0,0,0,0,0,0,0,0,0,0,0,0,4,0,0,0,0,0,0,0,,,,,,,,,,,,,,,,
962.661,0,0,0,0,0,0,0,0,12,0,0,0,0,78,28,3,3895,0,0,0,0,7,309,0,0,0,26,0,0,0,0,0,0,0,0,0,78,0,0,180,81,0,0,0,0,0,0,0,0,0,0,0,0,0,0,0,0,0,0,0,4,0,0,0,0,0,0,0,,,,,,,,,,,,,,,,
962.661,0,0,0,0,0,0,0,0,12,0,0,0,0,78,28,3,3895,0,0,0,0,7,309,0,0,0,26,0,0,0,0,0,0,0,0,0,78,0,0,180,81,0,0,0,0,0,0,0,0,0,0,0,0,0,0,0,0,0,0,0,4,0,0,0,0,0,0,0,,,,,,,,,,,,,,,,
963.236,0,0,0,0,0,0,0,0,12,0,0,0,0,78,28,3,3895,0,0,0,0,7,309,0,0,0,26,0,0,0,0,0,0,0,0,0,78,0,0,180,81,0,0,0,0,0,0,0,0,0,0,0,0,0,0,0,0,0,0,0,4,0,0,0,0,0,0,0,,,,,,,,,,,,,,,,
963.236,0,0,0,0,0,0,0,0,12,0,0,0,0,78,28,3,3895,0,0,0,0,7,309,0,0,0,26,0,0,0,0,0,0,0,0,0,78,0,0,180,81,0,0,0,0,0,0,0,0,0,0,0,0,0,0,0,0,0,0,0,4,0,0,0,0,0,0,0,,,,,,,,,,,,,,,,
963.236,0,0,0,0,0,0,0,0,12,0,0,0,0,78,28,3,3895,0,0,0,0,7,309,0,0,0,26,0,0,0,0,0,0,0,0,0,78,0,0,180,81,0,0,0,0,0,0,0,0,0,0,0,0,0,0,0,0,0,0,0,4,0,0,0,0,0,0,0,,,,,,,,,,,,,,,,
963.236,0,0,0,0,0,0,0,0,12,0,0,0,0,78,28,3,3816,0,0,0,0,7,309,0,0,0,26,0,0,0,0,0,0,0,0,0,78,0,0,180,81,0,0,0,0,0,0,0,0,0,0,0,0,0,0,0,0,0,0,0,4,0,0,0,0,0,0,0,,,,,,,,,,,,,,,,
963.802,0,0,0,0,0,0,0,0,12,0,0,0,0,78,28,3,3816,0,0,0,0,7,298,0,0,0,26,0,0,0,0,0,0,0,0,0,78,0,0,180,81,0,0,0,0,0,0,0,0,0,0,0,0,0,0,0,0,0,0,0,4,0,0,0,0,0,0,0,,,,,,,,,,,,,,,,
963.802,0,0,0,0,0,0,0,0,12,0,0,0,0,78,28,3,3816,0,0,0,0,7,298,0,0,0,26,0,0,0,0,0,0,0,0,0,78,0,0,219,81,0,0,0,0,0,0,0,0,0,0,0,0,0,0,0,0,0,0,0,4,0,0,0,0,0,0,0,,,,,,,,,,,,,,,,
963.802,0,0,0,0,0,0,0,0,12,0,0,0,0,78,28,3,3816,0,0,0,0,7,298,0,0,0,26,0,0,0,0,0,0,0,0,0,66,0,0,219,81,0,0,0,0,0,0,0,0,0,0,0,0,0,0,0,0,0,0,0,4,0,0,0,0,0,0,0,,,,,,,,,,,,,,,,
964.370,0,0,0,0,0,0,0,0,12,0,0,0,0,78,28,3,3816,0,0,0,0,7,298,0,0,0,26,0,0,0,0,0,0,0,0,0,66,0,0,219,81,0,0,0,0,0,0,0,0,0,0,0,0,0,0,0,0,0,0,0,4,0,0,0,0,0,0,0,,,,,,,,,,,,,,,,
964.370,0,0,0,0,0,0,0,0,12,0,0,0,0,78,28,3,3816,0,0,0,0,7,298,0,0,0,26,0,0,0,0,0,0,0,0,0,66,0,0,219,81,0,0,0,0,0,0,0,0,0,0,0,0,0,0,0,0,0,0,0,4,0,0,0,0,0,0,0,,,,,,,,,,,,,,,,
964.370,0,0,0,0,0,0,0,0,12,0,0,0,0,78,28,3,3816,0,0,0,0,7,298,0,0,0,26,0,0,0,0,0,0,0,0,0,66,0,0,219,81,0,0,0,0,0,0,0,0,0,0,0,0,0,0,0,0,0,0,0,4,0,0,0,0,0,0,0,,,,,,,,,,,,,,,,
964.957,0,0,0,0,0,0,0,0,12,0,0,0,0,78,28,3,3816,0,0,0,0,7,284,0,0,0,26,0,0,0,0,0,0,0,0,0,66,0,0,219,81,0,0,0,0,0,0,0,0,0,0,0,0,0,0,0,0,0,0,0,4,0,0,0,0,0,0,0,,,,,,,,,,,,,,,,
964.957,0,0,0,0,0,0,0,0,12,0,0,0,0,78,28,3,3816,0,0,0,0,7,284,0,0,0,26,0,0,0,0,0,0,0,0,0,66,0,0,422,81,0,0,0,0,0,0,0,0,0,0,0,0,0,0,0,0,0,0,0,4,0,0,0,0,0,0,0,,,,,,,,,,,,,,,,
964.957,0,0,0,0,0,0,0,0,12,0,0,0,0,78,28,3,3816,0,0,0,0,7,284,0,0,0,26,0,0,0,0,0,0,0,0,0,53,0,0,422,81,0,0,0,0,0,0,0,0,0,0,0,0,0,0,0,0,0,0,0,4,0,0,0,0,0,0,0,,,,,,,,,,,,,,,,
965.527,0,0,0,0,0,0,0,0,12,0,0,0,0,78,28,3,3816,0,0,0,0,7,284,0,0,0,26,0,0,0,0,0,0,0,0,0,53,0,0,422,81,0,0,0,0,0,0,0,0,0,0,0,0,0,0,0,0,0,0,0,4,0,0,0,0,0,0,0,,,,,,,,,,,,,,,,
965.527,0,0,0,0,0,0,0,0,12,0,0,0,0,78,28,3,3816,0,0,0,0,7,284,0,0,0,26,0,0,0,0,0,0,0,0,0,53,0,0,422,81,0,0,0,0,0,0,0,0,0,0,0,0,0,0,0,0,0,0,0,4,0,0,0,0,0,0,0,,,,,,,,,,,,,,,,
965.527,0,0,0,0,0,0,0,0,12,0,0,0,0,78,28,3,3816,0,0,0,0,7,284,0,0,0,26,0,0,0,0,0,0,0,0,0,53,0,0,422,81,0,0,0,0,0,0,0,0,0,0,0,0,0,0,0,0,0,0,0,3,0,0,0,0,0,0,0,,,,,,,,,,,,,,,,
966.098,0,0,0,0,0,0,0,0,12,0,0,0,0,78,28,3,3816,0,0,0,0,7,284,0,0,0,24,0,0,0,0,0,0,0,0,0,53,0,0,422,81,0,0,0,0,0,0,0,0,0,0,0,0,0,0,0,0,0,0,0,3,0,0,0,0,0,0,0,,,,,,,,,,,,,,,,
966.098,0,0,0,0,0,0,0,0,12,0,0,0,0,78,28,3,3816,0,0,0,0,7,284,0,0,0,24,0,0,0,0,0,0,0,0,0,53,0,0,422,81,0,0,0,0,0,0,0,0,0,0,0,0,0,0,0,0,0,0,0,3,0,0,0,0,0,0,0,,,,,,,,,,,,,,,,
966.098,0,0,0,0,0,0,0,0,12,0,0,0,0,78,28,3,3816,0,0,0,0,7,284,0,0,0,24,0,0,0,0,0,0,0,0,0,53,0,0,422,81,0,0,0,0,0,0,0,0,0,0,0,0,0,0,0,0,0,0,0,3,0,0,0,0,0,0,0,,,,,,,,,,,,,,,,
966.958,0,0,0,0,0,0,0,0,12,0,0,0,0,78,28,3,3816,0,0,0,0,7,286,0,0,0,24,0,0,0,0,0,0,0,0,0,53,0,0,422,81,0,0,0,0,0,0,0,0,0,0,0,0,0,0,0,0,0,0,0,3,0,0,0,0,0,0,0,,,,,,,,,,,,,,,,
966.958,0,0,0,0,0,0,0,0,12,0,0,0,0,78,28,3,3816,0,0,0,0,7,286,0,0,0,24,0,0,0,0,0,0,0,0,0,53,0,0,419,81,0,0,0,0,0,0,0,0,0,0,0,0,0,0,0,0,0,0,0,3,0,0,0,0,0,0,0,,,,,,,,,,,,,,,,
966.958,0,0,0,0,0,0,0,0,12,0,0,0,0,78,28,3,3816,0,0,0,0,7,286,0,0,0,24,0,0,0,0,0,0,0,0,0,55,0,0,419,81,0,0,0,0,0,0,0,0,0,0,0,0,0,0,0,0,0,0,0,3,0,0,0,0,0,0,0,,,,,,,,,,,,,,,,
967.523,0,0,0,0,0,0,0,0,12,0,0,0,0,78,28,3,3816,0,0,0,0,7,286,0,0,0,24,0,0,0,0,0,0,0,0,0,55,0,0,419,81,0,0,0,0,0,0,0,0,0,0,0,0,0,0,0,0,0,0,0,3,0,0,0,0,0,0,0,,,,,,,,,,,,,,,,
967.523,0,0,0,0,0,0,0,0,12,0,0,0,0,78,28,3,3816,0,0,0,0,7,286,0,0,0,24,0,0,0,0,0,0,0,0,0,55,0,0,419,81,0,0,0,0,0,0,0,0,0,0,0,0,0,0,0,0,0,0,0,3,0,0,0,0,0,0,0,,,,,,,,,,,,,,,,
967.523,0,0,0,0,0,0,0,0,12,0,0,0,0,78,28,3,3816,0,0,0,0,7,286,0,0,0,24,0,0,0,0,0,0,0,0,0,55,0,0,419,81,0,0,0,0,0,0,0,0,0,0,0,0,0,0,0,0,0,0,0,3,0,0,0,0,0,0,0,,,,,,,,,,,,,,,,
967.523,0,0,0,0,0,0,0,0,12,0,0,0,0,78,28,3,3816,0,0,0,0,7,286,0,0,0,24,0,0,0,0,0,0,0,0,0,55,0,0,419,81,0,0,0,0,0,0,0,0,0,0,0,0,0,0,0,0,0,0,0,3,0,0,0,0,0,0,0,,,,,,,,,,,,,,,,
968.093,0,0,0,0,0,0,0,0,12,0,0,0,0,78,28,3,3816,0,0,0,0,7,286,0,0,0,24,0,0,0,0,0,0,0,0,0,55,0,0,419,81,0,0,0,0,0,0,0,0,0,0,0,0,0,0,0,0,0,0,0,3,0,0,0,0,0,0,0,,,,,,,,,,,,,,,,
968.093,0,0,0,0,0,0,0,0,12,0,0,0,0,78,28,3,3816,0,0,0,0,7,286,0,0,0,24,0,0,0,0,0,0,0,0,0,55,0,0,419,81,0,0,0,0,0,0,0,0,0,0,0,0,0,0,0,0,0,0,0,3,0,0,0,0,0,0,0,,,,,,,,,,,,,,,,
968.093,0,0,0,0,0,0,0,0,12,0,0,0,0,78,28,3,3816,0,0,0,0,7,286,0,0,0,24,0,0,0,0,0,0,0,0,0,55,0,0,419,81,0,0,0,0,0,0,0,0,0,0,0,0,0,0,0,0,0,0,0,3,0,0,0,0,0,0,0,,,,,,,,,,,,,,,,
968.959,0,0,0,0,0,0,0,0,12,0,0,0,0,78,28,3,3816,0,0,0,0,7,267,0,0,0,24,0,0,0,0,0,0,0,0,0,55,0,0,419,81,0,0,0,0,0,0,0,0,0,0,0,0,0,0,0,0,0,0,0,3,0,0,0,0,0,0,0,,,,,,,,,,,,,,,,
968.959,0,0,0,0,0,0,0,0,12,0,0,0,0,78,28,3,3816,0,0,0,0,7,267,0,0,0,24,0,0,0,0,0,0,0,0,0,55,0,0,443,81,0,0,0,0,0,0,0,0,0,0,0,0,0,0,0,0,0,0,0,3,0,0,0,0,0,0,0,,,,,,,,,,,,,,,,
968.959,0,0,0,0,0,0,0,0,12,0,0,0,0,78,28,3,3816,0,0,0,0,7,267,0,0,0,24,0,0,0,0,0,0,0,0,0,34,0,0,443,81,0,0,0,0,0,0,0,0,0,0,0,0,0,0,0,0,0,0,0,3,0,0,0,0,0,0,0,,,,,,,,,,,,,,,,
969.529,0,0,0,0,0,0,0,0,12,0,0,0,0,78,28,3,3816,0,0,0,0,7,267,0,0,0,24,0,0,0,0,0,0,0,0,0,34,0,0,443,81,0,0,0,0,0,0,0,0,0,0,0,0,0,0,0,0,0,0,0,3,0,0,0,0,0,0,0,,,,,,,,,,,,,,,,
969.529,0,0,0,0,0,0,0,0,12,0,0,0,0,78,28,3,3816,0,0,0,0,7,267,0,0,0,24,0,0,0,0,0,0,0,0,0,34,0,0,443,81,0,0,0,0,0,0,0,0,0,0,0,0,0,0,0,0,0,0,0,3,0,0,0,0,0,0,0,,,,,,,,,,,,,,,,
969.529,0,0,0,0,0,0,0,0,12,0,0,0,0,78,28,3,3816,0,0,0,0,7,267,0,0,0,24,0,0,0,0,0,0,0,0,0,34,0,0,443,81,0,0,0,0,0,0,0,0,0,0,0,0,0,0,0,0,0,0,0,8,0,0,0,0,0,0,0,,,,,,,,,,,,,,,,
970.103,0,0,0,0,0,0,0,0,12,0,0,0,0,78,28,3,3816,0,0,0,0,7,267,0,0,0,24,0,0,0,0,0,0,0,0,0,34,0,0,443,81,0,0,0,0,0,0,0,0,0,0,0,0,0,0,0,0,0,0,0,8,0,0,0,0,0,0,0,,,,,,,,,,,,,,,,
970.103,0,0,0,0,0,0,0,0,12,0,0,0,0,78,28,3,3816,0,0,0,0,7,267,0,0,0,24,0,0,0,0,0,0,0,0,0,34,0,0,443,81,0,0,0,0,0,0,0,0,0,0,0,0,0,0,0,0,0,0,0,8,0,0,0,0,0,0,0,,,,,,,,,,,,,,,,
970.103,0,0,0,0,0,0,0,0,12,0,0,0,0,78,28,3,3816,0,0,0,0,7,267,0,0,0,24,0,0,0,0,0,0,0,0,0,34,0,0,443,81,0,0,0,0,0,0,0,0,0,0,0,0,0,0,0,0,0,0,0,8,0,0,0,0,0,0,0,,,,,,,,,,,,,,,,
970.669,0,0,0,0,0,0,0,0,12,0,0,0,0,78,28,3,3816,0,0,0,0,7,267,0,0,0,24,0,0,0,0,0,0,0,0,0,34,0,0,443,81,0,0,0,0,0,0,0,0,0,0,0,0,0,0,0,0,0,0,0,8,0,0,0,0,0,0,0,,,,,,,,,,,,,,,,
970.669,0,0,0,0,0,0,0,0,12,0,0,0,0,78,28,3,3816,0,0,0,0,7,267,0,0,0,24,0,0,0,0,0,0,0,0,0,34,0,0,443,81,0,0,0,0,0,0,0,0,0,0,0,0,0,0,0,0,0,0,0,8,0,0,0,0,0,0,0,,,,,,,,,,,,,,,,
970.669,0,0,0,0,0,0,0,0,12,0,0,0,0,78,28,3,3816,0,0,0,0,7,267,0,0,0,24,0,0,0,0,0,0,0,0,0,34,0,0,443,81,0,0,0,0,0,0,0,0,0,0,0,0,0,0,0,0,0,0,0,8,0,0,0,0,0,0,0,,,,,,,,,,,,,,,,
970.669,0,0,0,0,0,0,0,0,12,0,0,0,0,78,28,3,6272,0,0,0,0,7,267,0,0,0,24,0,0,0,0,0,0,0,0,0,34,0,0,443,81,0,0,0,0,0,0,0,0,0,0,0,0,0,0,0,0,0,0,0,8,0,0,0,0,0,0,0,,,,,,,,,,,,,,,,
971.242,0,0,0,0,0,0,0,0,12,0,0,0,0,78,28,3,6272,0,0,0,0,7,274,0,0,0,24,0,0,0,0,0,0,0,0,0,34,0,0,443,81,0,0,0,0,0,0,0,0,0,0,0,0,0,0,0,0,0,0,0,8,0,0,0,0,0,0,0,,,,,,,,,,,,,,,,
971.242,0,0,0,0,0,0,0,0,12,0,0,0,0,78,28,3,6272,0,0,0,0,7,274,0,0,0,24,0,0,0,0,0,0,0,0,0,34,0,0,450,81,0,0,0,0,0,0,0,0,0,0,0,0,0,0,0,0,0,0,0,8,0,0,0,0,0,0,0,,,,,,,,,,,,,,,,
971.242,0,0,0,0,0,0,0,0,12,0,0,0,0,78,28,3,6272,0,0,0,0,7,274,0,0,0,24,0,0,0,0,0,0,0,0,0,43,0,0,450,81,0,0,0,0,0,0,0,0,0,0,0,0,0,0,0,0,0,0,0,8,0,0,0,0,0,0,0,,,,,,,,,,,,,,,,
971.809,0,0,0,0,0,0,0,0,12,0,0,0,0,78,28,3,6272,0,0,0,0,7,274,0,0,0,23,0,0,0,0,0,0,0,0,0,43,0,0,450,81,0,0,0,0,0,0,0,0,0,0,0,0,0,0,0,0,0,0,0,8,0,0,0,0,0,0,0,,,,,,,,,,,,,,,,
971.809,0,0,0,0,0,0,0,0,12,0,0,0,0,78,28,3,6272,0,0,0,0,7,274,0,0,0,23,0,0,0,0,0,0,0,0,0,43,0,0,450,81,0,0,0,0,0,0,0,0,0,0,0,0,0,0,0,0,0,0,0,8,0,0,0,0,0,0,0,,,,,,,,,,,,,,,,
971.809,0,0,0,0,0,0,0,0,12,0,0,0,0,78,28,3,6272,0,0,0,0,7,274,0,0,0,23,0,0,0,0,0,0,0,0,0,43,0,0,450,81,0,0,0,0,0,0,0,0,0,0,0,0,0,0,0,0,0,0,0,8,0,0,0,0,0,0,0,,,,,,,,,,,,,,,,
972.379,0,0,0,0,0,0,0,0,12,0,0,0,0,78,28,3,6272,0,0,0,0,7,274,0,0,0,23,0,0,0,0,0,0,0,0,0,43,0,0,450,81,0,0,0,0,0,0,0,0,0,0,0,0,0,0,0,0,0,0,0,8,0,0,0,0,0,0,0,,,,,,,,,,,,,,,,
972.379,0,0,0,0,0,0,0,0,12,0,0,0,0,78,28,3,6272,0,0,0,0,7,274,0,0,0,23,0,0,0,0,0,0,0,0,0,43,0,0,450,81,0,0,0,0,0,0,0,0,0,0,0,0,0,0,0,0,0,0,0,8,0,0,0,0,0,0,0,,,,,,,,,,,,,,,,
972.379,0,0,0,0,0,0,0,0,12,0,0,0,0,78,28,3,6272,0,0,0,0,7,274,0,0,0,23,0,0,0,0,0,0,0,0,0,43,0,0,450,81,0,0,0,0,0,0,0,0,0,0,0,0,0,0,0,0,0,0,0,8,0,0,0,0,0,0,0,,,,,,,,,,,,,,,,
972.379,0,0,0,0,0,0,0,0,12,0,0,0,0,78,28,3,6272,0,0,0,0,7,274,0,0,0,23,0,0,0,0,0,0,0,0,0,43,0,0,450,81,0,0,0,0,0,0,0,0,0,0,0,0,0,0,0,0,0,0,0,8,0,0,0,0,0,0,0,,,,,,,,,,,,,,,,
972.958,0,0,0,0,0,0,0,0,12,0,0,0,0,78,28,3,6272,0,0,0,0,7,275,0,0,0,23,0,0,0,0,0,0,0,0,0,43,0,0,450,81,0,0,0,0,0,0,0,0,0,0,0,0,0,0,0,0,0,0,0,8,0,0,0,0,0,0,0,,,,,,,,,,,,,,,,
972.958,0,0,0,0,0,0,0,0,12,0,0,0,0,78,28,3,6272,0,0,0,0,7,275,0,0,0,23,0,0,0,0,0,0,0,0,0,43,0,0,434,81,0,0,0,0,0,0,0,0,0,0,0,0,0,0,0,0,0,0,0,8,0,0,0,0,0,0,0,,,,,,,,,,,,,,,,
972.958,0,0,0,0,0,0,0,0,12,0,0,0,0,78,28,3,6272,0,0,0,0,7,275,0,0,0,23,0,0,0,0,0,0,0,0,0,42,0,0,434,81,0,0,0,0,0,0,0,0,0,0,0,0,0,0,0,0,0,0,0,8,0,0,0,0,0,0,0,,,,,,,,,,,,,,,,
973.525,0,0,0,0,0,0,0,0,12,0,0,0,0,78,28,3,6272,0,0,0,0,7,275,0,0,0,23,0,0,0,0,0,0,0,0,0,42,0,0,434,81,0,0,0,0,0,0,0,0,0,0,0,0,0,0,0,0,0,0,0,8,0,0,0,0,0,0,0,,,,,,,,,,,,,,,,
973.525,0,0,0,0,0,0,0,0,12,0,0,0,0,78,28,3,6272,0,0,0,0,8,275,0,0,0,23,0,0,0,0,0,0,0,0,0,42,0,0,434,81,0,0,0,0,0,0,0,0,0,0,0,0,0,0,0,0,0,0,0,8,0,0,0,0,0,0,0,,,,,,,,,,,,,,,,
973.525,0,0,0,0,0,0,0,0,12,0,0,0,0,78,28,3,6272,0,0,0,0,8,275,0,0,0,23,0,0,0,0,0,0,0,0,0,42,0,0,434,81,0,0,0,0,0,0,0,0,0,0,0,0,0,0,0,0,0,0,0,9,0,0,0,0,0,0,0,,,,,,,,,,,,,,,,
974.097,0,0,0,0,0,0,0,0,12,0,0,0,0,78,28,3,6272,0,0,0,0,8,275,0,0,0,25,0,0,0,0,0,0,0,0,0,42,0,0,434,81,0,0,0,0,0,0,0,0,0,0,0,0,0,0,0,0,0,0,0,9,0,0,0,0,0,0,0,,,,,,,,,,,,,,,,
974.097,0,0,0,0,0,0,0,0,12,0,0,0,0,78,28,3,6272,0,0,0,0,8,275,0,0,0,25,0,0,0,0,0,0,0,0,0,42,0,0,434,81,0,0,0,0,0,0,0,0,0,0,0,0,0,0,0,0,0,0,0,9,0,0,0,0,0,0,0,,,,,,,,,,,,,,,,
974.097,0,0,0,0,0,0,0,0,12,0,0,0,0,78,28,3,6272,0,0,0,0,8,275,0,0,0,25,0,0,0,0,0,0,0,0,0,42,0,0,434,81,0,0,0,0,0,0,0,0,0,0,0,0,0,0,0,0,0,0,0,9,0,0,0,0,0,0,0,,,,,,,,,,,,,,,,
974.952,0,0,0,0,0,0,0,0,12,0,0,0,0,78,28,3,6272,0,0,0,0,8,285,0,0,0,25,0,0,0,0,0,0,0,0,0,42,0,0,434,81,0,0,0,0,0,0,0,0,0,0,0,0,0,0,0,0,0,0,0,9,0,0,0,0,0,0,0,,,,,,,,,,,,,,,,
974.952,0,0,0,0,0,0,0,0,12,0,0,0,0,78,28,3,6272,0,0,0,0,8,285,0,0,0,25,0,0,0,0,0,0,0,0,0,42,0,0,430,81,0,0,0,0,0,0,0,0,0,0,0,0,0,0,0,0,0,0,0,9,0,0,0,0,0,0,0,,,,,,,,,,,,,,,,
974.952,0,0,0,0,0,0,0,0,12,0,0,0,0,78,28,3,6272,0,0,0,0,8,285,0,0,0,25,0,0,0,0,0,0,0,0,0,53,0,0,430,81,0,0,0,0,0,0,0,0,0,0,0,0,0,0,0,0,0,0,0,9,0,0,0,0,0,0,0,,,,,,,,,,,,,,,,
975.521,0,0,0,0,0,0,0,0,12,0,0,0,0,78,28,3,6272,0,0,0,0,8,285,0,0,0,25,0,0,0,0,0,0,0,0,0,53,0,0,430,81,0,0,0,0,0,0,0,0,0,0,0,0,0,0,0,0,0,0,0,9,0,0,0,0,0,0,0,,,,,,,,,,,,,,,,
975.521,0,0,0,0,0,0,0,0,12,0,0,0,0,78,28,3,6272,0,0,0,0,8,285,0,0,0,25,0,0,0,0,0,0,0,0,0,53,0,0,430,81,0,0,0,0,0,0,0,0,0,0,0,0,0,0,0,0,0,0,0,9,0,0,0,0,0,0,0,,,,,,,,,,,,,,,,
975.521,0,0,0,0,0,0,0,0,12,0,0,0,0,78,28,3,6272,0,0,0,0,8,285,0,0,0,25,0,0,0,0,0,0,0,0,0,53,0,0,430,82,0,0,0,0,0,0,0,0,0,0,0,0,0,0,0,0,0,0,0,9,0,0,0,0,0,0,0,,,,,,,,,,,,,,,,
976.958,0,0,0,0,0,0,0,0,12,0,0,0,0,78,28,3,6272,0,0,0,0,8,285,0,0,0,25,0,0,0,0,0,0,0,0,0,53,0,0,430,82,0,0,0,0,0,0,0,0,0,0,0,0,0,0,0,0,0,0,0,9,0,0,0,0,0,0,0,,,,,,,,,,,,,,,,
976.958,0,0,0,0,0,0,0,0,12,0,0,0,0,78,28,3,6272,0,0,0,0,8,285,0,0,0,25,0,0,0,0,0,0,0,0,0,53,0,0,430,82,0,0,0,0,0,0,0,0,0,0,0,0,0,0,0,0,0,0,0,9,0,0,0,0,0,0,0,,,,,,,,,,,,,,,,
976.958,0,0,0,0,0,0,0,0,12,0,0,0,0,78,28,3,6272,0,0,0,0,8,285,0,0,0,25,0,0,0,0,0,0,0,0,0,53,0,0,430,82,0,0,0,0,0,0,0,0,0,0,0,0,0,0,0,0,0,0,0,9,0,0,0,0,0,0,0,,,,,,,,,,,,,,,,
977.527,0,0,0,0,0,0,0,0,12,0,0,0,0,78,28,3,6272,0,0,0,0,8,285,0,0,0,25,0,0,0,0,0,0,0,0,0,53,0,0,430,82,0,0,0,0,0,0,0,0,0,0,0,0,0,0,0,0,0,0,0,9,0,0,0,0,0,0,0,,,,,,,,,,,,,,,,
977.527,0,0,0,0,0,0,0,0,12,0,0,0,0,78,28,3,6272,0,0,0,0,8,285,0,0,0,25,0,0,0,0,0,0,0,0,0,53,0,0,430,82,0,0,0,0,0,0,0,0,0,0,0,0,0,0,0,0,0,0,0,9,0,0,0,0,0,0,0,,,,,,,,,,,,,,,,
977.527,0,0,0,0,0,0,0,0,12,0,0,0,0,78,28,3,6272,0,0,0,0,8,285,0,0,0,25,0,0,0,0,0,0,0,0,0,53,0,0,430,82,0,0,0,0,0,0,0,0,0,0,0,0,0,0,0,0,0,0,0,9,0,0,0,0,0,0,0,,,,,,,,,,,,,,,,
977.527,0,0,0,0,0,0,0,0,12,0,0,0,0,78,28,3,6272,0,0,0,0,8,285,0,0,0,25,0,0,0,0,0,0,0,0,0,53,0,0,430,82,0,0,0,0,0,0,0,0,0,0,0,0,0,0,0,0,0,0,0,9,0,0,0,0,0,0,0,,,,,,,,,,,,,,,,
978.097,0,0,0,0,0,0,0,0,12,0,0,0,0,78,28,3,6272,0,0,0,0,8,285,0,0,0,25,0,0,0,0,0,0,0,0,0,53,0,0,430,82,0,0,0,0,0,0,0,0,0,0,0,0,0,0,0,0,0,0,0,9,0,0,0,0,0,0,0,,,,,,,,,,,,,,,,
978.097,0,0,0,0,0,0,0,0,12,0,0,0,0,78,28,3,6272,0,0,0,0,8,285,0,0,0,25,0,0,0,0,0,0,0,0,0,53,0,0,430,82,0,0,0,0,0,0,0,0,0,0,0,0,0,0,0,0,0,0,0,9,0,0,0,0,0,0,0,,,,,,,,,,,,,,,,
978.097,0,0,0,0,0,0,0,0,12,0,0,0,0,78,28,3,6272,0,0,0,0,8,285,0,0,0,25,0,0,0,0,0,0,0,0,0,53,0,0,430,82,0,0,0,0,0,0,0,0,0,0,0,0,0,0,0,0,0,0,0,9,0,0,0,0,0,0,0,,,,,,,,,,,,,,,,
978.667,0,0,0,0,0,0,0,0,12,0,0,0,0,78,28,3,6272,0,0,0,0,8,268,0,0,0,25,0,0,0,0,0,0,0,0,0,53,0,0,430,82,0,0,0,0,0,0,0,0,0,0,0,0,0,0,0,0,0,0,0,9,0,0,0,0,0,0,0,,,,,,,,,,,,,,,,
978.667,0,0,0,0,0,0,0,0,12,0,0,0,0,78,28,3,6272,0,0,0,0,8,268,0,0,0,25,0,0,0,0,0,0,0,0,0,53,0,0,451,82,0,0,0,0,0,0,0,0,0,0,0,0,0,0,0,0,0,0,0,9,0,0,0,0,0,0,0,,,,,,,,,,,,,,,,
978.667,0,0,0,0,0,0,0,0,12,0,0,0,0,78,28,3,6272,0,0,0,0,8,268,0,0,0,25,0,0,0,0,0,0,0,0,0,36,0,0,451,82,0,0,0,0,0,0,0,0,0,0,0,0,0,0,0,0,0,0,0,9,0,0,0,0,0,0,0,,,,,,,,,,,,,,,,
979.237,0,0,0,0,0,0,0,0,12,0,0,0,0,78,28,3,6272,0,0,0,0,8,268,0,0,0,25,0,0,0,0,0,0,0,0,0,36,0,0,451,82,0,0,0,0,0,0,0,0,0,0,0,0,0,0,0,0,0,0,0,9,0,0,0,0,0,0,0,,,,,,,,,,,,,,,,
979.237,0,0,0,0,0,0,0,0,12,0,0,0,0,78,28,3,6272,0,0,0,0,8,268,0,0,0,25,0,0,0,0,0,0,0,0,0,36,0,0,451,82,0,0,0,0,0,0,0,0,0,0,0,0,0,0,0,0,0,0,0,9,0,0,0,0,0,0,0,,,,,,,,,,,,,,,,
979.237,0,0,0,0,0,0,0,0,12,0,0,0,0,78,28,3,6272,0,0,0,0,8,268,0,0,0,25,0,0,0,0,0,0,0,0,0,36,0,0,451,82,0,0,0,0,0,0,0,0,0,0,0,0,0,0,0,0,0,0,0,9,0,0,0,0,0,0,0,,,,,,,,,,,,,,,,
979.237,0,0,0,0,0,0,0,0,12,0,0,0,0,78,28,3,6289,0,0,0,0,8,268,0,0,0,25,0,0,0,0,0,0,0,0,0,36,0,0,451,82,0,0,0,0,0,0,0,0,0,0,0,0,0,0,0,0,0,0,0,9,0,0,0,0,0,0,0,,,,,,,,,,,,,,,,
979.807,0,0,0,0,0,0,0,0,12,0,0,0,0,78,28,3,6289,0,0,0,0,8,268,0,0,0,25,0,0,0,0,0,0,0,0,0,36,0,0,451,82,0,0,0,0,0,0,0,0,0,0,0,0,0,0,0,0,0,0,0,9,0,0,0,0,0,0,0,,,,,,,,,,,,,,,,
979.807,0,0,0,0,0,0,0,0,12,0,0,0,0,78,28,3,6289,0,0,0,0,8,268,0,0,0,25,0,0,0,0,0,0,0,0,0,36,0,0,451,82,0,0,0,0,0,0,0,0,0,0,0,0,0,0,0,0,0,0,0,9,0,0,0,0,0,0,0,,,,,,,,,,,,,,,,
979.807,0,0,0,0,0,0,0,0,12,0,0,0,0,78,28,3,6289,0,0,0,0,8,268,0,0,0,25,0,0,0,0,0,0,0,0,0,36,0,0,451,82,0,0,0,0,0,0,0,0,0,0,0,0,0,0,0,0,0,0,0,9,0,0,0,0,0,0,0,,,,,,,,,,,,,,,,
980.377,0,0,0,0,0,0,0,0,12,0,0,0,0,78,28,3,6289,0,0,0,0,8,266,0,0,0,25,0,0,0,0,0,0,0,0,0,36,0,0,451,82,0,0,0,0,0,0,0,0,0,0,0,0,0,0,0,0,0,0,0,9,0,0,0,0,0,0,0,,,,,,,,,,,,,,,,
980.377,0,0,0,0,0,0,0,0,12,0,0,0,0,78,28,3,6289,0,0,0,0,8,266,0,0,0,25,0,0,0,0,0,0,0,0,0,36,0,0,449,82,0,0,0,0,0,0,0,0,0,0,0,0,0,0,0,0,0,0,0,9,0,0,0,0,0,0,0,,,,,,,,,,,,,,,,
980.377,0,0,0,0,0,0,0,0,12,0,0,0,0,78,28,3,6289,0,0,0,0,8,266,0,0,0,25,0,0,0,0,0,0,0,0,0,34,0,0,449,82,0,0,0,0,0,0,0,0,0,0,0,0,0,0,0,0,0,0,0,9,0,0,0,0,0,0,0,,,,,,,,,,,,,,,,
980.953,0,0,0,0,0,0,0,0,12,0,0,0,0,78,28,3,6289,0,0,0,0,8,266,0,0,0,25,0,0,0,0,0,0,0,0,0,34,0,0,449,82,0,0,0,0,0,0,0,0,0,0,0,0,0,0,0,0,0,0,0,9,0,0,0,0,0,0,0,,,,,,,,,,,,,,,,
980.953,0,0,0,0,0,0,0,0,12,0,0,0,0,78,28,3,6289,0,0,0,0,9,266,0,0,0,25,0,0,0,0,0,0,0,0,0,34,0,0,449,82,0,0,0,0,0,0,0,0,0,0,0,0,0,0,0,0,0,0,0,9,0,0,0,0,0,0,0,,,,,,,,,,,,,,,,
980.953,0,0,0,0,0,0,0,0,12,0,0,0,0,78,28,3,6289,0,0,0,0,9,266,0,0,0,25,0,0,0,0,0,0,0,0,0,34,0,0,449,82,0,0,0,0,0,0,0,0,0,0,0,0,0,0,0,0,0,0,0,10,0,0,0,0,0,0,0,,,,,,,,,,,,,,,,
981.522,0,0,0,0,0,0,0,0,12,0,0,0,0,78,28,3,6289,0,0,0,0,9,266,0,0,0,24,0,0,0,0,0,0,0,0,0,34,0,0,449,82,0,0,0,0,0,0,0,0,0,0,0,0,0,0,0,0,0,0,0,10,0,0,0,0,0,0,0,,,,,,,,,,,,,,,,
981.522,0,0,0,0,0,0,0,0,12,0,0,0,0,78,28,3,6289,0,0,0,0,9,266,0,0,0,24,0,0,0,0,0,0,0,0,0,34,0,0,449,82,0,0,0,0,0,0,0,0,0,0,0,0,0,0,0,0,0,0,0,10,0,0,0,0,0,0,0,,,,,,,,,,,,,,,,
981.522,0,0,0,0,0,0,0,0,12,0,0,0,0,78,28,3,6289,0,0,0,0,9,266,0,0,0,24,0,0,0,0,0,0,0,0,0,34,0,0,449,82,0,0,0,0,0,0,0,0,0,0,0,0,0,0,0,0,0,0,0,10,0,0,0,0,0,0,0,,,,,,,,,,,,,,,,
982.093,0,0,0,0,0,0,0,0,12,0,0,0,0,78,28,3,6289,0,0,0,0,9,278,0,0,0,24,0,0,0,0,0,0,0,0,0,34,0,0,449,82,0,0,0,0,0,0,0,0,0,0,0,0,0,0,0,0,0,0,0,10,0,0,0,0,0,0,0,,,,,,,,,,,,,,,,
982.093,0,0,0,0,0,0,0,0,12,0,0,0,0,78,28,3,6289,0,0,0,0,9,278,0,0,0,24,0,0,0,0,0,0,0,0,0,34,0,0,427,82,0,0,0,0,0,0,0,0,0,0,0,0,0,0,0,0,0,0,0,10,0,0,0,0,0,0,0,,,,,,,,,,,,,,,,
982.093,0,0,0,0,0,0,0,0,12,0,0,0,0,78,28,3,6289,0,0,0,0,9,278,0,0,0,24,0,0,0,0,0,0,0,0,0,46,0,0,427,82,0,0,0,0,0,0,0,0,0,0,0,0,0,0,0,0,0,0,0,10,0,0,0,0,0,0,0,,,,,,,,,,,,,,,,
982.662,0,0,0,0,0,0,0,0,12,0,0,0,0,78,28,3,6289,0,0,0,0,9,278,0,0,0,24,0,0,0,0,0,0,0,0,0,46,0,0,427,82,0,0,0,0,0,0,0,0,0,0,0,0,0,0,0,0,0,0,0,10,0,0,0,0,0,0,0,,,,,,,,,,,,,,,,
982.662,0,0,0,0,0,0,0,0,12,0,0,0,0,78,28,3,6289,0,0,0,0,9,278,0,0,0,24,0,0,0,0,0,0,0,0,0,46,0,0,427,82,0,0,0,0,0,0,0,0,0,0,0,0,0,0,0,0,0,0,0,10,0,0,0,0,0,0,0,,,,,,,,,,,,,,,,
982.662,0,0,0,0,0,0,0,0,12,0,0,0,0,78,28,3,6289,0,0,0,0,9,278,0,0,0,24,0,0,0,0,0,0,0,0,0,46,0,0,427,82,0,0,0,0,0,0,0,0,0,0,0,0,0,0,0,0,0,0,0,10,0,0,0,0,0,0,0,,,,,,,,,,,,,,,,
982.662,0,0,0,0,0,0,0,0,12,0,0,0,0,78,28,3,6289,0,0,0,0,9,278,0,0,0,24,0,0,0,0,0,0,0,0,0,46,0,0,427,82,0,0,0,0,0,0,0,0,0,0,0,0,0,0,0,0,0,0,0,10,0,0,0,0,0,0,0,,,,,,,,,,,,,,,,
983.459,0,0,0,0,0,0,0,0,12,0,0,0,0,78,28,3,6289,0,0,0,0,9,278,0,0,0,24,0,0,0,0,0,0,0,0,0,46,0,0,427,82,0,0,0,0,0,0,0,0,0,0,0,0,0,0,0,0,0,0,0,10,0,0,0,0,0,0,0,,,,,,,,,,,,,,,,
983.459,0,0,0,0,0,0,0,0,12,0,0,0,0,78,28,3,6289,0,0,0,0,9,278,0,0,0,24,0,0,0,0,0,0,0,0,0,46,0,0,427,82,0,0,0,0,0,0,0,0,0,0,0,0,0,0,0,0,0,0,0,10,0,0,0,0,0,0,0,,,,,,,,,,,,,,,,
983.459,0,0,0,0,0,0,0,0,12,0,0,0,0,78,28,3,6289,0,0,0,0,9,278,0,0,0,24,0,0,0,0,0,0,0,0,0,46,0,0,427,82,0,0,0,0,0,0,0,0,0,0,0,0,0,0,0,0,0,0,0,10,0,0,0,0,0,0,0,,,,,,,,,,,,,,,,
984.029,0,0,0,0,0,0,0,0,12,0,0,0,0,78,28,3,6289,0,0,0,0,9,285,0,0,0,24,0,0,0,0,0,0,0,0,0,46,0,0,427,82,0,0,0,0,0,0,0,0,0,0,0,0,0,0,0,0,0,0,0,10,0,0,0,0,0,0,0,,,,,,,,,,,,,,,,
984.029,0,0,0,0,0,0,0,0,12,0,0,0,0,78,28,3,6289,0,0,0,0,9,285,0,0,0,24,0,0,0,0,0,0,0,0,0,46,0,0,417,82,0,0,0,0,0,0,0,0,0,0,0,0,0,0,0,0,0,0,0,10,0,0,0,0,0,0,0,,,,,,,,,,,,,,,,
984.029,0,0,0,0,0,0,0,0,12,0,0,0,0,78,28,3,6289,0,0,0,0,9,285,0,0,0,24,0,0,0,0,0,0,0,0,0,54,0,0,417,82,0,0,0,0,0,0,0,0,0,0,0,0,0,0,0,0,0,0,0,10,0,0,0,0,0,0,0,,,,,,,,,,,,,,,,
984.956,0,0,0,0,0,0,0,0,12,0,0,0,0,78,28,3,6289,0,0,0,0,9,285,0,0,0,24,0,0,0,0,0,0,0,0,0,54,0,0,417,82,0,0,0,0,0,0,0,0,0,0,0,0,0,0,0,0,0,0,0,10,0,0,0,0,0,0,0,,,,,,,,,,,,,,,,
984.956,0,0,0,0,0,0,0,0,12,0,0,0,0,78,28,3,6289,0,0,0,0,9,285,0,0,0,24,0,0,0,0,0,0,0,0,0,54,0,0,417,82,0,0,0,0,0,0,0,0,0,0,0,0,0,0,0,0,0,0,0,10,0,0,0,0,0,0,0,,,,,,,,,,,,,,,,
984.956,0,0,0,0,0,0,0,0,12,0,0,0,0,78,28,3,6289,0,0,0,0,9,285,0,0,0,24,0,0,0,0,0,0,0,0,0,54,0,0,417,82,0,0,0,0,0,0,0,0,0,0,0,0,0,0,0,0,0,0,0,8,0,0,0,0,0,0,0,,,,,,,,,,,,,,,,
985.525,0,0,0,0,0,0,0,0,12,0,0,0,0,78,28,3,6289,0,0,0,0,9,285,0,0,0,24,0,0,0,0,0,0,0,0,0,54,0,0,417,82,0,0,0,0,0,0,0,0,0,0,0,0,0,0,0,0,0,0,0,8,0,0,0,0,0,0,0,,,,,,,,,,,,,,,,
985.525,0,0,0,0,0,0,0,0,12,0,0,0,0,78,28,3,6289,0,0,0,0,9,285,0,0,0,24,0,0,0,0,0,0,0,0,0,54,0,0,417,82,0,0,0,0,0,0,0,0,0,0,0,0,0,0,0,0,0,0,0,8,0,0,0,0,0,0,0,,,,,,,,,,,,,,,,
985.525,0,0,0,0,0,0,0,0,12,0,0,0,0,78,28,3,6289,0,0,0,0,9,285,0,0,0,24,0,0,0,0,0,0,0,0,0,54,0,0,417,82,0,0,0,0,0,0,0,0,0,0,0,0,0,0,0,0,0,0,0,8,0,0,0,0,0,0,0,,,,,,,,,,,,,,,,
985.525,0,0,0,0,0,0,0,0,12,0,0,0,0,78,28,3,4528,0,0,0,0,9,285,0,0,0,24,0,0,0,0,0,0,0,0,0,54,0,0,417,82,0,0,0,0,0,0,0,0,0,0,0,0,0,0,0,0,0,0,0,8,0,0,0,0,0,0,0,,,,,,,,,,,,,,,,
986.098,0,0,0,0,0,0,0,0,12,0,0,0,0,78,28,3,4528,0,0,0,0,9,285,0,0,0,25,0,0,0,0,0,0,0,0,0,54,0,0,417,82,0,0,0,0,0,0,0,0,0,0,0,0,0,0,0,0,0,0,0,8,0,0,0,0,0,0,0,,,,,,,,,,,,,,,,
986.098,0,0,0,0,0,0,0,0,12,0,0,0,0,78,28,3,4528,0,0,0,0,9,285,0,0,0,25,0,0,0,0,0,0,0,0,0,54,0,0,417,82,0,0,0,0,0,0,0,0,0,0,0,0,0,0,0,0,0,0,0,8,0,0,0,0,0,0,0,,,,,,,,,,,,,,,,
986.098,0,0,0,0,0,0,0,0,12,0,0,0,0,78,28,3,4528,0,0,0,0,9,285,0,0,0,25,0,0,0,0,0,0,0,0,0,54,0,0,417,82,0,0,0,0,0,0,0,0,0,0,0,0,0,0,0,0,0,0,0,8,0,0,0,0,0,0,0,,,,,,,,,,,,,,,,
986.665,0,0,0,0,0,0,0,0,12,0,0,0,0,78,28,3,4528,0,0,0,0,9,293,0,0,0,25,0,0,0,0,0,0,0,0,0,54,0,0,417,82,0,0,0,0,0,0,0,0,0,0,0,0,0,0,0,0,0,0,0,8,0,0,0,0,0,0,0,,,,,,,,,,,,,,,,
986.665,0,0,0,0,0,0,0,0,12,0,0,0,0,78,28,3,4528,0,0,0,0,9,293,0,0,0,25,0,0,0,0,0,0,0,0,0,54,0,0,423,82,0,0,0,0,0,0,0,0,0,0,0,0,0,0,0,0,0,0,0,8,0,0,0,0,0,0,0,,,,,,,,,,,,,,,,
986.665,0,0,0,0,0,0,0,0,12,0,0,0,0,78,28,3,4528,0,0,0,0,9,293,0,0,0,25,0,0,0,0,0,0,0,0,0,63,0,0,423,82,0,0,0,0,0,0,0,0,0,0,0,0,0,0,0,0,0,0,0,8,0,0,0,0,0,0,0,,,,,,,,,,,,,,,,
987.236,0,0,0,0,0,0,0,0,12,0,0,0,0,78,28,3,4528,0,0,0,0,9,293,0,0,0,25,0,0,0,0,0,0,0,0,0,63,0,0,423,82,0,0,0,0,0,0,0,0,0,0,0,0,0,0,0,0,0,0,0,8,0,0,0,0,0,0,0,,,,,,,,,,,,,,,,
987.236,0,0,0,0,0,0,0,0,12,0,0,0,0,78,28,3,4528,0,0,0,0,9,293,0,0,0,25,0,0,0,0,0,0,0,0,0,63,0,0,423,82,0,0,0,0,0,0,0,0,0,0,0,0,0,0,0,0,0,0,0,8,0,0,0,0,0,0,0,,,,,,,,,,,,,,,,
987.236,0,0,0,0,0,0,0,0,12,0,0,0,0,78,28,3,4528,0,0,0,0,9,293,0,0,0,25,0,0,0,0,0,0,0,0,0,63,0,0,423,82,0,0,0,0,0,0,0,0,0,0,0,0,0,0,0,0,0,0,0,8,0,0,0,0,0,0,0,,,,,,,,,,,,,,,,
987.236,0,0,0,0,0,0,0,0,12,0,0,0,0,78,28,3,4528,0,0,0,0,9,293,0,0,0,25,0,0,0,0,0,0,0,0,0,63,0,0,423,82,0,0,0,0,0,0,0,0,0,0,0,0,0,0,0,0,0,0,0,8,0,0,0,0,0,0,0,,,,,,,,,,,,,,,,
987.808,0,0,0,0,0,0,0,0,12,0,0,0,0,78,28,3,4528,0,0,0,0,9,293,0,0,0,24,0,0,0,0,0,0,0,0,0,63,0,0,423,82,0,0,0,0,0,0,0,0,0,0,0,0,0,0,0,0,0,0,0,8,0,0,0,0,0,0,0,,,,,,,,,,,,,,,,
987.808,0,0,0,0,0,0,0,0,12,0,0,0,0,79,28,3,4528,0,0,0,0,9,293,0,0,0,24,0,0,0,0,0,0,0,0,0,63,0,0,423,82,0,0,0,0,0,0,0,0,0,0,0,0,0,0,0,0,0,0,0,8,0,0,0,0,0,0,0,,,,,,,,,,,,,,,,
987.808,0,0,0,0,0,0,0,0,12,0,0,0,0,79,28,3,4528,0,0,0,0,9,293,0,0,0,24,0,0,0,0,0,0,0,0,0,63,0,0,423,82,0,0,0,0,0,0,0,0,0,0,0,0,0,0,0,0,0,0,0,8,0,0,0,0,0,0,0,,,,,,,,,,,,,,,,
988.375,0,0,0,0,0,0,0,0,12,0,0,0,0,79,28,3,4528,0,0,0,0,9,291,0,0,0,24,0,0,0,0,0,0,0,0,0,63,0,0,423,82,0,0,0,0,0,0,0,0,0,0,0,0,0,0,0,0,0,0,0,8,0,0,0,0,0,0,0,,,,,,,,,,,,,,,,
988.375,0,0,0,0,0,0,0,0,12,0,0,0,0,79,28,3,4528,0,0,0,0,9,291,0,0,0,24,0,0,0,0,0,0,0,0,0,63,0,0,429,82,0,0,0,0,0,0,0,0,0,0,0,0,0,0,0,0,0,0,0,8,0,0,0,0,0,0,0,,,,,,,,,,,,,,,,
988.375,0,0,0,0,0,0,0,0,12,0,0,0,0,79,28,3,4528,0,0,0,0,9,291,0,0,0,24,0,0,0,0,0,0,0,0,0,61,0,0,429,82,0,0,0,0,0,0,0,0,0,0,0,0,0,0,0,0,0,0,0,8,0,0,0,0,0,0,0,,,,,,,,,,,,,,,,
989.452,0,0,0,0,0,0,0,0,12,0,0,0,0,79,28,3,4528,0,0,0,0,9,291,0,0,0,23,0,0,0,0,0,0,0,0,0,61,0,0,429,82,0,0,0,0,0,0,0,0,0,0,0,0,0,0,0,0,0,0,0,8,0,0,0,0,0,0,0,,,,,,,,,,,,,,,,
989.452,0,0,0,0,0,0,0,0,12,0,0,0,0,79,28,3,4528,0,0,0,0,9,291,0,0,0,23,0,0,0,0,0,0,0,0,0,61,0,0,429,82,0,0,0,0,0,0,0,0,0,0,0,0,0,0,0,0,0,0,0,8,0,0,0,0,0,0,0,,,,,,,,,,,,,,,,
989.452,0,0,0,0,0,0,0,0,12,0,0,0,0,79,28,3,4528,0,0,0,0,9,291,0,0,0,23,0,0,0,0,0,0,0,0,0,61,0,0,429,82,0,0,0,0,0,0,0,0,0,0,0,0,0,0,0,0,0,0,0,8,0,0,0,0,0,0,0,,,,,,,,,,,,,,,,
990.021,0,0,0,0,0,0,0,0,12,0,0,0,0,79,28,3,4528,0,0,0,0,9,268,0,0,0,23,0,0,0,0,0,0,0,0,0,61,0,0,429,82,0,0,0,0,0,0,0,0,0,0,0,0,0,0,0,0,0,0,0,8,0,0,0,0,0,0,0,,,,,,,,,,,,,,,,
990.021,0,0,0,0,0,0,0,0,12,0,0,0,0,79,28,3,4528,0,0,0,0,9,268,0,0,0,23,0,0,0,0,0,0,0,0,0,61,0,0,449,82,0,0,0,0,0,0,0,0,0,0,0,0,0,0,0,0,0,0,0,8,0,0,0,0,0,0,0,,,,,,,,,,,,,,,,
990.021,0,0,0,0,0,0,0,0,12,0,0,0,0,79,28,3,4528,0,0,0,0,9,268,0,0,0,23,0,0,0,0,0,0,0,0,0,35,0,0,449,82,0,0,0,0,0,0,0,0,0,0,0,0,0,0,0,0,0,0,0,8,0,0,0,0,0,0,0,,,,,,,,,,,,,,,,
990.590,0,0,0,0,0,0,0,0,12,0,0,0,0,79,28,3,4528,0,0,0,0,9,268,0,0,0,23,0,0,0,0,0,0,0,0,0,35,0,0,449,82,0,0,0,0,0,0,0,0,0,0,0,0,0,0,0,0,0,0,0,8,0,0,0,0,0,0,0,,,,,,,,,,,,,,,,
990.590,0,0,0,0,0,0,0,0,12,0,0,0,0,79,28,3,4528,0,0,0,0,10,268,0,0,0,23,0,0,0,0,0,0,0,0,0,35,0,0,449,82,0,0,0,0,0,0,0,0,0,0,0,0,0,0,0,0,0,0,0,8,0,0,0,0,0,0,0,,,,,,,,,,,,,,,,
990.590,0,0,0,0,0,0,0,0,12,0,0,0,0,79,28,3,4528,0,0,0,0,10,268,0,0,0,23,0,0,0,0,0,0,0,0,0,35,0,0,449,82,0,0,0,0,0,0,0,0,0,0,0,0,0,0,0,0,0,0,0,3,0,0,0,0,0,0,0,,,,,,,,,,,,,,,,
991.458,0,0,0,0,0,0,0,0,12,0,0,0,0,79,28,3,4528,0,0,0,0,10,268,0,0,0,23,0,0,0,0,0,0,0,0,0,35,0,0,449,82,0,0,0,0,0,0,0,0,0,0,0,0,0,0,0,0,0,0,0,3,0,0,0,0,0,0,0,,,,,,,,,,,,,,,,
991.458,0,0,0,0,0,0,0,0,12,0,0,0,0,79,28,3,4528,0,0,0,0,10,268,0,0,0,23,0,0,0,0,0,0,0,0,0,35,0,0,449,82,0,0,0,0,0,0,0,0,0,0,0,0,0,0,0,0,0,0,0,3,0,0,0,0,0,0,0,,,,,,,,,,,,,,,,
991.458,0,0,0,0,0,0,0,0,12,0,0,0,0,79,28,3,4528,0,0,0,0,10,268,0,0,0,23,0,0,0,0,0,0,0,0,0,35,0,0,449,82,0,0,0,0,0,0,0,0,0,0,0,0,0,0,0,0,0,0,0,3,0,0,0,0,0,0,0,,,,,,,,,,,,,,,,
992.027,0,0,0,0,0,0,0,0,12,0,0,0,0,79,28,3,4528,0,0,0,0,10,286,0,0,0,23,0,0,0,0,0,0,0,0,0,35,0,0,449,82,0,0,0,0,0,0,0,0,0,0,0,0,0,0,0,0,0,0,0,3,0,0,0,0,0,0,0,,,,,,,,,,,,,,,,
992.027,0,0,0,0,0,0,0,0,12,0,0,0,0,79,28,3,4528,0,0,0,0,10,286,0,0,0,23,0,0,0,0,0,0,0,0,0,35,0,0,439,82,0,0,0,0,0,0,0,0,0,0,0,0,0,0,0,0,0,0,0,3,0,0,0,0,0,0,0,,,,,,,,,,,,,,,,
992.027,0,0,0,0,0,0,0,0,12,0,0,0,0,79,28,3,4528,0,0,0,0,10,286,0,0,0,23,0,0,0,0,0,0,0,0,0,59,0,0,439,82,0,0,0,0,0,0,0,0,0,0,0,0,0,0,0,0,0,0,0,3,0,0,0,0,0,0,0,,,,,,,,,,,,,,,,
992.597,0,0,0,0,0,0,0,0,12,0,0,0,0,79,28,3,4528,0,0,0,0,10,286,0,0,0,23,0,0,0,0,0,0,0,0,0,59,0,0,439,82,0,0,0,0,0,0,0,0,0,0,0,0,0,0,0,0,0,0,0,3,0,0,0,0,0,0,0,,,,,,,,,,,,,,,,
992.597,0,0,0,0,0,0,0,0,12,0,0,0,0,79,28,3,4528,0,0,0,0,10,286,0,0,0,23,0,0,0,0,0,0,0,0,0,59,0,0,439,82,0,0,0,0,0,0,0,0,0,0,0,0,0,0,0,0,0,0,0,3,0,0,0,0,0,0,0,,,,,,,,,,,,,,,,
992.597,0,0,0,0,0,0,0,0,12,0,0,0,0,79,28,3,4528,0,0,0,0,10,286,0,0,0,23,0,0,0,0,0,0,0,0,0,59,0,0,439,82,0,0,0,0,0,0,0,0,0,0,0,0,0,0,0,0,0,0,0,3,0,0,0,0,0,0,0,,,,,,,,,,,,,,,,
992.597,0,0,0,0,0,0,0,0,12,0,0,0,0,79,28,3,4528,0,0,0,0,10,286,0,0,0,23,0,0,0,0,0,0,0,0,0,59,0,0,439,82,0,0,0,0,0,0,0,0,0,0,0,0,0,0,0,0,0,0,0,3,0,0,0,0,0,0,0,,,,,,,,,,,,,,,,
993.167,0,0,0,0,0,0,0,0,12,0,0,0,0,79,28,3,4528,0,0,0,0,10,286,0,0,0,23,0,0,0,0,0,0,0,0,0,59,0,0,439,82,0,0,0,0,0,0,0,0,0,0,0,0,0,0,0,0,0,0,0,3,0,0,0,0,0,0,0,,,,,,,,,,,,,,,,
993.167,0,0,0,0,0,0,0,0,12,0,0,0,0,79,28,3,4528,0,0,0,0,10,286,0,0,0,23,0,0,0,0,0,0,0,0,0,59,0,0,439,82,0,0,0,0,0,0,0,0,0,0,0,0,0,0,0,0,0,0,0,3,0,0,0,0,0,0,0,,,,,,,,,,,,,,,,
993.167,0,0,0,0,0,0,0,0,12,0,0,0,0,79,28,3,4528,0,0,0,0,10,286,0,0,0,23,0,0,0,0,0,0,0,0,0,59,0,0,439,82,0,0,0,0,0,0,0,0,0,0,0,0,0,0,0,0,0,0,0,3,0,0,0,0,0,0,0,,,,,,,,,,,,,,,,
993.167,0,0,0,0,0,0,0,0,12,0,0,0,0,79,28,3,4130,0,0,0,0,10,286,0,0,0,23,0,0,0,0,0,0,0,0,0,59,0,0,439,82,0,0,0,0,0,0,0,0,0,0,0,0,0,0,0,0,0,0,0,3,0,0,0,0,0,0,0,,,,,,,,,,,,,,,,
993.737,0,0,0,0,0,0,0,0,12,0,0,0,0,79,28,3,4130,0,0,0,0,10,286,0,0,0,25,0,0,0,0,0,0,0,0,0,59,0,0,439,82,0,0,0,0,0,0,0,0,0,0,0,0,0,0,0,0,0,0,0,3,0,0,0,0,0,0,0,,,,,,,,,,,,,,,,
993.737,0,0,0,0,0,0,0,0,12,0,0,0,0,79,28,3,4130,0,0,0,0,10,286,0,0,0,25,0,0,0,0,0,0,0,0,0,59,0,0,439,82,0,0,0,0,0,0,0,0,0,0,0,0,0,0,0,0,0,0,0,3,0,0,0,0,0,0,0,,,,,,,,,,,,,,,,
993.737,0,0,0,0,0,0,0,0,12,0,0,0,0,79,28,3,4130,0,0,0,0,10,286,0,0,0,25,0,0,0,0,0,0,0,0,0,59,0,0,439,82,0,0,0,0,0,0,0,0,0,0,0,0,0,0,0,0,0,0,0,3,0,0,0,0,0,0,0,,,,,,,,,,,,,,,,
994.308,0,0,0,0,0,0,0,0,12,0,0,0,0,79,28,3,4130,0,0,0,0,10,283,0,0,0,25,0,0,0,0,0,0,0,0,0,59,0,0,439,82,0,0,0,0,0,0,0,0,0,0,0,0,0,0,0,0,0,0,0,3,0,0,0,0,0,0,0,,,,,,,,,,,,,,,,
994.308,0,0,0,0,0,0,0,0,12,0,0,0,0,79,28,3,4130,0,0,0,0,10,283,0,0,0,25,0,0,0,0,0,0,0,0,0,59,0,0,422,82,0,0,0,0,0,0,0,0,0,0,0,0,0,0,0,0,0,0,0,3,0,0,0,0,0,0,0,,,,,,,,,,,,,,,,
994.308,0,0,0,0,0,0,0,0,12,0,0,0,0,79,28,3,4130,0,0,0,0,10,283,0,0,0,25,0,0,0,0,0,0,0,0,0,52,0,0,422,82,0,0,0,0,0,0,0,0,0,0,0,0,0,0,0,0,0,0,0,3,0,0,0,0,0,0,0,,,,,,,,,,,,,,,,
994.877,0,0,0,0,0,0,0,0,12,0,0,0,0,79,28,3,4130,0,0,0,0,10,283,0,0,0,25,0,0,0,0,0,0,0,0,0,52,0,0,422,82,0,0,0,0,0,0,0,0,0,0,0,0,0,0,0,0,0,0,0,3,0,0,0,0,0,0,0,,,,,,,,,,,,,,,,
994.877,0,0,0,0,0,0,0,0,12,0,0,0,0,79,28,3,4130,0,0,0,0,10,283,0,0,0,25,0,0,0,0,0,0,0,0,0,52,0,0,422,82,0,0,0,0,0,0,0,0,0,0,0,0,0,0,0,0,0,0,0,3,0,0,0,0,0,0,0,,,,,,,,,,,,,,,,
994.877,0,0,0,0,0,0,0,0,12,0,0,0,0,79,28,3,4130,0,0,0,0,10,283,0,0,0,25,0,0,0,0,0,0,0,0,0,52,0,0,422,82,0,0,0,0,0,0,0,0,0,0,0,0,0,0,0,0,0,0,0,1,0,0,0,0,0,0,0,,,,,,,,,,,,,,,,
995.453,0,0,0,0,0,0,0,0,12,0,0,0,0,79,28,3,4130,0,0,0,0,10,283,0,0,0,25,0,0,0,0,0,0,0,0,0,52,0,0,422,82,0,0,0,0,0,0,0,0,0,0,0,0,0,0,0,0,0,0,0,1,0,0,0,0,0,0,0,,,,,,,,,,,,,,,,
995.453,0,0,0,0,0,0,0,0,12,0,0,0,0,79,28,3,4130,0,0,0,0,10,283,0,0,0,25,0,0,0,0,0,0,0,0,0,52,0,0,422,82,0,0,0,0,0,0,0,0,0,0,0,0,0,0,0,0,0,0,0,1,0,0,0,0,0,0,0,,,,,,,,,,,,,,,,
995.453,0,0,0,0,0,0,0,0,12,0,0,0,0,79,28,3,4130,0,0,0,0,10,283,0,0,0,25,0,0,0,0,0,0,0,0,0,52,0,0,422,82,0,0,0,0,0,0,0,0,0,0,0,0,0,0,0,0,0,0,0,1,0,0,0,0,0,0,0,,,,,,,,,,,,,,,,
996.022,0,0,0,0,0,0,0,0,12,0,0,0,0,79,28,3,4130,0,0,0,0,10,293,0,0,0,25,0,0,0,0,0,0,0,0,0,52,0,0,422,82,0,0,0,0,0,0,0,0,0,0,0,0,0,0,0,0,0,0,0,1,0,0,0,0,0,0,0,,,,,,,,,,,,,,,,
996.022,0,0,0,0,0,0,0,0,12,0,0,0,0,79,28,3,4130,0,0,0,0,10,293,0,0,0,25,0,0,0,0,0,0,0,0,0,52,0,0,423,82,0,0,0,0,0,0,0,0,0,0,0,0,0,0,0,0,0,0,0,1,0,0,0,0,0,0,0,,,,,,,,,,,,,,,,
996.022,0,0,0,0,0,0,0,0,12,0,0,0,0,79,28,3,4130,0,0,0,0,10,293,0,0,0,25,0,0,0,0,0,0,0,0,0,65,0,0,423,82,0,0,0,0,0,0,0,0,0,0,0,0,0,0,0,0,0,0,0,1,0,0,0,0,0,0,0,,,,,,,,,,,,,,,,
996.959,0,0,0,0,0,0,0,0,12,0,0,0,0,79,28,3,4130,0,0,0,0,10,293,0,0,0,25,0,0,0,0,0,0,0,0,0,65,0,0,423,82,0,0,0,0,0,0,0,0,0,0,0,0,0,0,0,0,0,0,0,1,0,0,0,0,0,0,0,,,,,,,,,,,,,,,,
996.959,0,0,0,0,0,0,0,0,12,0,0,0,0,79,28,3,4130,0,0,0,0,10,293,0,0,0,25,0,0,0,0,0,0,0,0,0,65,0,0,423,82,0,0,0,0,0,0,0,0,0,0,0,0,0,0,0,0,0,0,0,1,0,0,0,0,0,0,0,,,,,,,,,,,,,,,,
996.959,0,0,0,0,0,0,0,0,12,0,0,0,0,79,28,3,4130,0,0,0,0,10,293,0,0,0,25,0,0,0,0,0,0,0,0,0,65,0,0,423,82,0,0,0,0,0,0,0,0,0,0,0,0,0,0,0,0,0,0,0,1,0,0,0,0,0,0,0,,,,,,,,,,,,,,,,
996.959,0,0,0,0,0,0,0,0,12,0,0,0,0,79,28,3,4130,0,0,0,0,10,293,0,0,0,25,0,0,0,0,0,0,0,0,0,65,0,0,423,82,0,0,0,0,0,0,0,0,0,0,0,0,0,0,0,0,0,0,0,1,0,0,0,0,0,0,0,,,,,,,,,,,,,,,,
997.529,0,0,0,0,0,0,0,0,12,0,0,0,0,79,28,3,4130,0,0,0,0,10,293,0,0,0,23,0,0,0,0,0,0,0,0,0,65,0,0,423,82,0,0,0,0,0,0,0,0,0,0,0,0,0,0,0,0,0,0,0,1,0,0,0,0,0,0,0,,,,,,,,,,,,,,,,
997.529,0,0,0,0,0,0,0,0,12,0,0,0,0,79,28,3,4130,0,0,0,0,10,293,0,0,0,23,0,0,0,0,0,0,0,0,0,65,0,0,423,82,0,0,0,0,0,0,0,0,0,0,0,0,0,0,0,0,0,0,0,1,0,0,0,0,0,0,0,,,,,,,,,,,,,,,,
997.529,0,0,0,0,0,0,0,0,12,0,0,0,0,79,28,3,4130,0,0,0,0,10,293,0,0,0,23,0,0,0,0,0,0,0,0,0,65,0,0,423,83,0,0,0,0,0,0,0,0,0,0,0,0,0,0,0,0,0,0,0,1,0,0,0,0,0,0,0,,,,,,,,,,,,,,,,
998.099,0,0,0,0,0,0,0,0,12,0,0,0,0,79,28,3,4130,0,0,0,0,10,281,0,0,0,23,0,0,0,0,0,0,0,0,0,65,0,0,423,83,0,0,0,0,0,0,0,0,0,0,0,0,0,0,0,0,0,0,0,1,0,0,0,0,0,0,0,,,,,,,,,,,,,,,,
998.099,0,0,0,0,0,0,0,0,12,0,0,0,0,79,28,3,4130,0,0,0,0,10,281,0,0,0,23,0,0,0,0,0,0,0,0,0,65,0,0,433,83,0,0,0,0,0,0,0,0,0,0,0,0,0,0,0,0,0,0,0,1,0,0,0,0,0,0,0,,,,,,,,,,,,,,,,
998.099,0,0,0,0,0,0,0,0,12,0,0,0,0,79,28,3,4130,0,0,0,0,10,281,0,0,0,23,0,0,0,0,0,0,0,0,0,51,0,0,433,83,0,0,0,0,0,0,0,0,0,0,0,0,0,0,0,0,0,0,0,1,0,0,0,0,0,0,0,,,,,,,,,,,,,,,,
998.669,0,0,0,0,0,0,0,0,12,0,0,0,0,79,28,3,4130,0,0,0,0,10,281,0,0,0,23,0,0,0,0,0,0,0,0,0,51,0,0,433,83,0,0,0,0,0,0,0,0,0,0,0,0,0,0,0,0,0,0,0,1,0,0,0,0,0,0,0,,,,,,,,,,,,,,,,
998.669,0,0,0,0,0,0,0,0,12,0,0,0,0,79,28,3,4130,0,0,0,0,10,281,0,0,0,23,0,0,0,0,0,0,0,0,0,51,0,0,433,83,0,0,0,0,0,0,0,0,0,0,0,0,0,0,0,0,0,0,0,1,0,0,0,0,0,0,0,,,,,,,,,,,,,,,,
998.669,0,0,0,0,0,0,0,0,12,0,0,0,0,79,28,3,4130,0,0,0,0,10,281,0,0,0,23,0,0,0,0,0,0,0,0,0,51,0,0,433,83,0,0,0,0,0,0,0,0,0,0,0,0,0,0,0,0,0,0,0,0,0,0,0,0,0,0,0,,,,,,,,,,,,,,,,
999.457,0,0,0,0,0,0,0,0,12,0,0,0,0,79,28,3,4130,0,0,0,0,10,281,0,0,0,23,0,0,0,0,0,0,0,0,0,51,0,0,433,83,0,0,0,0,0,0,0,0,0,0,0,0,0,0,0,0,0,0,0,0,0,0,0,0,0,0,0,,,,,,,,,,,,,,,,
999.457,0,0,0,0,0,0,0,0,12,0,0,0,0,79,28,3,4130,0,0,0,0,10,281,0,0,0,23,0,0,0,0,0,0,0,0,0,51,0,0,433,83,0,0,0,0,0,0,0,0,0,0,0,0,0,0,0,0,0,0,0,0,0,0,0,0,0,0,0,,,,,,,,,,,,,,,,
999.457,0,0,0,0,0,0,0,0,12,0,0,0,0,79,28,3,4130,0,0,0,0,10,281,0,0,0,23,0,0,0,0,0,0,0,0,0,51,0,0,433,83,0,0,0,0,0,0,0,0,0,0,0,0,0,0,0,0,0,0,0,0,0,0,0,0,0,0,0,,,,,,,,,,,,,,,,
1000.025,0,0,0,0,0,0,0,0,12,0,0,0,0,79,28,3,4130,0,0,0,0,10,287,0,0,0,23,0,0,0,0,0,0,0,0,0,51,0,0,433,83,0,0,0,0,0,0,0,0,0,0,0,0,0,0,0,0,0,0,0,0,0,0,0,0,0,0,0,,,,,,,,,,,,,,,,
1000.025,0,0,0,0,0,0,0,0,12,0,0,0,0,79,28,3,4130,0,0,0,0,10,287,0,0,0,23,0,0,0,0,0,0,0,0,0,51,0,0,427,83,0,0,0,0,0,0,0,0,0,0,0,0,0,0,0,0,0,0,0,0,0,0,0,0,0,0,0,,,,,,,,,,,,,,,,
1000.025,0,0,0,0,0,0,0,0,12,0,0,0,0,79,28,3,4130,0,0,0,0,10,287,0,0,0,23,0,0,0,0,0,0,0,0,0,58,0,0,427,83,0,0,0,0,0,0,0,0,0,0,0,0,0,0,0,0,0,0,0,0,0,0,0,0,0,0,0,,,,,,,,,,,,,,,,
1000.952,0,0,0,0,0,0,0,0,12,0,0,0,0,79,28,3,4130,0,0,0,0,10,287,0,0,0,23,0,0,0,0,0,0,0,0,0,58,0,0,427,83,0,0,0,0,0,0,0,0,0,0,0,0,0,0,0,0,0,0,0,0,0,0,0,0,0,0,0,,,,,,,,,,,,,,,,
1000.952,0,0,0,0,0,0,0,0,12,0,0,0,0,79,28,3,4130,0,0,0,0,10,287,0,0,0,23,0,0,0,0,0,0,0,0,0,58,0,0,427,83,0,0,0,0,0,0,0,0,0,0,0,0,0,0,0,0,0,0,0,0,0,0,0,0,0,0,0,,,,,,,,,,,,,,,,
1000.952,0,0,0,0,0,0,0,0,12,0,0,0,0,79,28,3,4130,0,0,0,0,10,287,0,0,0,23,0,0,0,0,0,0,0,0,0,58,0,0,427,83,0,0,0,0,0,0,0,0,0,0,0,0,0,0,0,0,0,0,0,0,0,0,0,0,0,0,0,,,,,,,,,,,,,,,,
1000.952,0,0,0,0,0,0,0,0,12,0,0,0,0,79,28,3,5277,0,0,0,0,10,287,0,0,0,23,0,0,0,0,0,0,0,0,0,58,0,0,427,83,0,0,0,0,0,0,0,0,0,0,0,0,0,0,0,0,0,0,0,0,0,0,0,0,0,0,0,,,,,,,,,,,,,,,,
1001.521,0,0,0,0,0,0,0,0,12,0,0,0,0,79,28,3,5277,0,0,0,0,10,287,0,0,0,22,0,0,0,0,0,0,0,0,0,58,0,0,427,83,0,0,0,0,0,0,0,0,0,0,0,0,0,0,0,0,0,0,0,0,0,0,0,0,0,0,0,,,,,,,,,,,,,,,,
1001.521,0,0,0,0,0,0,0,0,12,0,0,0,0,79,28,3,5277,0,0,0,0,10,287,0,0,0,22,0,0,0,0,0,0,0,0,0,58,0,0,427,83,0,0,0,0,0,0,0,0,0,0,0,0,0,0,0,0,0,0,0,0,0,0,0,0,0,0,0,,,,,,,,,,,,,,,,
1001.521,0,0,0,0,0,0,0,0,12,0,0,0,0,79,28,3,5277,0,0,0,0,10,287,0,0,0,22,0,0,0,0,0,0,0,0,0,58,0,0,427,83,0,0,0,0,0,0,0,0,0,0,0,0,0,0,0,0,0,0,0,0,0,0,0,0,0,0,0,,,,,,,,,,,,,,,,
1002.092,0,0,0,0,0,0,0,0,12,0,0,0,0,79,28,3,5277,0,0,0,0,10,294,0,0,0,22,0,0,0,0,0,0,0,0,0,58,0,0,427,83,0,0,0,0,0,0,0,0,0,0,0,0,0,0,0,0,0,0,0,0,0,0,0,0,0,0,0,,,,,,,,,,,,,,,,
1002.092,0,0,0,0,0,0,0,0,12,0,0,0,0,79,28,3,5277,0,0,0,0,10,294,0,0,0,22,0,0,0,0,0,0,0,0,0,58,0,0,419,83,0,0,0,0,0,0,0,0,0,0,0,0,0,0,0,0,0,0,0,0,0,0,0,0,0,0,0,,,,,,,,,,,,,,,,
1002.092,0,0,0,0,0,0,0,0,12,0,0,0,0,79,28,3,5277,0,0,0,0,10,294,0,0,0,22,0,0,0,0,0,0,0,0,0,64,0,0,419,83,0,0,0,0,0,0,0,0,0,0,0,0,0,0,0,0,0,0,0,0,0,0,0,0,0,0,0,,,,,,,,,,,,,,,,
1002.661,0,0,0,0,0,0,0,0,12,0,0,0,0,79,28,3,5277,0,0,0,0,10,294,0,0,0,22,0,0,0,0,0,0,0,0,0,64,0,0,419,83,0,0,0,0,0,0,0,0,0,0,0,0,0,0,0,0,0,0,0,0,0,0,0,0,0,0,0,,,,,,,,,,,,,,,,
1002.661,0,0,0,0,0,0,0,0,12,0,0,0,0,79,28,3,5277,0,0,0,0,11,294,0,0,0,22,0,0,0,0,0,0,0,0,0,64,0,0,419,83,0,0,0,0,0,0,0,0,0,0,0,0,0,0,0,0,0,0,0,0,0,0,0,0,0,0,0,,,,,,,,,,,,,,,,
1002.661,0,0,0,0,0,0,0,0,12,0,0,0,0,79,28,3,5277,0,0,0,0,11,294,0,0,0,22,0,0,0,0,0,0,0,0,0,64,0,0,419,83,0,0,0,0,0,0,0,0,0,0,0,0,0,0,0,0,0,0,0,11,0,0,0,0,0,0,0,,,,,,,,,,,,,,,,
1003.235,0,0,0,0,0,0,0,0,12,0,0,0,0,79,28,3,5277,0,0,0,0,11,294,0,0,0,22,0,0,0,0,0,0,0,0,0,64,0,0,419,83,0,0,0,0,0,0,0,0,0,0,0,0,0,0,0,0,0,0,0,11,0,0,0,0,0,0,0,,,,,,,,,,,,,,,,
1003.235,0,0,0,0,0,0,0,0,12,0,0,0,0,79,28,3,5277,0,0,0,0,11,294,0,0,0,22,0,0,0,0,0,0,0,0,0,64,0,0,419,83,0,0,0,0,0,0,0,0,0,0,0,0,0,0,0,0,0,0,0,11,0,0,0,0,0,0,0,,,,,,,,,,,,,,,,
1003.235,0,0,0,0,0,0,0,0,12,0,0,0,0,79,28,3,5277,0,0,0,0,11,294,0,0,0,22,0,0,0,0,0,0,0,0,0,64,0,0,419,83,0,0,0,0,0,0,0,0,0,0,0,0,0,0,0,0,0,0,0,11,0,0,0,0,0,0,0,,,,,,,,,,,,,,,,
1003.235,0,0,0,0,0,0,0,0,12,0,0,0,0,79,28,3,5277,0,0,0,0,11,294,0,0,0,22,0,0,0,0,0,0,0,0,0,64,0,0,419,83,0,0,0,0,0,0,0,0,0,0,0,0,0,0,0,0,0,0,0,11,0,0,0,0,0,0,0,,,,,,,,,,,,,,,,
1003.803,0,0,0,0,0,0,0,0,12,0,0,0,0,79,28,3,5277,0,0,0,0,11,294,0,0,0,23,0,0,0,0,0,0,0,0,0,64,0,0,419,83,0,0,0,0,0,0,0,0,0,0,0,0,0,0,0,0,0,0,0,11,0,0,0,0,0,0,0,,,,,,,,,,,,,,,,
1003.803,0,0,0,0,0,0,0,0,12,0,0,0,0,80,28,3,5277,0,0,0,0,11,294,0,0,0,23,0,0,0,0,0,0,0,0,0,64,0,0,419,83,0,0,0,0,0,0,0,0,0,0,0,0,0,0,0,0,0,0,0,11,0,0,0,0,0,0,0,,,,,,,,,,,,,,,,
1003.803,0,0,0,0,0,0,0,0,12,0,0,0,0,80,28,3,5277,0,0,0,0,11,294,0,0,0,23,0,0,0,0,0,0,0,0,0,64,0,0,419,83,0,0,0,0,0,0,0,0,0,0,0,0,0,0,0,0,0,0,0,11,0,0,0,0,0,0,0,,,,,,,,,,,,,,,,
1004.371,0,0,0,0,0,0,0,0,12,0,0,0,0,80,28,3,5277,0,0,0,0,11,293,0,0,0,23,0,0,0,0,0,0,0,0,0,64,0,0,419,83,0,0,0,0,0,0,0,0,0,0,0,0,0,0,0,0,0,0,0,11,0,0,0,0,0,0,0,,,,,,,,,,,,,,,,
1004.371,0,0,0,0,0,0,0,0,12,0,0,0,0,80,28,3,5277,0,0,0,0,11,293,0,0,0,23,0,0,0,0,0,0,0,0,0,64,0,0,425,83,0,0,0,0,0,0,0,0,0,0,0,0,0,0,0,0,0,0,0,11,0,0,0,0,0,0,0,,,,,,,,,,,,,,,,
1004.371,0,0,0,0,0,0,0,0,12,0,0,0,0,80,28,3,5277,0,0,0,0,11,293,0,0,0,23,0,0,0,0,0,0,0,0,0,62,0,0,425,83,0,0,0,0,0,0,0,0,0,0,0,0,0,0,0,0,0,0,0,11,0,0,0,0,0,0,0,,,,,,,,,,,,,,,,
1005.457,0,0,0,0,0,0,0,0,12,0,0,0,0,80,28,3,5277,0,0,0,0,11,293,0,0,0,22,0,0,0,0,0,0,0,0,0,62,0,0,425,83,0,0,0,0,0,0,0,0,0,0,0,0,0,0,0,0,0,0,0,11,0,0,0,0,0,0,0,,,,,,,,,,,,,,,,
1005.457,0,0,0,0,0,0,0,0,12,0,0,0,0,80,28,3,5277,0,0,0,0,11,293,0,0,0,22,0,0,0,0,0,0,0,0,0,62,0,0,425,83,0,0,0,0,0,0,0,0,0,0,0,0,0,0,0,0,0,0,0,11,0,0,0,0,0,0,0,,,,,,,,,,,,,,,,
1005.457,0,0,0,0,0,0,0,0,12,0,0,0,0,80,28,3,5277,0,0,0,0,11,293,0,0,0,22,0,0,0,0,0,0,0,0,0,62,0,0,425,83,0,0,0,0,0,0,0,0,0,0,0,0,0,0,0,0,0,0,0,11,0,0,0,0,0,0,0,,,,,,,,,,,,,,,,
1006.026,0,0,0,0,0,0,0,0,12,0,0,0,0,80,28,3,5277,0,0,0,0,11,268,0,0,0,22,0,0,0,0,0,0,0,0,0,62,0,0,425,83,0,0,0,0,0,0,0,0,0,0,0,0,0,0,0,0,0,0,0,11,0,0,0,0,0,0,0,,,,,,,,,,,,,,,,
1006.026,0,0,0,0,0,0,0,0,12,0,0,0,0,80,28,3,5277,0,0,0,0,11,268,0,0,0,22,0,0,0,0,0,0,0,0,0,62,0,0,447,83,0,0,0,0,0,0,0,0,0,0,0,0,0,0,0,0,0,0,0,11,0,0,0,0,0,0,0,,,,,,,,,,,,,,,,
1006.026,0,0,0,0,0,0,0,0,12,0,0,0,0,80,28,3,5277,0,0,0,0,11,268,0,0,0,22,0,0,0,0,0,0,0,0,0,37,0,0,447,83,0,0,0,0,0,0,0,0,0,0,0,0,0,0,0,0,0,0,0,11,0,0,0,0,0,0,0,,,,,,,,,,,,,,,,
1006.599,0,0,0,0,0,0,0,0,12,0,0,0,0,80,28,3,5277,0,0,0,0,11,268,0,0,0,22,0,0,0,1,0,0,0,0,0,37,0,0,447,83,0,0,0,0,0,0,0,0,0,0,0,0,0,0,0,0,0,0,0,11,0,0,0,0,0,0,0,,,,,,,,,,,,,,,,
1006.599,0,0,0,0,0,0,0,0,12,0,0,0,0,80,28,3,5277,0,0,0,0,11,268,0,0,0,22,0,0,0,1,0,0,0,0,0,37,0,0,447,83,0,0,0,0,0,0,0,0,0,0,0,0,0,0,0,0,0,0,0,11,0,0,0,0,0,0,0,,,,,,,,,,,,,,,,
1006.599,0,0,0,0,0,0,0,0,12,0,0,0,0,80,28,3,5277,0,0,0,0,11,268,0,0,0,22,0,0,0,1,0,0,0,0,0,37,0,0,447,83,0,0,0,0,0,0,0,0,0,0,0,0,0,0,0,0,0,0,0,3,0,0,0,0,0,0,0,,,,,,,,,,,,,,,,
1007.167,0,0,0,0,0,0,0,0,12,0,0,0,0,80,28,3,5277,0,0,0,0,11,268,0,0,0,22,0,0,0,1,0,0,0,0,0,37,0,0,447,83,0,0,0,0,0,0,0,0,0,0,0,0,0,0,0,0,0,0,0,3,0,0,0,0,0,0,0,,,,,,,,,,,,,,,,
1007.167,0,0,0,0,0,0,0,0,12,0,0,0,0,80,29,3,5277,0,0,0,0,11,268,0,0,0,22,0,0,0,1,0,0,0,0,0,37,0,0,447,83,0,0,0,0,0,0,0,0,0,0,0,0,0,0,0,0,0,0,0,3,0,0,0,0,0,0,0,,,,,,,,,,,,,,,,
1007.167,0,0,0,0,0,0,0,0,12,0,0,0,0,80,29,3,5277,0,0,0,0,11,268,0,0,0,22,0,0,0,1,0,0,0,0,0,37,0,0,447,83,0,0,0,0,0,0,0,0,0,0,0,0,0,0,0,0,0,0,0,3,0,0,0,0,0,0,0,,,,,,,,,,,,,,,,
1007.167,0,0,0,0,0,0,0,0,12,0,0,0,0,80,29,3,5277,0,0,0,0,11,268,0,0,0,22,0,0,0,1,0,0,0,0,0,37,0,0,447,83,0,0,0,0,0,0,0,0,0,0,0,0,0,0,0,0,0,0,0,3,0,0,0,0,0,0,0,,,,,,,,,,,,,,,,
1007.741,0,0,0,0,0,0,0,0,12,0,0,0,0,80,29,3,5277,0,0,0,0,11,268,0,0,0,23,0,0,0,1,0,0,0,0,0,37,0,0,447,83,0,0,0,0,0,0,0,0,0,0,0,0,0,0,0,0,0,0,0,3,0,0,0,0,0,0,0,,,,,,,,,,,,,,,,
1007.741,0,0,0,0,0,0,0,0,12,0,0,0,0,80,29,3,5277,0,0,0,0,11,268,0,0,0,23,0,0,0,1,0,0,0,0,0,37,0,0,447,83,0,0,0,0,0,0,0,0,0,0,0,0,0,0,0,0,0,0,0,3,0,0,0,0,0,0,0,,,,,,,,,,,,,,,,
1007.741,0,0,0,0,0,0,0,0,12,0,0,0,0,80,29,3,5277,0,0,0,0,11,268,0,0,0,23,0,0,0,1,0,0,0,0,0,37,0,0,447,83,0,0,0,0,0,0,0,0,0,0,0,0,0,0,0,0,0,0,0,3,0,0,0,0,0,0,0,,,,,,,,,,,,,,,,
1008.309,0,0,0,0,0,0,0,0,12,0,0,0,0,80,29,3,5277,0,0,0,0,11,287,0,0,0,23,0,0,0,1,0,0,0,0,0,37,0,0,447,83,0,0,0,0,0,0,0,0,0,0,0,0,0,0,0,0,0,0,0,3,0,0,0,0,0,0,0,,,,,,,,,,,,,,,,
1008.309,0,0,0,0,0,0,0,0,12,0,0,0,0,80,29,3,5277,0,0,0,0,11,287,0,0,0,23,0,0,0,1,0,0,0,0,0,37,0,0,434,83,0,0,0,0,0,0,0,0,0,0,0,0,0,0,0,0,0,0,0,3,0,0,0,0,0,0,0,,,,,,,,,,,,,,,,
1008.309,0,0,0,0,0,0,0,0,12,0,0,0,0,80,29,3,5277,0,0,0,0,11,287,0,0,0,23,0,0,0,1,0,0,0,0,0,58,0,0,434,83,0,0,0,0,0,0,0,0,0,0,0,0,0,0,0,0,0,0,0,3,0,0,0,0,0,0,0,,,,,,,,,,,,,,,,
1009.453,0,0,0,0,0,0,0,0,12,0,0,0,0,80,29,3,5277,0,0,0,0,11,287,0,0,0,23,0,0,0,1,0,0,0,0,0,58,0,0,434,83,0,0,0,0,0,0,0,0,0,0,0,0,0,0,0,0,0,0,0,3,0,0,0,0,0,0,0,,,,,,,,,,,,,,,,
1009.453,0,0,0,0,0,0,0,0,12,0,0,0,0,80,29,3,5277,0,0,0,0,11,287,0,0,0,23,0,0,0,1,0,0,0,0,0,58,0,0,434,83,0,0,0,0,0,0,0,0,0,0,0,0,0,0,0,0,0,0,0,3,0,0,0,0,0,0,0,,,,,,,,,,,,,,,,
1009.453,0,0,0,0,0,0,0,0,12,0,0,0,0,80,29,3,5277,0,0,0,0,11,287,0,0,0,23,0,0,0,1,0,0,0,0,0,58,0,0,434,83,0,0,0,0,0,0,0,0,0,0,0,0,0,0,0,0,0,0,0,3,0,0,0,0,0,0,0,,,,,,,,,,,,,,,,
1010.023,0,0,0,0,0,0,0,0,12,0,0,0,0,80,29,3,5277,0,0,0,0,11,289,0,0,0,23,0,0,0,1,0,0,0,0,0,58,0,0,434,83,0,0,0,0,0,0,0,0,0,0,0,0,0,0,0,0,0,0,0,3,0,0,0,0,0,0,0,,,,,,,,,,,,,,,,
1010.023,0,0,0,0,0,0,0,0,12,0,0,0,0,80,29,3,5277,0,0,0,0,11,289,0,0,0,23,0,0,0,1,0,0,0,0,0,58,0,0,418,83,0,0,0,0,0,0,0,0,0,0,0,0,0,0,0,0,0,0,0,3,0,0,0,0,0,0,0,,,,,,,,,,,,,,,,
1010.023,0,0,0,0,0,0,0,0,12,0,0,0,0,80,29,3,5277,0,0,0,0,11,289,0,0,0,23,0,0,0,1,0,0,0,0,0,58,0,0,418,83,0,0,0,0,0,0,0,0,0,0,0,0,0,0,0,0,0,0,0,3,0,0,0,0,0,0,0,,,,,,,,,,,,,,,,
1010.593,0,0,0,0,0,0,0,0,12,0,0,0,0,80,29,3,5277,0,0,0,0,11,289,0,0,0,23,0,0,0,0,0,0,0,0,0,58,0,0,418,83,0,0,0,0,0,0,0,0,0,0,0,0,0,0,0,0,0,0,0,3,0,0,0,0,0,0,0,,,,,,,,,,,,,,,,
1010.593,0,0,0,0,0,0,0,0,12,0,0,0,0,80,29,3,5277,0,0,0,0,12,289,0,0,0,23,0,0,0,0,0,0,0,0,0,58,0,0,418,83,0,0,0,0,0,0,0,0,0,0,0,0,0,0,0,0,0,0,0,3,0,0,0,0,0,0,0,,,,,,,,,,,,,,,,
1010.597,0,0,0,0,0,0,0,0,12,0,0,0,0,80,29,3,5277,0,0,0,0,12,289,0,0,0,23,0,0,0,0,0,0,0,0,0,58,0,0,418,83,0,0,0,0,0,0,0,0,0,0,0,0,0,0,0,0,0,0,0,12,0,0,0,0,0,0,0,,,,,,,,,,,,,,,,
1011.163,0,0,0,0,0,0,0,0,12,0,0,0,0,80,29,3,5277,0,0,0,0,12,289,0,0,0,23,0,0,0,0,0,0,0,0,0,58,0,0,418,83,0,0,0,0,0,0,0,0,0,0,0,0,0,0,0,0,0,0,0,12,0,0,0,0,0,0,0,,,,,,,,,,,,,,,,
1011.163,0,0,0,0,0,0,0,0,12,0,0,0,0,80,29,3,5277,0,0,0,0,12,289,0,0,0,23,0,0,0,0,0,0,0,0,0,58,0,0,418,83,0,0,0,0,0,0,0,0,0,0,0,0,0,0,0,0,0,0,0,12,0,0,0,0,0,0,0,,,,,,,,,,,,,,,,
1011.163,0,0,0,0,0,0,0,0,12,0,0,0,0,80,29,3,5277,0,0,0,0,12,289,0,0,0,23,0,0,0,0,0,0,0,0,0,58,0,0,418,83,0,0,0,0,0,0,0,0,0,0,0,0,0,0,0,0,0,0,0,12,0,0,0,0,0,0,0,,,,,,,,,,,,,,,,
1011.163,0,0,0,0,0,0,0,0,12,0,0,0,0,80,29,3,4354,0,0,0,0,12,289,0,0,0,23,0,0,0,0,0,0,0,0,0,58,0,0,418,83,0,0,0,0,0,0,0,0,0,0,0,0,0,0,0,0,0,0,0,12,0,0,0,0,0,0,0,,,,,,,,,,,,,,,,
1011.736,0,0,0,0,0,0,0,0,12,0,0,0,0,80,29,3,4354,0,0,0,0,12,289,0,0,0,24,0,0,0,0,0,0,0,0,0,58,0,0,418,83,0,0,0,0,0,0,0,0,0,0,0,0,0,0,0,0,0,0,0,12,0,0,0,0,0,0,0,,,,,,,,,,,,,,,,
1011.736,0,0,0,0,0,0,0,0,12,0,0,0,0,81,29,3,4354,0,0,0,0,12,289,0,0,0,24,0,0,0,0,0,0,0,0,0,58,0,0,418,83,0,0,0,0,0,0,0,0,0,0,0,0,0,0,0,0,0,0,0,12,0,0,0,0,0,0,0,,,,,,,,,,,,,,,,
1011.736,0,0,0,0,0,0,0,0,12,0,0,0,0,81,29,3,4354,0,0,0,0,12,289,0,0,0,24,0,0,0,0,0,0,0,0,0,58,0,0,418,83,0,0,0,0,0,0,0,0,0,0,0,0,0,0,0,0,0,0,0,12,0,0,0,0,0,0,0,,,,,,,,,,,,,,,,
1012.304,0,0,0,0,0,0,0,0,12,0,0,0,0,81,29,3,4354,0,0,0,0,12,264,0,0,0,24,0,0,0,0,0,0,0,0,0,58,0,0,418,83,0,0,0,0,0,0,0,0,0,0,0,0,0,0,0,0,0,0,0,12,0,0,0,0,0,0,0,,,,,,,,,,,,,,,,
1012.304,0,0,0,0,0,0,0,0,12,0,0,0,0,81,29,3,4354,0,0,0,0,12,264,0,0,0,24,0,0,0,0,0,0,0,0,0,58,0,0,446,83,0,0,0,0,0,0,0,0,0,0,0,0,0,0,0,0,0,0,0,12,0,0,0,0,0,0,0,,,,,,,,,,,,,,,,
1012.304,0,0,0,0,0,0,0,0,12,0,0,0,0,81,29,3,4354,0,0,0,0,12,264,0,0,0,24,0,0,0,0,0,0,0,0,0,33,0,0,446,83,0,0,0,0,0,0,0,0,0,0,0,0,0,0,0,0,0,0,0,12,0,0,0,0,0,0,0,,,,,,,,,,,,,,,,
1012.873,0,0,0,0,0,0,0,0,12,0,0,0,0,81,29,3,4354,0,0,0,0,12,264,0,0,0,24,0,0,0,0,0,0,0,0,0,33,0,0,446,83,0,0,0,0,0,0,0,0,0,0,0,0,0,0,0,0,0,0,0,12,0,0,0,0,0,0,0,,,,,,,,,,,,,,,,
1012.873,0,0,0,0,0,0,0,0,12,0,0,0,0,81,29,3,4354,0,0,0,0,12,264,0,0,0,24,0,0,0,0,0,0,0,0,0,33,0,0,446,83,0,0,0,0,0,0,0,0,0,0,0,0,0,0,0,0,0,0,0,12,0,0,0,0,0,0,0,,,,,,,,,,,,,,,,
1012.873,0,0,0,0,0,0,0,0,12,0,0,0,0,81,29,3,4354,0,0,0,0,12,264,0,0,0,24,0,0,0,0,0,0,0,0,0,33,0,0,446,83,0,0,0,0,0,0,0,0,0,0,0,0,0,0,0,0,0,0,0,12,0,0,0,0,0,0,0,,,,,,,,,,,,,,,,
1012.873,0,0,0,0,0,0,0,0,12,0,0,0,0,81,29,3,4354,0,0,0,0,12,264,0,0,0,24,0,0,0,0,0,0,0,0,0,33,0,0,446,83,0,0,0,0,0,0,0,0,0,0,0,0,0,0,0,0,0,0,0,12,0,0,0,0,0,0,0,,,,,,,,,,,,,,,,
1013.460,0,0,0,0,0,0,0,0,12,0,0,0,0,81,29,3,4354,0,0,0,0,12,264,0,0,0,25,0,0,0,0,0,0,0,0,0,33,0,0,446,83,0,0,0,0,0,0,0,0,0,0,0,0,0,0,0,0,0,0,0,12,0,0,0,0,0,0,0,,,,,,,,,,,,,,,,
1013.460,0,0,0,0,0,0,0,0,12,0,0,0,0,82,29,3,4354,0,0,0,0,12,264,0,0,0,25,0,0,0,0,0,0,0,0,0,33,0,0,446,83,0,0,0,0,0,0,0,0,0,0,0,0,0,0,0,0,0,0,0,12,0,0,0,0,0,0,0,,,,,,,,,,,,,,,,
1013.460,0,0,0,0,0,0,0,0,12,0,0,0,0,82,29,3,4354,0,0,0,0,12,264,0,0,0,25,0,0,0,0,0,0,0,0,0,33,0,0,446,84,0,0,0,0,0,0,0,0,0,0,0,0,0,0,0,0,0,0,0,12,0,0,0,0,0,0,0,,,,,,,,,,,,,,,,
1014.029,0,0,0,0,0,0,0,0,12,0,0,0,0,82,29,3,4354,0,0,0,0,12,290,0,0,0,25,0,0,0,0,0,0,0,0,0,33,0,0,446,84,0,0,0,0,0,0,0,0,0,0,0,0,0,0,0,0,0,0,0,12,0,0,0,0,0,0,0,,,,,,,,,,,,,,,,
1014.029,0,0,0,0,0,0,0,0,12,0,0,0,0,82,29,3,4354,0,0,0,0,12,290,0,0,0,25,0,0,0,0,0,0,0,0,0,33,0,0,417,84,0,0,0,0,0,0,0,0,0,0,0,0,0,0,0,0,0,0,0,12,0,0,0,0,0,0,0,,,,,,,,,,,,,,,,
1014.029,0,0,0,0,0,0,0,0,12,0,0,0,0,82,29,3,4354,0,0,0,0,12,290,0,0,0,25,0,0,0,0,0,0,0,0,0,60,0,0,417,84,0,0,0,0,0,0,0,0,0,0,0,0,0,0,0,0,0,0,0,12,0,0,0,0,0,0,0,,,,,,,,,,,,,,,,
1014.603,0,0,0,0,0,0,0,0,12,0,0,0,0,82,29,3,4354,0,0,0,0,12,290,0,0,0,25,0,0,0,0,0,0,0,0,0,60,0,0,417,84,0,0,0,0,0,0,0,0,0,0,0,0,0,0,0,0,0,0,0,12,0,0,0,0,0,0,0,,,,,,,,,,,,,,,,
1014.603,0,0,0,0,0,0,0,0,12,0,0,0,0,82,29,3,4354,0,0,0,0,12,290,0,0,0,25,0,0,0,0,0,0,0,0,0,60,0,0,417,84,0,0,0,0,0,0,0,0,0,0,0,0,0,0,0,0,0,0,0,12,0,0,0,0,0,0,0,,,,,,,,,,,,,,,,
1014.603,0,0,0,0,0,0,0,0,12,0,0,0,0,82,29,3,4354,0,0,0,0,12,290,0,0,0,25,0,0,0,0,0,0,0,0,0,60,0,0,417,84,0,0,0,0,0,0,0,0,0,0,0,0,0,0,0,0,0,0,0,8,0,0,0,0,0,0,0,,,,,,,,,,,,,,,,
1015.456,0,0,0,0,0,0,0,0,12,0,0,0,0,82,29,3,4354,0,0,0,0,12,290,0,0,0,24,0,0,0,0,0,0,0,0,0,60,0,0,417,84,0,0,0,0,0,0,0,0,0,0,0,0,0,0,0,0,0,0,0,8,0,0,0,0,0,0,0,,,,,,,,,,,,,,,,
1015.456,0,0,0,0,0,0,0,0,12,0,0,0,0,82,29,3,4354,0,0,0,0,12,290,0,0,0,24,0,0,0,0,0,0,0,0,0,60,0,0,417,84,0,0,0,0,0,0,0,0,0,0,0,0,0,0,0,0,0,0,0,8,0,0,0,0,0,0,0,,,,,,,,,,,,,,,,
1015.456,0,0,0,0,0,0,0,0,12,0,0,0,0,82,29,3,4354,0,0,0,0,12,290,0,0,0,24,0,0,0,0,0,0,0,0,0,60,0,0,417,84,0,0,0,0,0,0,0,0,0,0,0,0,0,0,0,0,0,0,0,8,0,0,0,0,0,0,0,,,,,,,,,,,,,,,,
1016.025,0,0,0,0,0,0,0,0,12,0,0,0,0,82,29,3,4354,0,0,0,0,12,290,0,0,0,24,0,0,0,0,0,0,0,0,0,60,0,0,417,84,0,0,0,0,0,0,0,0,0,0,0,0,0,0,0,0,0,0,0,8,0,0,0,0,0,0,0,,,,,,,,,,,,,,,,
1016.025,0,0,0,0,0,0,0,0,12,0,0,0,0,82,29,3,4354,0,0,0,0,12,290,0,0,0,24,0,0,0,0,0,0,0,0,0,60,0,0,423,84,0,0,0,0,0,0,0,0,0,0,0,0,0,0,0,0,0,0,0,8,0,0,0,0,0,0,0,,,,,,,,,,,,,,,,
1016.025,0,0,0,0,0,0,0,0,12,0,0,0,0,82,29,3,4354,0,0,0,0,12,290,0,0,0,24,0,0,0,0,0,0,0,0,0,60,0,0,423,84,0,0,0,0,0,0,0,0,0,0,0,0,0,0,0,0,0,0,0,8,0,0,0,0,0,0,0,,,,,,,,,,,,,,,,
1016.952,0,0,0,0,0,0,0,0,12,0,0,0,0,82,29,3,4354,0,0,0,0,12,290,0,0,0,24,0,0,0,0,0,0,0,0,0,60,0,0,423,84,0,0,0,0,0,0,0,0,0,0,0,0,0,0,0,0,0,0,0,8,0,0,0,0,0,0,0,,,,,,,,,,,,,,,,
1016.952,0,0,0,0,0,0,0,0,12,0,0,0,0,82,29,3,4354,0,0,0,0,12,290,0,0,0,24,0,0,0,0,0,0,0,0,0,60,0,0,423,84,0,0,0,0,0,0,0,0,0,0,0,0,0,0,0,0,0,0,0,8,0,0,0,0,0,0,0,,,,,,,,,,,,,,,,
1016.952,0,0,0,0,0,0,0,0,12,0,0,0,0,82,29,3,4354,0,0,0,0,12,290,0,0,0,24,0,0,0,0,0,0,0,0,0,60,0,0,423,84,0,0,0,0,0,0,0,0,0,0,0,0,0,0,0,0,0,0,0,8,0,0,0,0,0,0,0,,,,,,,,,,,,,,,,
1016.952,0,0,0,0,0,0,0,0,12,0,0,0,0,82,29,3,4354,0,0,0,0,12,290,0,0,0,24,0,0,0,0,0,0,0,0,0,60,0,0,423,84,0,0,0,0,0,0,0,0,0,0,0,0,0,0,0,0,0,0,0,8,0,0,0,0,0,0,0,,,,,,,,,,,,,,,,
1017.521,0,0,0,0,0,0,0,0,12,0,0,0,0,82,29,3,4354,0,0,0,0,12,290,0,0,0,23,0,0,0,0,0,0,0,0,0,60,0,0,423,84,0,0,0,0,0,0,0,0,0,0,0,0,0,0,0,0,0,0,0,8,0,0,0,0,0,0,0,,,,,,,,,,,,,,,,
1017.521,0,0,0,0,0,0,0,0,12,0,0,0,0,82,29,3,4354,0,0,0,0,12,290,0,0,0,23,0,0,0,0,0,0,0,0,0,60,0,0,423,84,0,0,0,0,0,0,0,0,0,0,0,0,0,0,0,0,0,0,0,8,0,0,0,0,0,0,0,,,,,,,,,,,,,,,,
1017.521,0,0,0,0,0,0,0,0,12,0,0,0,0,82,29,3,4354,0,0,0,0,12,290,0,0,0,23,0,0,0,0,0,0,0,0,0,60,0,0,423,84,0,0,0,0,0,0,0,0,0,0,0,0,0,0,0,0,0,0,0,8,0,0,0,0,0,0,0,,,,,,,,,,,,,,,,
1018.091,0,0,0,0,0,0,0,0,12,0,0,0,0,82,29,3,4354,0,0,0,0,12,291,0,0,0,23,0,0,0,0,0,0,0,0,0,60,0,0,423,84,0,0,0,0,0,0,0,0,0,0,0,0,0,0,0,0,0,0,0,8,0,0,0,0,0,0,0,,,,,,,,,,,,,,,,
1018.091,0,0,0,0,0,0,0,0,12,0,0,0,0,82,29,3,4354,0,0,0,0,12,291,0,0,0,23,0,0,0,0,0,0,0,0,0,60,0,0,418,84,0,0,0,0,0,0,0,0,0,0,0,0,0,0,0,0,0,0,0,8,0,0,0,0,0,0,0,,,,,,,,,,,,,,,,
1018.091,0,0,0,0,0,0,0,0,12,0,0,0,0,82,29,3,4354,0,0,0,0,12,291,0,0,0,23,0,0,0,0,0,0,0,0,0,61,0,0,418,84,0,0,0,0,0,0,0,0,0,0,0,0,0,0,0,0,0,0,0,8,0,0,0,0,0,0,0,,,,,,,,,,,,,,,,
1018.661,0,0,0,0,0,0,0,0,12,0,0,0,0,82,29,3,4354,0,0,0,0,12,291,0,0,0,23,0,0,0,0,0,0,0,0,0,61,0,0,418,84,0,0,0,0,0,0,0,0,0,0,0,0,0,0,0,0,0,0,0,8,0,0,0,0,0,0,0,,,,,,,,,,,,,,,,
1018.661,0,0,0,0,0,0,0,0,12,0,0,0,0,82,29,3,4354,0,0,0,0,13,291,0,0,0,23,0,0,0,0,0,0,0,0,0,61,0,0,418,84,0,0,0,0,0,0,0,0,0,0,0,0,0,0,0,0,0,0,0,8,0,0,0,0,0,0,0,,,,,,,,,,,,,,,,
1018.661,0,0,0,0,0,0,0,0,12,0,0,0,0,82,29,3,4354,0,0,0,0,13,291,0,0,0,23,0,0,0,0,0,0,0,0,0,61,0,0,418,84,0,0,0,0,0,0,0,0,0,0,0,0,0,0,0,0,0,0,0,7,0,0,0,0,0,0,0,,,,,,,,,,,,,,,,
1019.235,0,0,0,0,0,0,0,0,12,0,0,0,0,82,29,3,4354,0,0,0,0,13,291,0,0,0,23,0,0,0,0,0,0,0,0,0,61,0,0,418,84,0,0,0,0,0,0,0,0,0,0,0,0,0,0,0,0,0,0,0,7,0,0,0,0,0,0,0,,,,,,,,,,,,,,,,
1019.235,0,0,0,0,0,0,0,0,12,0,0,0,0,82,29,3,4354,0,0,0,0,13,291,0,0,0,23,0,0,0,0,0,0,0,0,0,61,0,0,418,84,0,0,0,0,0,0,0,0,0,0,0,0,0,0,0,0,0,0,0,7,0,0,0,0,0,0,0,,,,,,,,,,,,,,,,
1019.235,0,0,0,0,0,0,0,0,12,0,0,0,0,82,29,3,4354,0,0,0,0,13,291,0,0,0,23,0,0,0,0,0,0,0,0,0,61,0,0,418,84,0,0,0,0,0,0,0,0,0,0,0,0,0,0,0,0,0,0,0,7,0,0,0,0,0,0,0,,,,,,,,,,,,,,,,
1019.235,0,0,0,0,0,0,0,0,12,0,0,0,0,82,29,3,4613,0,0,0,0,13,291,0,0,0,23,0,0,0,0,0,0,0,0,0,61,0,0,418,84,0,0,0,0,0,0,0,0,0,0,0,0,0,0,0,0,0,0,0,7,0,0,0,0,0,0,0,,,,,,,,,,,,,,,,
1019.803,0,0,0,0,0,0,0,0,12,0,0,0,0,82,29,3,4613,0,0,0,0,13,291,0,0,0,23,0,0,0,0,0,0,0,0,0,61,0,0,418,84,0,0,0,0,0,0,0,0,0,0,0,0,0,0,0,0,0,0,0,7,0,0,0,0,0,0,0,,,,,,,,,,,,,,,,
1019.803,0,0,0,0,0,0,0,0,12,0,0,0,0,83,29,3,4613,0,0,0,0,13,291,0,0,0,23,0,0,0,0,0,0,0,0,0,61,0,0,418,84,0,0,0,0,0,0,0,0,0,0,0,0,0,0,0,0,0,0,0,7,0,0,0,0,0,0,0,,,,,,,,,,,,,,,,
1019.803,0,0,0,0,0,0,0,0,12,0,0,0,0,83,29,3,4613,0,0,0,0,13,291,0,0,0,23,0,0,0,0,0,0,0,0,0,61,0,0,418,84,0,0,0,0,0,0,0,0,0,0,0,0,0,0,0,0,0,0,0,7,0,0,0,0,0,0,0,,,,,,,,,,,,,,,,
1020.371,0,0,0,0,0,0,0,0,12,0,0,0,0,83,29,3,4613,0,0,0,0,13,266,0,0,0,23,0,0,0,0,0,0,0,0,0,61,0,0,418,84,0,0,0,0,0,0,0,0,0,0,0,0,0,0,0,0,0,0,0,7,0,0,0,0,0,0,0,,,,,,,,,,,,,,,,
1020.371,0,0,0,0,0,0,0,0,12,0,0,0,0,83,29,3,4613,0,0,0,0,13,266,0,0,0,23,0,0,0,0,0,0,0,0,0,61,0,0,446,84,0,0,0,0,0,0,0,0,0,0,0,0,0,0,0,0,0,0,0,7,0,0,0,0,0,0,0,,,,,,,,,,,,,,,,
1020.371,0,0,0,0,0,0,0,0,12,0,0,0,0,83,29,3,4613,0,0,0,0,13,266,0,0,0,23,0,0,0,0,0,0,0,0,0,35,0,0,446,84,0,0,0,0,0,0,0,0,0,0,0,0,0,0,0,0,0,0,0,7,0,0,0,0,0,0,0,,,,,,,,,,,,,,,,
1021.457,0,0,0,0,0,0,0,0,12,0,0,0,0,83,29,3,4613,0,0,0,0,13,266,0,0,0,24,0,0,0,0,0,0,0,0,0,35,0,0,446,84,0,0,0,0,0,0,0,0,0,0,0,0,0,0,0,0,0,0,0,7,0,0,0,0,0,0,0,,,,,,,,,,,,,,,,
1021.457,0,0,0,0,0,0,0,0,12,0,0,0,0,83,29,3,4613,0,0,0,0,13,266,0,0,0,24,0,0,0,0,0,0,0,0,0,35,0,0,446,84,0,0,0,0,0,0,0,0,0,0,0,0,0,0,0,0,0,0,0,7,0,0,0,0,0,0,0,,,,,,,,,,,,,,,,
1021.457,0,0,0,0,0,0,0,0,12,0,0,0,0,83,29,3,4613,0,0,0,0,13,266,0,0,0,24,0,0,0,0,0,0,0,0,0,35,0,0,446,84,0,0,0,0,0,0,0,0,0,0,0,0,0,0,0,0,0,0,0,7,0,0,0,0,0,0,0,,,,,,,,,,,,,,,,
1022.027,0,0,0,0,0,0,0,0,12,0,0,0,0,83,29,3,4613,0,0,0,0,13,267,0,0,0,24,0,0,0,0,0,0,0,0,0,35,0,0,446,84,0,0,0,0,0,0,0,0,0,0,0,0,0,0,0,0,0,0,0,7,0,0,0,0,0,0,0,,,,,,,,,,,,,,,,
1022.027,0,0,0,0,0,0,0,0,12,0,0,0,0,83,29,3,4613,0,0,0,0,13,267,0,0,0,24,0,0,0,0,0,0,0,0,0,35,0,0,438,84,0,0,0,0,0,0,0,0,0,0,0,0,0,0,0,0,0,0,0,7,0,0,0,0,0,0,0,,,,,,,,,,,,,,,,
1022.027,0,0,0,0,0,0,0,0,12,0,0,0,0,83,29,3,4613,0,0,0,0,13,267,0,0,0,24,0,0,0,0,0,0,0,0,0,35,0,0,438,84,0,0,0,0,0,0,0,0,0,0,0,0,0,0,0,0,0,0,0,7,0,0,0,0,0,0,0,,,,,,,,,,,,,,,,
1022.597,0,0,0,0,0,0,0,0,12,0,0,0,0,83,29,3,4613,0,0,0,0,13,267,0,0,0,24,0,0,0,0,0,0,0,0,0,35,0,0,438,84,0,0,0,0,0,0,0,0,0,0,0,0,0,0,0,0,0,0,0,7,0,0,0,0,0,0,0,,,,,,,,,,,,,,,,
1022.597,0,0,0,0,0,0,0,0,12,0,0,0,0,83,29,3,4613,0,0,0,0,13,267,0,0,0,24,0,0,0,0,0,0,0,0,0,35,0,0,438,84,0,0,0,0,0,0,0,0,0,0,0,0,0,0,0,0,0,0,0,7,0,0,0,0,0,0,0,,,,,,,,,,,,,,,,
1022.597,0,0,0,0,0,0,0,0,12,0,0,0,0,83,29,3,4613,0,0,0,0,13,267,0,0,0,24,0,0,0,0,0,0,0,0,0,35,0,0,438,84,0,0,0,0,0,0,0,0,0,0,0,0,0,0,0,0,0,0,0,4,0,0,0,0,0,0,0,,,,,,,,,,,,,,,,
1023.167,0,0,0,0,0,0,0,0,12,0,0,0,0,83,29,3,4613,0,0,0,0,13,267,0,0,0,24,0,0,0,0,0,0,0,0,0,35,0,0,438,84,0,0,0,0,0,0,0,0,0,0,0,0,0,0,0,0,0,0,0,4,0,0,0,0,0,0,0,,,,,,,,,,,,,,,,
1023.167,0,0,0,0,0,0,0,0,12,0,0,0,0,83,29,3,4613,0,0,0,0,13,267,0,0,0,24,0,0,0,0,0,0,0,0,0,35,0,0,438,84,0,0,0,0,0,0,0,0,0,0,0,0,0,0,0,0,0,0,0,4,0,0,0,0,0,0,0,,,,,,,,,,,,,,,,
1023.167,0,0,0,0,0,0,0,0,12,0,0,0,0,83,29,3,4613,0,0,0,0,13,267,0,0,0,24,0,0,0,0,0,0,0,0,0,35,0,0,438,84,0,0,0,0,0,0,0,0,0,0,0,0,0,0,0,0,0,0,0,4,0,0,0,0,0,0,0,,,,,,,,,,,,,,,,
1023.167,0,0,0,0,0,0,0,0,12,0,0,0,0,83,29,3,4613,0,0,0,0,13,267,0,0,0,24,0,0,0,0,0,0,0,0,0,35,0,0,438,84,0,0,0,0,0,0,0,0,0,0,0,0,0,0,0,0,0,0,0,4,0,0,0,0,0,0,0,,,,,,,,,,,,,,,,
1023.741,0,0,0,0,0,0,0,0,12,0,0,0,0,83,29,3,4613,0,0,0,0,13,267,0,0,0,24,0,0,0,0,0,0,0,0,0,35,0,0,438,84,0,0,0,0,0,0,0,0,0,0,0,0,0,0,0,0,0,0,0,4,0,0,0,0,0,0,0,,,,,,,,,,,,,,,,
1023.741,0,0,0,0,0,0,0,0,12,0,0,0,0,83,29,3,4613,0,0,0,0,13,267,0,0,0,24,0,0,0,0,0,0,0,0,0,35,0,0,438,84,0,0,0,0,0,0,0,0,0,0,0,0,0,0,0,0,0,0,0,4,0,0,0,0,0,0,0,,,,,,,,,,,,,,,,
1023.741,0,0,0,0,0,0,0,0,12,0,0,0,0,83,29,3,4613,0,0,0,0,13,267,0,0,0,24,0,0,0,0,0,0,0,0,0,35,0,0,438,84,0,0,0,0,0,0,0,0,0,0,0,0,0,0,0,0,0,0,0,4,0,0,0,0,0,0,0,,,,,,,,,,,,,,,,
1024.309,0,0,0,0,0,0,0,0,12,0,0,0,0,83,29,3,4613,0,0,0,0,13,291,0,0,0,24,0,0,0,0,0,0,0,0,0,35,0,0,438,84,0,0,0,0,0,0,0,0,0,0,0,0,0,0,0,0,0,0,0,4,0,0,0,0,0,0,0,,,,,,,,,,,,,,,,
1024.309,0,0,0,0,0,0,0,0,12,0,0,0,0,83,29,3,4613,0,0,0,0,13,291,0,0,0,24,0,0,0,0,0,0,0,0,0,35,0,0,426,84,0,0,0,0,0,0,0,0,0,0,0,0,0,0,0,0,0,0,0,4,0,0,0,0,0,0,0,,,,,,,,,,,,,,,,
1024.309,0,0,0,0,0,0,0,0,12,0,0,0,0,83,29,3,4613,0,0,0,0,13,291,0,0,0,24,0,0,0,0,0,0,0,0,0,62,0,0,426,84,0,0,0,0,0,0,0,0,0,0,0,0,0,0,0,0,0,0,0,4,0,0,0,0,0,0,0,,,,,,,,,,,,,,,,
1025.454,0,0,0,0,0,0,0,0,12,0,0,0,0,83,29,3,4613,0,0,0,0,13,291,0,0,0,22,0,0,0,0,0,0,0,0,0,62,0,0,426,84,0,0,0,0,0,0,0,0,0,0,0,0,0,0,0,0,0,0,0,4,0,0,0,0,0,0,0,,,,,,,,,,,,,,,,
1025.454,0,0,0,0,0,0,0,0,12,0,0,0,0,84,29,3,4613,0,0,0,0,13,291,0,0,0,22,0,0,0,0,0,0,0,0,0,62,0,0,426,84,0,0,0,0,0,0,0,0,0,0,0,0,0,0,0,0,0,0,0,4,0,0,0,0,0,0,0,,,,,,,,,,,,,,,,
1025.454,0,0,0,0,0,0,0,0,12,0,0,0,0,84,29,3,4613,0,0,0,0,13,291,0,0,0,22,0,0,0,0,0,0,0,0,0,62,0,0,426,84,0,0,0,0,0,0,0,0,0,0,0,0,0,0,0,0,0,0,0,4,0,0,0,0,0,0,0,,,,,,,,,,,,,,,,
1026.023,0,0,0,0,0,0,0,0,12,0,0,0,0,84,29,3,4613,0,0,0,0,13,281,0,0,0,22,0,0,0,0,0,0,0,0,0,62,0,0,426,84,0,0,0,0,0,0,0,0,0,0,0,0,0,0,0,0,0,0,0,4,0,0,0,0,0,0,0,,,,,,,,,,,,,,,,
1026.023,0,0,0,0,0,0,0,0,12,0,0,0,0,84,29,3,4613,0,0,0,0,13,281,0,0,0,22,0,0,0,0,0,0,0,0,0,62,0,0,395,84,0,0,0,0,0,0,0,0,0,0,0,0,0,0,0,0,0,0,0,4,0,0,0,0,0,0,0,,,,,,,,,,,,,,,,
1026.023,0,0,0,0,0,0,0,0,12,0,0,0,0,84,29,3,4613,0,0,0,0,13,281,0,0,0,22,0,0,0,0,0,0,0,0,0,50,0,0,395,84,0,0,0,0,0,0,0,0,0,0,0,0,0,0,0,0,0,0,0,4,0,0,0,0,0,0,0,,,,,,,,,,,,,,,,
1026.593,0,0,0,0,0,0,0,0,12,0,0,0,0,84,29,3,4613,0,0,0,0,13,281,0,0,0,22,0,0,0,0,0,0,0,0,0,50,0,0,395,84,0,0,0,0,0,0,0,0,0,0,0,0,0,0,0,0,0,0,0,4,0,0,0,0,0,0,0,,,,,,,,,,,,,,,,
1026.593,0,0,0,0,0,0,0,0,12,0,0,0,0,84,29,3,4613,0,0,0,0,13,281,0,0,0,22,0,0,0,0,0,0,0,0,0,50,0,0,395,84,0,0,0,0,0,0,0,0,0,0,0,0,0,0,0,0,0,0,0,4,0,0,0,0,0,0,0,,,,,,,,,,,,,,,,
1026.593,0,0,0,0,0,0,0,0,12,0,0,0,0,84,29,3,4613,0,0,0,0,13,281,0,0,0,22,0,0,0,0,0,0,0,0,0,50,0,0,395,84,0,0,0,0,0,0,0,0,0,0,0,0,0,0,0,0,0,0,0,3,0,0,0,0,0,0,0,,,,,,,,,,,,,,,,
1027.163,0,0,0,0,0,0,0,0,12,0,0,0,0,84,29,3,4613,0,0,0,0,13,281,0,0,0,22,0,0,0,0,0,0,0,0,0,50,0,0,395,84,0,0,0,0,0,0,0,0,0,0,0,0,0,0,0,0,0,0,0,3,0,0,0,0,0,0,0,,,,,,,,,,,,,,,,
1027.163,0,0,0,0,0,0,0,0,12,0,0,0,0,84,29,3,4613,0,0,0,0,13,281,0,0,0,22,0,0,0,0,0,0,0,0,0,50,0,0,395,84,0,0,0,0,0,0,0,0,0,0,0,0,0,0,0,0,0,0,0,3,0,0,0,0,0,0,0,,,,,,,,,,,,,,,,
1027.163,0,0,0,0,0,0,0,0,12,0,0,0,0,84,29,3,4613,0,0,0,0,13,281,0,0,0,22,0,0,0,0,0,0,0,0,0,50,0,0,395,84,0,0,0,0,0,0,0,0,0,0,0,0,0,0,0,0,0,0,0,3,0,0,0,0,0,0,0,,,,,,,,,,,,,,,,
1027.163,0,0,0,0,0,0,0,0,12,0,0,0,0,84,29,3,3792,0,0,0,0,13,281,0,0,0,22,0,0,0,0,0,0,0,0,0,50,0,0,395,84,0,0,0,0,0,0,0,0,0,0,0,0,0,0,0,0,0,0,0,3,0,0,0,0,0,0,0,,,,,,,,,,,,,,,,
1027.959,0,0,0,0,0,0,0,0,12,0,0,0,0,84,29,3,3792,0,0,0,0,13,284,0,0,0,22,0,0,0,0,0,0,0,0,0,50,0,0,395,84,0,0,0,0,0,0,0,0,0,0,0,0,0,0,0,0,0,0,0,3,0,0,0,0,0,0,0,,,,,,,,,,,,,,,,
1027.959,0,0,0,0,0,0,0,0,12,0,0,0,0,84,29,3,3792,0,0,0,0,13,284,0,0,0,22,0,0,0,0,0,0,0,0,0,50,0,0,420,84,0,0,0,0,0,0,0,0,0,0,0,0,0,0,0,0,0,0,0,3,0,0,0,0,0,0,0,,,,,,,,,,,,,,,,
1027.959,0,0,0,0,0,0,0,0,12,0,0,0,0,84,29,3,3792,0,0,0,0,13,284,0,0,0,22,0,0,0,0,0,0,0,0,0,53,0,0,420,84,0,0,0,0,0,0,0,0,0,0,0,0,0,0,0,0,0,0,0,3,0,0,0,0,0,0,0,,,,,,,,,,,,,,,,
1028.529,0,0,0,0,0,0,0,0,12,0,0,0,0,84,29,3,3792,0,0,0,0,13,284,0,0,0,24,0,0,0,0,0,0,0,0,0,53,0,0,420,84,0,0,0,0,0,0,0,0,0,0,0,0,0,0,0,0,0,0,0,3,0,0,0,0,0,0,0,,,,,,,,,,,,,,,,
1028.529,0,0,0,0,0,0,0,0,12,0,0,0,0,84,29,3,3792,0,0,0,0,13,284,0,0,0,24,0,0,0,0,0,0,0,0,0,53,0,0,420,84,0,0,0,0,0,0,0,0,0,0,0,0,0,0,0,0,0,0,0,3,0,0,0,0,0,0,0,,,,,,,,,,,,,,,,
1028.529,0,0,0,0,0,0,0,0,12,0,0,0,0,84,29,3,3792,0,0,0,0,13,284,0,0,0,24,0,0,0,0,0,0,0,0,0,53,0,0,420,85,0,0,0,0,0,0,0,0,0,0,0,0,0,0,0,0,0,0,0,3,0,0,0,0,0,0,0,,,,,,,,,,,,,,,,
1029.099,0,0,0,0,0,0,0,0,12,0,0,0,0,84,29,3,3792,0,0,0,0,13,284,0,0,0,24,0,0,0,0,0,0,0,0,0,53,0,0,420,85,0,0,0,0,0,0,0,0,0,0,0,0,0,0,0,0,0,0,0,3,0,0,0,0,0,0,0,,,,,,,,,,,,,,,,
1029.099,0,0,0,0,0,0,0,0,12,0,0,0,0,84,29,3,3792,0,0,0,0,13,284,0,0,0,24,0,0,0,0,0,0,0,0,0,53,0,0,420,85,0,0,0,0,0,0,0,0,0,0,0,0,0,0,0,0,0,0,0,3,0,0,0,0,0,0,0,,,,,,,,,,,,,,,,
1029.099,0,0,0,0,0,0,0,0,12,0,0,0,0,84,29,3,3792,0,0,0,0,13,284,0,0,0,24,0,0,0,0,0,0,0,0,0,53,0,0,420,85,0,0,0,0,0,0,0,0,0,0,0,0,0,0,0,0,0,0,0,3,0,0,0,0,0,0,0,,,,,,,,,,,,,,,,
1029.099,0,0,0,0,0,0,0,0,12,0,0,0,0,84,29,3,3792,0,0,0,0,13,284,0,0,0,24,0,0,0,0,0,0,0,0,0,53,0,0,420,85,0,0,0,0,0,0,0,0,0,0,0,0,0,0,0,0,0,0,0,3,0,0,0,0,0,0,0,,,,,,,,,,,,,,,,
1029.958,0,0,0,0,0,0,0,0,12,0,0,0,0,84,29,3,3792,0,0,0,0,13,288,0,0,0,24,0,0,0,0,0,0,0,0,0,53,0,0,420,85,0,0,0,0,0,0,0,0,0,0,0,0,0,0,0,0,0,0,0,3,0,0,0,0,0,0,0,,,,,,,,,,,,,,,,
1029.958,0,0,0,0,0,0,0,0,12,0,0,0,0,84,29,3,3792,0,0,0,0,13,288,0,0,0,24,0,0,0,0,0,0,0,0,0,53,0,0,420,85,0,0,0,0,0,0,0,0,0,0,0,0,0,0,0,0,0,0,0,3,0,0,0,0,0,0,0,,,,,,,,,,,,,,,,
1029.958,0,0,0,0,0,0,0,0,12,0,0,0,0,84,29,3,3792,0,0,0,0,13,288,0,0,0,24,0,0,0,0,0,0,0,0,0,59,0,0,420,85,0,0,0,0,0,0,0,0,0,0,0,0,0,0,0,0,0,0,0,3,0,0,0,0,0,0,0,,,,,,,,,,,,,,,,
1030.525,0,0,0,0,0,0,0,0,12,0,0,0,0,84,29,3,3792,0,0,0,0,13,288,0,0,0,24,0,0,0,0,0,0,0,0,0,59,0,0,420,85,0,0,0,0,0,0,0,0,0,0,0,0,0,0,0,0,0,0,0,3,0,0,0,0,0,0,0,,,,,,,,,,,,,,,,
1030.525,0,0,0,0,0,0,0,0,12,0,0,0,0,84,29,3,3792,0,0,0,0,13,288,0,0,0,24,0,0,0,0,0,0,0,0,0,59,0,0,420,85,0,0,0,0,0,0,0,0,0,0,0,0,0,0,0,0,0,0,0,3,0,0,0,0,0,0,0,,,,,,,,,,,,,,,,
1030.525,0,0,0,0,0,0,0,0,12,0,0,0,0,84,29,3,3792,0,0,0,0,13,288,0,0,0,24,0,0,0,0,0,0,0,0,0,59,0,0,420,85,0,0,0,0,0,0,0,0,0,0,0,0,0,0,0,0,0,0,0,3,0,0,0,0,0,0,0,,,,,,,,,,,,,,,,
1031.098,0,0,0,0,0,0,0,0,12,0,0,0,0,84,29,3,3792,0,0,0,0,13,288,0,0,0,24,0,0,0,0,0,0,0,0,0,59,0,0,420,85,0,0,0,0,0,0,0,0,0,0,0,0,0,0,0,0,0,0,0,3,0,0,0,0,0,0,0,,,,,,,,,,,,,,,,
1031.098,0,0,0,0,0,0,0,0,12,0,0,0,0,84,29,3,3792,0,0,0,0,14,288,0,0,0,24,0,0,0,0,0,0,0,0,0,59,0,0,420,85,0,0,0,0,0,0,0,0,0,0,0,0,0,0,0,0,0,0,0,3,0,0,0,0,0,0,0,,,,,,,,,,,,,,,,
1031.098,0,0,0,0,0,0,0,0,12,0,0,0,0,84,29,3,3792,0,0,0,0,14,288,0,0,0,24,0,0,0,0,0,0,0,0,0,59,0,0,420,85,0,0,0,0,0,0,0,0,0,0,0,0,0,0,0,0,0,0,0,7,0,0,0,0,0,0,0,,,,,,,,,,,,,,,,
1031.954,0,0,0,0,0,0,0,0,12,0,0,0,0,84,29,3,3792,0,0,0,0,14,266,0,0,0,24,0,0,0,0,0,0,0,0,0,59,0,0,420,85,0,0,0,0,0,0,0,0,0,0,0,0,0,0,0,0,0,0,0,7,0,0,0,0,0,0,0,,,,,,,,,,,,,,,,
1031.954,0,0,0,0,0,0,0,0,12,0,0,0,0,84,29,3,3792,0,0,0,0,14,266,0,0,0,24,0,0,0,0,0,0,0,0,0,59,0,0,444,85,0,0,0,0,0,0,0,0,0,0,0,0,0,0,0,0,0,0,0,7,0,0,0,0,0,0,0,,,,,,,,,,,,,,,,
1031.954,0,0,0,0,0,0,0,0,12,0,0,0,0,84,29,3,3792,0,0,0,0,14,266,0,0,0,24,0,0,0,0,0,0,0,0,0,36,0,0,444,85,0,0,0,0,0,0,0,0,0,0,0,0,0,0,0,0,0,0,0,7,0,0,0,0,0,0,0,,,,,,,,,,,,,,,,
1032.521,0,0,0,0,0,0,0,0,12,0,0,0,0,84,29,3,3792,0,0,0,0,14,266,0,0,0,22,0,0,0,0,0,0,0,0,0,36,0,0,444,85,0,0,0,0,0,0,0,0,0,0,0,0,0,0,0,0,0,0,0,7,0,0,0,0,0,0,0,,,,,,,,,,,,,,,,
1032.521,0,0,0,0,0,0,0,0,12,0,0,0,0,84,29,3,3792,0,0,0,0,14,266,0,0,0,22,0,0,0,0,0,0,0,0,0,36,0,0,444,85,0,0,0,0,0,0,0,0,0,0,0,0,0,0,0,0,0,0,0,7,0,0,0,0,0,0,0,,,,,,,,,,,,,,,,
1032.521,0,0,0,0,0,0,0,0,12,0,0,0,0,84,29,3,3792,0,0,0,0,14,266,0,0,0,22,0,0,0,0,0,0,0,0,0,36,0,0,444,85,0,0,0,0,0,0,0,0,0,0,0,0,0,0,0,0,0,0,0,7,0,0,0,0,0,0,0,,,,,,,,,,,,,,,,
1033.092,0,0,0,0,0,0,0,0,12,0,0,0,0,84,29,3,3792,0,0,0,0,14,266,0,0,0,22,0,0,0,0,0,0,0,0,0,36,0,0,444,85,0,0,0,0,0,0,0,0,0,0,0,0,0,0,0,0,0,0,0,7,0,0,0,0,0,0,0,,,,,,,,,,,,,,,,
1033.092,0,0,0,0,0,0,0,0,12,0,0,0,0,84,29,3,3792,0,0,0,0,14,266,0,0,0,22,0,0,0,0,0,0,0,0,0,36,0,0,444,85,0,0,0,0,0,0,0,0,0,0,0,0,0,0,0,0,0,0,0,7,0,0,0,0,0,0,0,,,,,,,,,,,,,,,,
1033.092,0,0,0,0,0,0,0,0,12,0,0,0,0,84,29,3,3792,0,0,0,0,14,266,0,0,0,22,0,0,0,0,0,0,0,0,0,36,0,0,444,85,0,0,0,0,0,0,0,0,0,0,0,0,0,0,0,0,0,0,0,7,0,0,0,0,0,0,0,,,,,,,,,,,,,,,,
1033.092,0,0,0,0,0,0,0,0,12,0,0,0,0,84,29,3,3792,0,0,0,0,14,266,0,0,0,22,0,0,0,0,0,0,0,0,0,36,0,0,444,85,0,0,0,0,0,0,0,0,0,0,0,0,0,0,0,0,0,0,0,7,0,0,0,0,0,0,0,,,,,,,,,,,,,,,,
1033.960,0,0,0,0,0,0,0,0,12,0,0,0,0,84,29,3,3792,0,0,0,0,14,287,0,0,0,22,0,0,0,0,0,0,0,0,0,36,0,0,444,85,0,0,0,0,0,0,0,0,0,0,0,0,0,0,0,0,0,0,0,7,0,0,0,0,0,0,0,,,,,,,,,,,,,,,,
1033.960,0,0,0,0,0,0,0,0,12,0,0,0,0,84,29,3,3792,0,0,0,0,14,287,0,0,0,22,0,0,0,0,0,0,0,0,0,36,0,0,428,85,0,0,0,0,0,0,0,0,0,0,0,0,0,0,0,0,0,0,0,7,0,0,0,0,0,0,0,,,,,,,,,,,,,,,,
1033.960,0,0,0,0,0,0,0,0,12,0,0,0,0,84,29,3,3792,0,0,0,0,14,287,0,0,0,22,0,0,0,0,0,0,0,0,0,56,0,0,428,85,0,0,0,0,0,0,0,0,0,0,0,0,0,0,0,0,0,0,0,7,0,0,0,0,0,0,0,,,,,,,,,,,,,,,,
1034.527,0,0,0,0,0,0,0,0,12,0,0,0,0,84,29,3,3792,0,0,0,0,14,287,0,0,0,24,0,0,0,0,0,0,0,0,0,56,0,0,428,85,0,0,0,0,0,0,0,0,0,0,0,0,0,0,0,0,0,0,0,7,0,0,0,0,0,0,0,,,,,,,,,,,,,,,,
1034.527,0,0,0,0,0,0,0,0,12,0,0,0,0,85,29,3,3792,0,0,0,0,14,287,0,0,0,24,0,0,0,0,0,0,0,0,0,56,0,0,428,85,0,0,0,0,0,0,0,0,0,0,0,0,0,0,0,0,0,0,0,7,0,0,0,0,0,0,0,,,,,,,,,,,,,,,,
1034.527,0,0,0,0,0,0,0,0,12,0,0,0,0,85,29,3,3792,0,0,0,0,14,287,0,0,0,24,0,0,0,0,0,0,0,0,0,56,0,0,428,85,0,0,0,0,0,0,0,0,0,0,0,0,0,0,0,0,0,0,0,7,0,0,0,0,0,0,0,,,,,,,,,,,,,,,,
1035.100,0,0,0,0,0,0,0,0,12,0,0,0,0,85,29,3,3792,0,0,0,0,14,287,0,0,0,24,0,0,0,0,0,0,0,0,0,56,0,0,428,85,0,0,0,0,0,0,0,0,0,0,0,0,0,0,0,0,0,0,0,7,0,0,0,0,0,0,0,,,,,,,,,,,,,,,,
1035.100,0,0,0,0,0,0,0,0,12,0,0,0,0,85,29,3,3792,0,0,0,0,14,287,0,0,0,24,0,0,0,0,0,0,0,0,0,56,0,0,428,85,0,0,0,0,0,0,0,0,0,0,0,0,0,0,0,0,0,0,0,7,0,0,0,0,0,0,0,,,,,,,,,,,,,,,,
1035.100,0,0,0,0,0,0,0,0,12,0,0,0,0,85,29,3,3792,0,0,0,0,14,287,0,0,0,24,0,0,0,0,0,0,0,0,0,56,0,0,428,85,0,0,0,0,0,0,0,0,0,0,0,0,0,0,0,0,0,0,0,9,0,0,0,0,0,0,0,,,,,,,,,,,,,,,,
1035.667,0,0,0,0,0,0,0,0,12,0,0,0,0,85,29,3,3792,0,0,0,0,14,287,0,0,0,24,0,0,0,0,0,0,0,0,0,56,0,0,428,85,0,0,0,0,0,0,0,0,0,0,0,0,0,0,0,0,0,0,0,9,0,0,0,0,0,0,0,,,,,,,,,,,,,,,,
1035.667,0,0,0,0,0,0,0,0,12,0,0,0,0,85,29,3,3792,0,0,0,0,14,287,0,0,0,24,0,0,0,0,0,0,0,0,0,56,0,0,428,85,0,0,0,0,0,0,0,0,0,0,0,0,0,0,0,0,0,0,0,9,0,0,0,0,0,0,0,,,,,,,,,,,,,,,,
1035.667,0,0,0,0,0,0,0,0,12,0,0,0,0,85,29,3,3792,0,0,0,0,14,287,0,0,0,24,0,0,0,0,0,0,0,0,0,56,0,0,428,85,0,0,0,0,0,0,0,0,0,0,0,0,0,0,0,0,0,0,0,9,0,0,0,0,0,0,0,,,,,,,,,,,,,,,,
1035.667,0,0,0,0,0,0,0,0,12,0,0,0,0,85,29,3,6591,0,0,0,0,14,287,0,0,0,24,0,0,0,0,0,0,0,0,0,56,0,0,428,85,0,0,0,0,0,0,0,0,0,0,0,0,0,0,0,0,0,0,0,9,0,0,0,0,0,0,0,,,,,,,,,,,,,,,,
1036.237,0,0,0,0,0,0,0,0,12,0,0,0,0,85,29,3,6591,0,0,0,0,14,282,0,0,0,24,0,0,0,0,0,0,0,0,0,56,0,0,428,85,0,0,0,0,0,0,0,0,0,0,0,0,0,0,0,0,0,0,0,9,0,0,0,0,0,0,0,,,,,,,,,,,,,,,,
1036.237,0,0,0,0,0,0,0,0,12,0,0,0,0,85,29,3,6591,0,0,0,0,14,282,0,0,0,24,0,0,0,0,0,0,0,0,0,56,0,0,426,85,0,0,0,0,0,0,0,0,0,0,0,0,0,0,0,0,0,0,0,9,0,0,0,0,0,0,0,,,,,,,,,,,,,,,,
1036.237,0,0,0,0,0,0,0,0,12,0,0,0,0,85,29,3,6591,0,0,0,0,14,282,0,0,0,24,0,0,0,0,0,0,0,0,0,51,0,0,426,85,0,0,0,0,0,0,0,0,0,0,0,0,0,0,0,0,0,0,0,9,0,0,0,0,0,0,0,,,,,,,,,,,,,,,,
1036.809,0,0,0,0,0,0,0,0,12,0,0,0,0,85,29,3,6591,0,0,0,0,14,282,0,0,0,24,0,0,0,0,0,0,0,0,0,51,0,0,426,85,0,0,0,0,0,0,0,0,0,0,0,0,0,0,0,0,0,0,0,9,0,0,0,0,0,0,0,,,,,,,,,,,,,,,,
1036.809,0,0,0,0,0,0,0,0,12,0,0,0,0,85,29,3,6591,0,0,0,0,14,282,0,0,0,24,0,0,0,0,0,0,0,0,0,51,0,0,426,85,0,0,0,0,0,0,0,0,0,0,0,0,0,0,0,0,0,0,0,9,0,0,0,0,0,0,0,,,,,,,,,,,,,,,,
1036.809,0,0,0,0,0,0,0,0,12,0,0,0,0,85,29,3,6591,0,0,0,0,14,282,0,0,0,24,0,0,0,0,0,0,0,0,0,51,0,0,426,85,0,0,0,0,0,0,0,0,0,0,0,0,0,0,0,0,0,0,0,9,0,0,0,0,0,0,0,,,,,,,,,,,,,,,,
1037.957,0,0,0,0,0,0,0,0,12,0,0,0,0,85,29,3,6591,0,0,0,0,14,282,0,0,0,25,0,0,0,0,0,0,0,0,0,51,0,0,426,85,0,0,0,0,0,0,0,0,0,0,0,0,0,0,0,0,0,0,0,9,0,0,0,0,0,0,0,,,,,,,,,,,,,,,,
1037.957,0,0,0,0,0,0,0,0,12,0,0,0,0,85,29,3,6591,0,0,0,0,14,282,0,0,0,25,0,0,0,0,0,0,0,0,0,51,0,0,426,85,0,0,0,0,0,0,0,0,0,0,0,0,0,0,0,0,0,0,0,9,0,0,0,0,0,0,0,,,,,,,,,,,,,,,,
1037.957,0,0,0,0,0,0,0,0,12,0,0,0,0,85,29,3,6591,0,0,0,0,14,282,0,0,0,25,0,0,0,0,0,0,0,0,0,51,0,0,426,85,0,0,0,0,0,0,0,0,0,0,0,0,0,0,0,0,0,0,0,9,0,0,0,0,0,0,0,,,,,,,,,,,,,,,,
1038.523,0,0,0,0,0,0,0,0,12,0,0,0,0,85,29,3,6591,0,0,0,0,14,282,0,0,0,25,0,0,0,0,0,0,0,0,0,51,0,0,426,85,0,0,0,0,0,0,0,0,0,0,0,0,0,0,0,0,0,0,0,9,0,0,0,0,0,0,0,,,,,,,,,,,,,,,,
1038.523,0,0,0,0,0,0,0,0,12,0,0,0,0,85,29,3,6591,0,0,0,0,15,282,0,0,0,25,0,0,0,0,0,0,0,0,0,51,0,0,426,85,0,0,0,0,0,0,0,0,0,0,0,0,0,0,0,0,0,0,0,9,0,0,0,0,0,0,0,,,,,,,,,,,,,,,,
1038.523,0,0,0,0,0,0,0,0,12,0,0,0,0,85,29,3,6591,0,0,0,0,15,282,0,0,0,25,0,0,0,0,0,0,0,0,0,51,0,0,426,85,0,0,0,0,0,0,0,0,0,0,0,0,0,0,0,0,0,0,0,5,0,0,0,0,0,0,0,,,,,,,,,,,,,,,,
1039.093,0,0,0,0,0,0,0,0,12,0,0,0,0,85,29,3,6591,0,0,0,0,15,282,0,0,0,25,0,0,0,0,0,0,0,0,0,51,0,0,426,85,0,0,0,0,0,0,0,0,0,0,0,0,0,0,0,0,0,0,0,5,0,0,0,0,0,0,0,,,,,,,,,,,,,,,,
1039.093,0,0,0,0,0,0,0,0,12,0,0,0,0,85,29,3,6591,0,0,0,0,15,282,0,0,0,25,0,0,0,0,0,0,0,0,0,51,0,0,426,85,0,0,0,0,0,0,0,0,0,0,0,0,0,0,0,0,0,0,0,5,0,0,0,0,0,0,0,,,,,,,,,,,,,,,,
1039.093,0,0,0,0,0,0,0,0,12,0,0,0,0,85,29,3,6591,0,0,0,0,15,282,0,0,0,25,0,0,0,0,0,0,0,0,0,51,0,0,426,85,0,0,0,0,0,0,0,0,0,0,0,0,0,0,0,0,0,0,0,5,0,0,0,0,0,0,0,,,,,,,,,,,,,,,,
1039.093,0,0,0,0,0,0,0,0,12,0,0,0,0,85,29,3,6591,0,0,0,0,15,282,0,0,0,25,0,0,0,0,0,0,0,0,0,51,0,0,426,85,0,0,0,0,0,0,0,0,0,0,0,0,0,0,0,0,0,0,0,5,0,0,0,0,0,0,0,,,,,,,,,,,,,,,,
1039.663,0,0,0,0,0,0,0,0,12,0,0,0,0,85,29,3,6591,0,0,0,0,15,285,0,0,0,25,0,0,0,0,0,0,0,0,0,51,0,0,426,85,0,0,0,0,0,0,0,0,0,0,0,0,0,0,0,0,0,0,0,5,0,0,0,0,0,0,0,,,,,,,,,,,,,,,,
1039.663,0,0,0,0,0,0,0,0,12,0,0,0,0,85,29,3,6591,0,0,0,0,15,285,0,0,0,25,0,0,0,0,0,0,0,0,0,51,0,0,418,85,0,0,0,0,0,0,0,0,0,0,0,0,0,0,0,0,0,0,0,5,0,0,0,0,0,0,0,,,,,,,,,,,,,,,,
1039.663,0,0,0,0,0,0,0,0,12,0,0,0,0,85,29,3,6591,0,0,0,0,15,285,0,0,0,25,0,0,0,0,0,0,0,0,0,55,0,0,418,85,0,0,0,0,0,0,0,0,0,0,0,0,0,0,0,0,0,0,0,5,0,0,0,0,0,0,0,,,,,,,,,,,,,,,,
1040.235,0,0,0,0,0,0,0,0,12,0,0,0,0,85,29,3,6591,0,0,0,0,15,285,0,0,0,24,0,0,0,0,0,0,0,0,0,55,0,0,418,85,0,0,0,0,0,0,0,0,0,0,0,0,0,0,0,0,0,0,0,5,0,0,0,0,0,0,0,,,,,,,,,,,,,,,,
1040.235,0,0,0,0,0,0,0,0,12,0,0,0,0,85,29,3,6591,0,0,0,0,15,285,0,0,0,24,0,0,0,0,0,0,0,0,0,55,0,0,418,85,0,0,0,0,0,0,0,0,0,0,0,0,0,0,0,0,0,0,0,5,0,0,0,0,0,0,0,,,,,,,,,,,,,,,,
1040.235,0,0,0,0,0,0,0,0,12,0,0,0,0,85,29,3,6591,0,0,0,0,15,285,0,0,0,24,0,0,0,0,0,0,0,0,0,55,0,0,418,85,0,0,0,0,0,0,0,0,0,0,0,0,0,0,0,0,0,0,0,5,0,0,0,0,0,0,0,,,,,,,,,,,,,,,,
1040.959,0,0,0,0,0,0,0,0,12,0,0,0,0,85,29,3,6591,0,0,0,0,15,281,0,0,0,24,0,0,0,0,0,0,0,0,0,55,0,0,418,85,0,0,0,0,0,0,0,0,0,0,0,0,0,0,0,0,0,0,0,5,0,0,0,0,0,0,0,,,,,,,,,,,,,,,,
1040.959,0,0,0,0,0,0,0,0,12,0,0,0,0,85,29,3,6591,0,0,0,0,15,281,0,0,0,24,0,0,0,0,0,0,0,0,0,55,0,0,380,85,0,0,0,0,0,0,0,0,0,0,0,0,0,0,0,0,0,0,0,5,0,0,0,0,0,0,0,,,,,,,,,,,,,,,,
1040.959,0,0,0,0,0,0,0,0,12,0,0,0,0,85,29,3,6591,0,0,0,0,15,281,0,0,0,24,0,0,0,0,0,0,0,0,0,51,0,0,380,85,0,0,0,0,0,0,0,0,0,0,0,0,0,0,0,0,0,0,0,5,0,0,0,0,0,0,0,,,,,,,,,,,,,,,,
1041.959,0,0,0,0,0,0,0,0,12,0,0,0,0,85,29,3,6591,0,0,0,0,15,281,0,0,0,24,0,0,0,0,0,0,0,0,0,51,0,0,380,85,0,0,0,0,0,0,0,0,0,0,0,0,0,0,0,0,0,0,0,5,0,0,0,0,0,0,0,,,,,,,,,,,,,,,,
1041.959,0,0,0,0,0,0,0,0,12,0,0,0,0,85,29,3,6591,0,0,0,0,15,281,0,0,0,24,0,0,0,0,0,0,0,0,0,51,0,0,380,85,0,0,0,0,0,0,0,0,0,0,0,0,0,0,0,0,0,0,0,5,0,0,0,0,0,0,0,,,,,,,,,,,,,,,,
1041.959,0,0,0,0,0,0,0,0,12,0,0,0,0,85,29,3,6591,0,0,0,0,15,281,0,0,0,24,0,0,0,0,0,0,0,0,0,51,0,0,380,85,0,0,0,0,0,0,0,0,0,0,0,0,0,0,0,0,0,0,0,5,0,0,0,0,0,0,0,,,,,,,,,,,,,,,,
1042.525,0,0,0,0,0,0,0,0,12,0,0,0,0,85,29,3,6591,0,0,0,0,15,281,0,0,0,24,0,0,0,0,0,0,0,0,0,51,0,0,380,85,0,0,0,0,0,0,0,0,0,0,0,0,0,0,0,0,0,0,0,5,0,0,0,0,0,0,0,,,,,,,,,,,,,,,,
1042.525,0,0,0,0,0,0,0,0,12,0,0,0,0,85,29,3,6591,0,0,0,0,15,281,0,0,0,24,0,0,0,0,0,0,0,0,0,51,0,0,380,85,0,0,0,0,0,0,0,0,0,0,0,0,0,0,0,0,0,0,0,5,0,0,0,0,0,0,0,,,,,,,,,,,,,,,,
1042.525,0,0,0,0,0,0,0,0,12,0,0,0,0,85,29,3,6591,0,0,0,0,15,281,0,0,0,24,0,0,0,0,0,0,0,0,0,51,0,0,380,85,0,0,0,0,0,0,0,0,0,0,0,0,0,0,0,0,0,0,0,0,0,0,0,0,0,0,0,,,,,,,,,,,,,,,,
1043.095,0,0,0,0,0,0,0,0,12,0,0,0,0,85,29,3,6591,0,0,0,0,15,281,0,0,0,24,0,0,0,0,0,0,0,0,0,51,0,0,380,85,0,0,0,0,0,0,0,0,0,0,0,0,0,0,0,0,0,0,0,0,0,0,0,0,0,0,0,,,,,,,,,,,,,,,,
1043.095,0,0,0,0,0,0,0,0,12,0,0,0,0,85,29,3,6591,0,0,0,0,15,281,0,0,0,24,0,0,0,0,0,0,0,0,0,51,0,0,380,85,0,0,0,0,0,0,0,0,0,0,0,0,0,0,0,0,0,0,0,0,0,0,0,0,0,0,0,,,,,,,,,,,,,,,,
1043.095,0,0,0,0,0,0,0,0,12,0,0,0,0,85,29,3,6591,0,0,0,0,15,281,0,0,0,24,0,0,0,0,0,0,0,0,0,51,0,0,380,85,0,0,0,0,0,0,0,0,0,0,0,0,0,0,0,0,0,0,0,0,0,0,0,0,0,0,0,,,,,,,,,,,,,,,,
1043.095,0,0,0,0,0,0,0,0,12,0,0,0,0,85,29,3,4513,0,0,0,0,15,281,0,0,0,24,0,0,0,0,0,0,0,0,0,51,0,0,380,85,0,0,0,0,0,0,0,0,0,0,0,0,0,0,0,0,0,0,0,0,0,0,0,0,0,0,0,,,,,,,,,,,,,,,,
1043.665,0,0,0,0,0,0,0,0,12,0,0,0,0,85,29,3,4513,0,0,0,0,15,282,0,0,0,24,0,0,0,0,0,0,0,0,0,51,0,0,380,85,0,0,0,0,0,0,0,0,0,0,0,0,0,0,0,0,0,0,0,0,0,0,0,0,0,0,0,,,,,,,,,,,,,,,,
1043.665,0,0,0,0,0,0,0,0,12,0,0,0,0,85,29,3,4513,0,0,0,0,15,282,0,0,0,24,0,0,0,0,0,0,0,0,0,51,0,0,422,85,0,0,0,0,0,0,0,0,0,0,0,0,0,0,0,0,0,0,0,0,0,0,0,0,0,0,0,,,,,,,,,,,,,,,,
1043.665,0,0,0,0,0,0,0,0,12,0,0,0,0,85,29,3,4513,0,0,0,0,15,282,0,0,0,24,0,0,0,0,0,0,0,0,0,49,0,0,422,85,0,0,0,0,0,0,0,0,0,0,0,0,0,0,0,0,0,0,0,0,0,0,0,0,0,0,0,,,,,,,,,,,,,,,,
1044.236,0,0,0,0,0,0,0,0,12,0,0,0,0,85,29,3,4513,0,0,0,0,15,282,0,0,0,24,0,0,0,0,0,0,0,0,0,49,0,0,422,85,0,0,0,0,0,0,0,0,0,0,0,0,0,0,0,0,0,0,0,0,0,0,0,0,0,0,0,,,,,,,,,,,,,,,,
1044.236,0,0,0,0,0,0,0,0,12,0,0,0,0,85,29,3,4513,0,0,0,0,15,282,0,0,0,24,0,0,0,0,0,0,0,0,0,49,0,0,422,85,0,0,0,0,0,0,0,0,0,0,0,0,0,0,0,0,0,0,0,0,0,0,0,0,0,0,0,,,,,,,,,,,,,,,,
1044.236,0,0,0,0,0,0,0,0,12,0,0,0,0,85,29,3,4513,0,0,0,0,15,282,0,0,0,24,0,0,0,0,0,0,0,0,0,49,0,0,422,85,0,0,0,0,0,0,0,0,0,0,0,0,0,0,0,0,0,0,0,0,0,0,0,0,0,0,0,,,,,,,,,,,,,,,,
1044.236,0,0,0,0,0,0,0,0,12,0,0,0,0,85,29,3,4513,0,0,0,0,15,282,0,0,0,24,0,0,0,0,0,0,0,0,0,49,0,0,422,85,0,0,0,0,0,0,0,0,0,0,0,0,0,0,0,0,0,0,0,0,0,0,0,0,0,0,0,,,,,,,,,,,,,,,,
1044.809,0,0,0,0,0,0,0,0,12,0,0,0,0,85,29,3,4513,0,0,0,0,15,282,0,0,0,23,0,0,0,0,0,0,0,0,0,49,0,0,422,85,0,0,0,0,0,0,0,0,0,0,0,0,0,0,0,0,0,0,0,0,0,0,0,0,0,0,0,,,,,,,,,,,,,,,,
1044.809,0,0,0,0,0,0,0,0,12,0,0,0,0,85,29,3,4513,0,0,0,0,15,282,0,0,0,23,0,0,0,0,0,0,0,0,0,49,0,0,422,85,0,0,0,0,0,0,0,0,0,0,0,0,0,0,0,0,0,0,0,0,0,0,0,0,0,0,0,,,,,,,,,,,,,,,,
1044.809,0,0,0,0,0,0,0,0,12,0,0,0,0,85,29,3,4513,0,0,0,0,15,282,0,0,0,23,0,0,0,0,0,0,0,0,0,49,0,0,422,86,0,0,0,0,0,0,0,0,0,0,0,0,0,0,0,0,0,0,0,0,0,0,0,0,0,0,0,,,,,,,,,,,,,,,,
1045.375,0,0,0,0,0,0,0,0,12,0,0,0,0,85,29,3,4513,0,0,0,0,15,269,0,0,0,23,0,0,0,0,0,0,0,0,0,49,0,0,422,86,0,0,0,0,0,0,0,0,0,0,0,0,0,0,0,0,0,0,0,0,0,0,0,0,0,0,0,,,,,,,,,,,,,,,,
1045.375,0,0,0,0,0,0,0,0,12,0,0,0,0,85,29,3,4513,0,0,0,0,15,269,0,0,0,23,0,0,0,0,0,0,0,0,0,49,0,0,445,86,0,0,0,0,0,0,0,0,0,0,0,0,0,0,0,0,0,0,0,0,0,0,0,0,0,0,0,,,,,,,,,,,,,,,,
1045.375,0,0,0,0,0,0,0,0,12,0,0,0,0,85,29,3,4513,0,0,0,0,15,269,0,0,0,23,0,0,0,0,0,0,0,0,0,36,0,0,445,86,0,0,0,0,0,0,0,0,0,0,0,0,0,0,0,0,0,0,0,0,0,0,0,0,0,0,0,,,,,,,,,,,,,,,,
1045.953,0,0,0,0,0,0,0,0,12,0,0,0,0,85,29,3,4513,0,0,0,0,15,269,0,0,0,23,0,0,0,0,0,0,0,0,0,36,0,0,445,86,0,0,0,0,0,0,0,0,0,0,0,0,0,0,0,0,0,0,0,0,0,0,0,0,0,0,0,,,,,,,,,,,,,,,,
1045.953,0,0,0,0,0,0,0,0,12,0,0,0,0,86,29,3,4513,0,0,0,0,15,269,0,0,0,23,0,0,0,0,0,0,0,0,0,36,0,0,445,86,0,0,0,0,0,0,0,0,0,0,0,0,0,0,0,0,0,0,0,0,0,0,0,0,0,0,0,,,,,,,,,,,,,,,,
1045.953,0,0,0,0,0,0,0,0,12,0,0,0,0,86,29,3,4513,0,0,0,0,15,269,0,0,0,23,0,0,0,0,0,0,0,0,0,36,0,0,445,86,0,0,0,0,0,0,0,0,0,0,0,0,0,0,0,0,0,0,0,0,0,0,0,0,0,0,0,,,,,,,,,,,,,,,,
1046.521,0,0,0,0,0,0,0,0,12,0,0,0,0,86,29,3,4513,0,0,0,0,15,269,0,0,0,23,0,0,0,1,0,0,0,0,0,36,0,0,445,86,0,0,0,0,0,0,0,0,0,0,0,0,0,0,0,0,0,0,0,0,0,0,0,0,0,0,0,,,,,,,,,,,,,,,,
1046.521,0,0,0,0,0,0,0,0,12,0,0,0,0,86,29,3,4513,0,0,0,0,15,269,0,0,0,23,0,0,0,1,0,0,0,0,0,36,0,0,445,86,0,0,0,0,0,0,0,0,0,0,0,0,0,0,0,0,0,0,0,0,0,0,0,0,0,0,0,,,,,,,,,,,,,,,,
1046.521,0,0,0,0,0,0,0,0,12,0,0,0,0,86,29,3,4513,0,0,0,0,15,269,0,0,0,23,0,0,0,1,0,0,0,0,0,36,0,0,445,86,0,0,0,0,0,0,0,0,0,0,0,0,0,0,0,0,0,0,0,13,0,0,0,0,0,0,0,,,,,,,,,,,,,,,,
1047.093,0,0,0,0,0,0,0,0,12,0,0,0,0,86,29,3,4513,0,0,0,0,15,289,0,0,0,23,0,0,0,1,0,0,0,0,0,36,0,0,445,86,0,0,0,0,0,0,0,0,0,0,0,0,0,0,0,0,0,0,0,13,0,0,0,0,0,0,0,,,,,,,,,,,,,,,,
1047.093,0,0,0,0,0,0,0,0,12,0,0,0,0,86,29,3,4513,0,0,0,0,15,289,0,0,0,23,0,0,0,1,0,0,0,0,0,36,0,0,425,86,0,0,0,0,0,0,0,0,0,0,0,0,0,0,0,0,0,0,0,13,0,0,0,0,0,0,0,,,,,,,,,,,,,,,,
1047.093,0,0,0,0,0,0,0,0,12,0,0,0,0,86,29,3,4513,0,0,0,0,15,289,0,0,0,23,0,0,0,1,0,0,0,0,0,58,0,0,425,86,0,0,0,0,0,0,0,0,0,0,0,0,0,0,0,0,0,0,0,13,0,0,0,0,0,0,0,,,,,,,,,,,,,,,,
1047.960,0,0,0,0,0,0,0,0,12,0,0,0,0,86,29,3,4513,0,0,0,0,15,289,0,0,0,23,0,0,0,1,0,0,0,0,0,58,0,0,425,86,0,0,0,0,0,0,0,0,0,0,0,0,0,0,0,0,0,0,0,13,0,0,0,0,0,0,0,,,,,,,,,,,,,,,,
1047.960,0,0,0,0,0,0,0,0,12,0,0,0,0,86,29,3,4513,0,0,0,0,15,289,0,0,0,23,0,0,0,1,0,0,0,0,0,58,0,0,425,86,0,0,0,0,0,0,0,0,0,0,0,0,0,0,0,0,0,0,0,13,0,0,0,0,0,0,0,,,,,,,,,,,,,,,,
1047.960,0,0,0,0,0,0,0,0,12,0,0,0,0,86,29,3,4513,0,0,0,0,15,289,0,0,0,23,0,0,0,1,0,0,0,0,0,58,0,0,425,86,0,0,0,0,0,0,0,0,0,0,0,0,0,0,0,0,0,0,0,13,0,0,0,0,0,0,0,,,,,,,,,,,,,,,,
1048.527,0,0,0,0,0,0,0,0,12,0,0,0,0,86,29,3,4513,0,0,0,0,15,289,0,0,0,23,0,0,0,1,0,0,0,0,0,58,0,0,425,86,0,0,0,0,0,0,0,0,0,0,0,0,0,0,0,0,0,0,0,13,0,0,0,0,0,0,0,,,,,,,,,,,,,,,,
1048.527,0,0,0,0,0,0,0,0,12,0,0,0,0,86,29,3,4513,0,0,0,0,15,289,0,0,0,23,0,0,0,1,0,0,0,0,0,58,0,0,425,86,0,0,0,0,0,0,0,0,0,0,0,0,0,0,0,0,0,0,0,13,0,0,0,0,0,0,0,,,,,,,,,,,,,,,,
1048.527,0,0,0,0,0,0,0,0,12,0,0,0,0,86,29,3,4513,0,0,0,0,15,289,0,0,0,23,0,0,0,1,0,0,0,0,0,58,0,0,425,86,0,0,0,0,0,0,0,0,0,0,0,0,0,0,0,0,0,0,0,13,0,0,0,0,0,0,0,,,,,,,,,,,,,,,,
1048.527,0,0,0,0,0,0,0,0,12,0,0,0,0,86,29,3,4513,0,0,0,0,15,289,0,0,0,23,0,0,0,1,0,0,0,0,0,58,0,0,425,86,0,0,0,0,0,0,0,0,0,0,0,0,0,0,0,0,0,0,0,13,0,0,0,0,0,0,0,,,,,,,,,,,,,,,,
1049.100,0,0,0,0,0,0,0,0,12,0,0,0,0,86,29,3,4513,0,0,0,0,15,293,0,0,0,23,0,0,0,1,0,0,0,0,0,58,0,0,425,86,0,0,0,0,0,0,0,0,0,0,0,0,0,0,0,0,0,0,0,13,0,0,0,0,0,0,0,,,,,,,,,,,,,,,,
1049.100,0,0,0,0,0,0,0,0,12,0,0,0,0,86,29,3,4513,0,0,0,0,15,293,0,0,0,23,0,0,0,1,0,0,0,0,0,58,0,0,419,86,0,0,0,0,0,0,0,0,0,0,0,0,0,0,0,0,0,0,0,13,0,0,0,0,0,0,0,,,,,,,,,,,,,,,,
1049.100,0,0,0,0,0,0,0,0,12,0,0,0,0,86,29,3,4513,0,0,0,0,15,293,0,0,0,23,0,0,0,1,0,0,0,0,0,64,0,0,419,86,0,0,0,0,0,0,0,0,0,0,0,0,0,0,0,0,0,0,0,13,0,0,0,0,0,0,0,,,,,,,,,,,,,,,,
1049.953,0,0,0,0,0,0,0,0,12,0,0,0,0,86,29,3,4513,0,0,0,0,15,293,0,0,0,23,0,0,0,1,0,0,0,0,0,64,0,0,419,86,0,0,0,0,0,0,0,0,0,0,0,0,0,0,0,0,0,0,0,13,0,0,0,0,0,0,0,,,,,,,,,,,,,,,,
1049.953,0,0,0,0,0,0,0,0,12,0,0,0,0,86,29,3,4513,0,0,0,0,15,293,0,0,0,23,0,0,0,1,0,0,0,0,0,64,0,0,419,86,0,0,0,0,0,0,0,0,0,0,0,0,0,0,0,0,0,0,0,13,0,0,0,0,0,0,0,,,,,,,,,,,,,,,,
1049.953,0,0,0,0,0,0,0,0,12,0,0,0,0,86,29,3,4513,0,0,0,0,15,293,0,0,0,23,0,0,0,1,0,0,0,0,0,64,0,0,419,86,0,0,0,0,0,0,0,0,0,0,0,0,0,0,0,0,0,0,0,13,0,0,0,0,0,0,0,,,,,,,,,,,,,,,,
1050.523,0,0,0,0,0,0,0,0,12,0,0,0,0,86,29,3,4513,0,0,0,0,15,293,0,0,0,23,0,0,0,1,0,0,0,0,0,64,0,0,419,86,0,0,0,0,0,0,0,0,0,0,0,0,0,0,0,0,0,0,0,13,0,0,0,0,0,0,0,,,,,,,,,,,,,,,,
1050.523,0,0,0,0,0,0,0,0,12,0,0,0,0,86,29,3,4513,0,0,0,0,15,293,0,0,0,23,0,0,0,1,0,0,0,0,0,64,0,0,419,86,0,0,0,0,0,0,0,0,0,0,0,0,0,0,0,0,0,0,0,13,0,0,0,0,0,0,0,,,,,,,,,,,,,,,,
1050.523,0,0,0,0,0,0,0,0,12,0,0,0,0,86,29,3,4513,0,0,0,0,15,293,0,0,0,23,0,0,0,1,0,0,0,0,0,64,0,0,419,86,0,0,0,0,0,0,0,0,0,0,0,0,0,0,0,0,0,0,0,13,0,0,0,0,0,0,0,,,,,,,,,,,,,,,,
1050.523,0,0,0,0,0,0,0,0,12,0,0,0,0,86,29,3,6157,0,0,0,0,15,293,0,0,0,23,0,0,0,1,0,0,0,0,0,64,0,0,419,86,0,0,0,0,0,0,0,0,0,0,0,0,0,0,0,0,0,0,0,13,0,0,0,0,0,0,0,,,,,,,,,,,,,,,,
1051.093,0,0,0,0,0,0,0,0,12,0,0,0,0,86,29,3,6157,0,0,0,0,15,288,0,0,0,23,0,0,0,1,0,0,0,0,0,64,0,0,419,86,0,0,0,0,0,0,0,0,0,0,0,0,0,0,0,0,0,0,0,13,0,0,0,0,0,0,0,,,,,,,,,,,,,,,,
1051.093,0,0,0,0,0,0,0,0,12,0,0,0,0,86,29,3,6157,0,0,0,0,15,288,0,0,0,23,0,0,0,1,0,0,0,0,0,64,0,0,419,86,0,0,0,0,0,0,0,0,0,0,0,0,0,0,0,0,0,0,0,13,0,0,0,0,0,0,0,,,,,,,,,,,,,,,,
1051.093,0,0,0,0,0,0,0,0,12,0,0,0,0,86,29,3,6157,0,0,0,0,15,288,0,0,0,23,0,0,0,1,0,0,0,0,0,57,0,0,419,86,0,0,0,0,0,0,0,0,0,0,0,0,0,0,0,0,0,0,0,13,0,0,0,0,0,0,0,,,,,,,,,,,,,,,,
1051.663,0,0,0,0,0,0,0,0,12,0,0,0,0,86,29,3,6157,0,0,0,0,15,288,0,0,0,23,0,0,0,0,0,0,0,0,0,57,0,0,419,86,0,0,0,0,0,0,0,0,0,0,0,0,0,0,0,0,0,0,0,13,0,0,0,0,0,0,0,,,,,,,,,,,,,,,,
1051.663,0,0,0,0,0,0,0,0,12,0,0,0,0,86,29,3,6157,0,0,0,0,16,288,0,0,0,23,0,0,0,0,0,0,0,0,0,57,0,0,419,86,0,0,0,0,0,0,0,0,0,0,0,0,0,0,0,0,0,0,0,13,0,0,0,0,0,0,0,,,,,,,,,,,,,,,,
1051.663,0,0,0,0,0,0,0,0,12,0,0,0,0,86,29,3,6157,0,0,0,0,16,288,0,0,0,23,0,0,0,0,0,0,0,0,0,57,0,0,419,86,0,0,0,0,0,0,0,0,0,0,0,0,0,0,0,0,0,0,0,10,0,0,0,0,0,0,0,,,,,,,,,,,,,,,,
1052.235,0,0,0,0,0,0,0,0,12,0,0,0,0,86,29,3,6157,0,0,0,0,16,288,0,0,0,24,0,0,0,0,0,0,0,0,0,57,0,0,419,86,0,0,0,0,0,0,0,0,0,0,0,0,0,0,0,0,0,0,0,10,0,0,0,0,0,0,0,,,,,,,,,,,,,,,,
1052.235,0,0,0,0,0,0,0,0,12,0,0,0,0,86,29,3,6157,0,0,0,0,16,288,0,0,0,24,0,0,0,0,0,0,0,0,0,57,0,0,419,86,0,0,0,0,0,0,0,0,0,0,0,0,0,0,0,0,0,0,0,10,0,0,0,0,0,0,0,,,,,,,,,,,,,,,,
1052.235,0,0,0,0,0,0,0,0,12,0,0,0,0,86,29,3,6157,0,0,0,0,16,288,0,0,0,24,0,0,0,0,0,0,0,0,0,57,0,0,419,86,0,0,0,0,0,0,0,0,0,0,0,0,0,0,0,0,0,0,0,10,0,0,0,0,0,0,0,,,,,,,,,,,,,,,,
1052.961,0,0,0,0,0,0,0,0,12,0,0,0,0,86,29,3,6157,0,0,0,0,16,278,0,0,0,24,0,0,0,0,0,0,0,0,0,57,0,0,419,86,0,0,0,0,0,0,0,0,0,0,0,0,0,0,0,0,0,0,0,10,0,0,0,0,0,0,0,,,,,,,,,,,,,,,,
1052.961,0,0,0,0,0,0,0,0,12,0,0,0,0,86,29,3,6157,0,0,0,0,16,278,0,0,0,24,0,0,0,0,0,0,0,0,0,57,0,0,455,86,0,0,0,0,0,0,0,0,0,0,0,0,0,0,0,0,0,0,0,10,0,0,0,0,0,0,0,,,,,,,,,,,,,,,,
1052.961,0,0,0,0,0,0,0,0,12,0,0,0,0,86,29,3,6157,0,0,0,0,16,278,0,0,0,24,0,0,0,0,0,0,0,0,0,50,0,0,455,86,0,0,0,0,0,0,0,0,0,0,0,0,0,0,0,0,0,0,0,10,0,0,0,0,0,0,0,,,,,,,,,,,,,,,,
1053.529,0,0,0,0,0,0,0,0,12,0,0,0,0,86,29,3,6157,0,0,0,0,16,278,0,0,0,24,0,0,0,0,0,0,0,0,0,50,0,0,455,86,0,0,0,0,0,0,0,0,0,0,0,0,0,0,0,0,0,0,0,10,0,0,0,0,0,0,0,,,,,,,,,,,,,,,,
1053.529,0,0,0,0,0,0,0,0,12,0,0,0,0,86,29,3,6157,0,0,0,0,16,278,0,0,0,24,0,0,0,0,0,0,0,0,0,50,0,0,455,86,0,0,0,0,0,0,0,0,0,0,0,0,0,0,0,0,0,0,0,10,0,0,0,0,0,0,0,,,,,,,,,,,,,,,,
1053.529,0,0,0,0,0,0,0,0,12,0,0,0,0,86,29,3,6157,0,0,0,0,16,278,0,0,0,24,0,0,0,0,0,0,0,0,0,50,0,0,455,86,0,0,0,0,0,0,0,0,0,0,0,0,0,0,0,0,0,0,0,10,0,0,0,0,0,0,0,,,,,,,,,,,,,,,,
1053.529,0,0,0,0,0,0,0,0,12,0,0,0,0,86,29,3,6157,0,0,0,0,16,278,0,0,0,24,0,0,0,0,0,0,0,0,0,50,0,0,455,86,0,0,0,0,0,0,0,0,0,0,0,0,0,0,0,0,0,0,0,10,0,0,0,0,0,0,0,,,,,,,,,,,,,,,,
1054.099,0,0,0,0,0,0,0,0,12,0,0,0,0,86,29,3,6157,0,0,0,0,16,278,0,0,0,25,0,0,0,0,0,0,0,0,0,50,0,0,455,86,0,0,0,0,0,0,0,0,0,0,0,0,0,0,0,0,0,0,0,10,0,0,0,0,0,0,0,,,,,,,,,,,,,,,,
1054.099,0,0,0,0,0,0,0,0,12,0,0,0,0,86,29,3,6157,0,0,0,0,16,278,0,0,0,25,0,0,0,0,0,0,0,0,0,50,0,0,455,86,0,0,0,0,0,0,0,0,0,0,0,0,0,0,0,0,0,0,0,10,0,0,0,0,0,0,0,,,,,,,,,,,,,,,,
1054.099,0,0,0,0,0,0,0,0,12,0,0,0,0,86,29,3,6157,0,0,0,0,16,278,0,0,0,25,0,0,0,0,0,0,0,0,0,50,0,0,455,86,0,0,0,0,0,0,0,0,0,0,0,0,0,0,0,0,0,0,0,10,0,0,0,0,0,0,0,,,,,,,,,,,,,,,,
1054.955,0,0,0,0,0,0,0,0,12,0,0,0,0,86,29,3,6157,0,0,0,0,16,265,0,0,0,25,0,0,0,0,0,0,0,0,0,50,0,0,455,86,0,0,0,0,0,0,0,0,0,0,0,0,0,0,0,0,0,0,0,10,0,0,0,0,0,0,0,,,,,,,,,,,,,,,,
1054.955,0,0,0,0,0,0,0,0,12,0,0,0,0,86,29,3,6157,0,0,0,0,16,265,0,0,0,25,0,0,0,0,0,0,0,0,0,50,0,0,440,86,0,0,0,0,0,0,0,0,0,0,0,0,0,0,0,0,0,0,0,10,0,0,0,0,0,0,0,,,,,,,,,,,,,,,,
1054.955,0,0,0,0,0,0,0,0,12,0,0,0,0,86,29,3,6157,0,0,0,0,16,265,0,0,0,25,0,0,0,0,0,0,0,0,0,34,0,0,440,86,0,0,0,0,0,0,0,0,0,0,0,0,0,0,0,0,0,0,0,10,0,0,0,0,0,0,0,,,,,,,,,,,,,,,,
1055.525,0,0,0,0,0,0,0,0,12,0,0,0,0,86,29,3,6157,0,0,0,0,16,265,0,0,0,25,0,0,0,0,0,0,0,0,0,34,0,0,440,86,0,0,0,0,0,0,0,0,0,0,0,0,0,0,0,0,0,0,0,10,0,0,0,0,0,0,0,,,,,,,,,,,,,,,,
1055.525,0,0,0,0,0,0,0,0,12,0,0,0,0,86,29,3,6157,0,0,0,0,16,265,0,0,0,25,0,0,0,0,0,0,0,0,0,34,0,0,440,86,0,0,0,0,0,0,0,0,0,0,0,0,0,0,0,0,0,0,0,10,0,0,0,0,0,0,0,,,,,,,,,,,,,,,,
1055.525,0,0,0,0,0,0,0,0,12,0,0,0,0,86,29,3,6157,0,0,0,0,16,265,0,0,0,25,0,0,0,0,0,0,0,0,0,34,0,0,440,86,0,0,0,0,0,0,0,0,0,0,0,0,0,0,0,0,0,0,0,2,0,0,0,0,0,0,0,,,,,,,,,,,,,,,,
1056.098,0,0,0,0,0,0,0,0,12,0,0,0,0,86,29,3,6157,0,0,0,0,16,265,0,0,0,23,0,0,0,0,0,0,0,0,0,34,0,0,440,86,0,0,0,0,0,0,0,0,0,0,0,0,0,0,0,0,0,0,0,2,0,0,0,0,0,0,0,,,,,,,,,,,,,,,,
1056.099,0,0,0,0,0,0,0,0,12,0,0,0,0,86,29,3,6157,0,0,0,0,16,265,0,0,0,23,0,0,0,0,0,0,0,0,0,34,0,0,440,86,0,0,0,0,0,0,0,0,0,0,0,0,0,0,0,0,0,0,0,2,0,0,0,0,0,0,0,,,,,,,,,,,,,,,,
1056.099,0,0,0,0,0,0,0,0,12,0,0,0,0,86,29,3,6157,0,0,0,0,16,265,0,0,0,23,0,0,0,0,0,0,0,0,0,34,0,0,440,86,0,0,0,0,0,0,0,0,0,0,0,0,0,0,0,0,0,0,0,2,0,0,0,0,0,0,0,,,,,,,,,,,,,,,,
1056.955,0,0,0,0,0,0,0,0,12,0,0,0,0,86,29,3,6157,0,0,0,0,16,260,0,0,0,23,0,0,0,0,0,0,0,0,0,34,0,0,440,86,0,0,0,0,0,0,0,0,0,0,0,0,0,0,0,0,0,0,0,2,0,0,0,0,0,0,0,,,,,,,,,,,,,,,,
1056.955,0,0,0,0,0,0,0,0,12,0,0,0,0,86,29,3,6157,0,0,0,0,16,260,0,0,0,23,0,0,0,0,0,0,0,0,0,34,0,0,457,86,0,0,0,0,0,0,0,0,0,0,0,0,0,0,0,0,0,0,0,2,0,0,0,0,0,0,0,,,,,,,,,,,,,,,,
1056.955,0,0,0,0,0,0,0,0,12,0,0,0,0,86,29,3,6157,0,0,0,0,16,260,0,0,0,23,0,0,0,0,0,0,0,0,0,30,0,0,457,86,0,0,0,0,0,0,0,0,0,0,0,0,0,0,0,0,0,0,0,2,0,0,0,0,0,0,0,,,,,,,,,,,,,,,,
1057.957,0,0,0,0,0,0,0,0,12,0,0,0,0,86,29,3,6157,0,0,0,0,16,260,0,0,0,25,0,0,0,0,0,0,0,0,0,30,0,0,457,86,0,0,0,0,0,0,0,0,0,0,0,0,0,0,0,0,0,0,0,2,0,0,0,0,0,0,0,,,,,,,,,,,,,,,,
1057.957,0,0,0,0,0,0,0,0,12,0,0,0,0,87,29,3,6157,0,0,0,0,16,260,0,0,0,25,0,0,0,0,0,0,0,0,0,30,0,0,457,86,0,0,0,0,0,0,0,0,0,0,0,0,0,0,0,0,0,0,0,2,0,0,0,0,0,0,0,,,,,,,,,,,,,,,,
1057.957,0,0,0,0,0,0,0,0,12,0,0,0,0,87,29,3,6157,0,0,0,0,16,260,0,0,0,25,0,0,0,0,0,0,0,0,0,30,0,0,457,86,0,0,0,0,0,0,0,0,0,0,0,0,0,0,0,0,0,0,0,2,0,0,0,0,0,0,0,,,,,,,,,,,,,,,,
1058.527,0,0,0,0,0,0,0,0,12,0,0,0,0,87,29,3,6157,0,0,0,0,16,260,0,0,0,25,0,0,0,0,0,0,0,0,0,30,0,0,457,86,0,0,0,0,0,0,0,0,0,0,0,0,0,0,0,0,0,0,0,2,0,0,0,0,0,0,0,,,,,,,,,,,,,,,,
1058.527,0,0,0,0,0,0,0,0,12,0,0,0,0,87,29,3,6157,0,0,0,0,16,260,0,0,0,25,0,0,0,0,0,0,0,0,0,30,0,0,457,86,0,0,0,0,0,0,0,0,0,0,0,0,0,0,0,0,0,0,0,2,0,0,0,0,0,0,0,,,,,,,,,,,,,,,,
1058.527,0,0,0,0,0,0,0,0,12,0,0,0,0,87,29,3,6157,0,0,0,0,16,260,0,0,0,25,0,0,0,0,0,0,0,0,0,30,0,0,457,86,0,0,0,0,0,0,0,0,0,0,0,0,0,0,0,0,0,0,0,2,0,0,0,0,0,0,0,,,,,,,,,,,,,,,,
1058.527,0,0,0,0,0,0,0,0,12,0,0,0,0,87,29,3,6157,0,0,0,0,16,260,0,0,0,25,0,0,0,0,0,0,0,0,0,30,0,0,457,86,0,0,0,0,0,0,0,0,0,0,0,0,0,0,0,0,0,0,0,2,0,0,0,0,0,0,0,,,,,,,,,,,,,,,,
1059.099,0,0,0,0,0,0,0,0,12,0,0,0,0,87,29,3,6157,0,0,0,0,16,260,0,0,0,25,0,0,0,0,0,0,0,0,0,30,0,0,457,86,0,0,0,0,0,0,0,0,0,0,0,0,0,0,0,0,0,0,0,2,0,0,0,0,0,0,0,,,,,,,,,,,,,,,,
1059.099,0,0,0,0,0,0,0,0,12,0,0,0,0,87,29,3,6157,0,0,0,0,16,260,0,0,0,25,0,0,0,0,0,0,0,0,0,30,0,0,457,86,0,0,0,0,0,0,0,0,0,0,0,0,0,0,0,0,0,0,0,2,0,0,0,0,0,0,0,,,,,,,,,,,,,,,,
1059.099,0,0,0,0,0,0,0,0,12,0,0,0,0,87,29,3,6157,0,0,0,0,16,260,0,0,0,25,0,0,0,0,0,0,0,0,0,30,0,0,457,86,0,0,0,0,0,0,0,0,0,0,0,0,0,0,0,0,0,0,0,2,0,0,0,0,0,0,0,,,,,,,,,,,,,,,,
1059.099,0,0,0,0,0,0,0,0,12,0,0,0,0,87,29,3,4855,0,0,0,0,16,260,0,0,0,25,0,0,0,0,0,0,0,0,0,30,0,0,457,86,0,0,0,0,0,0,0,0,0,0,0,0,0,0,0,0,0,0,0,2,0,0,0,0,0,0,0,,,,,,,,,,,,,,,,
1059.667,0,0,0,0,0,0,0,0,12,0,0,0,0,87,29,3,4855,0,0,0,0,16,275,0,0,0,25,0,0,0,0,0,0,0,0,0,30,0,0,457,86,0,0,0,0,0,0,0,0,0,0,0,0,0,0,0,0,0,0,0,2,0,0,0,0,0,0,0,,,,,,,,,,,,,,,,
1059.667,0,0,0,0,0,0,0,0,12,0,0,0,0,87,29,3,4855,0,0,0,0,16,275,0,0,0,25,0,0,0,0,0,0,0,0,0,30,0,0,436,86,0,0,0,0,0,0,0,0,0,0,0,0,0,0,0,0,0,0,0,2,0,0,0,0,0,0,0,,,,,,,,,,,,,,,,
1059.667,0,0,0,0,0,0,0,0,12,0,0,0,0,87,29,3,4855,0,0,0,0,16,275,0,0,0,25,0,0,0,0,0,0,0,0,0,44,0,0,436,86,0,0,0,0,0,0,0,0,0,0,0,0,0,0,0,0,0,0,0,2,0,0,0,0,0,0,0,,,,,,,,,,,,,,,,
1060.237,0,0,0,0,0,0,0,0,12,0,0,0,0,87,29,3,4855,0,0,0,0,16,275,0,0,0,25,0,0,0,0,0,0,0,0,0,44,0,0,436,86,0,0,0,0,0,0,0,0,0,0,0,0,0,0,0,0,0,0,0,2,0,0,0,0,0,0,0,,,,,,,,,,,,,,,,
1060.237,0,0,0,0,0,0,0,0,12,0,0,0,0,87,29,3,4855,0,0,0,0,17,275,0,0,0,25,0,0,0,0,0,0,0,0,0,44,0,0,436,86,0,0,0,0,0,0,0,0,0,0,0,0,0,0,0,0,0,0,0,2,0,0,0,0,0,0,0,,,,,,,,,,,,,,,,
1060.237,0,0,0,0,0,0,0,0,12,0,0,0,0,87,29,3,4855,0,0,0,0,17,275,0,0,0,25,0,0,0,0,0,0,0,0,0,44,0,0,436,86,0,0,0,0,0,0,0,0,0,0,0,0,0,0,0,0,0,0,0,10,0,0,0,0,0,0,0,,,,,,,,,,,,,,,,
1060.810,0,0,0,0,0,0,0,0,12,0,0,0,0,87,29,3,4855,0,0,0,0,17,275,0,0,0,25,0,0,0,0,0,0,0,0,0,44,0,0,436,86,0,0,0,0,0,0,0,0,0,0,0,0,0,0,0,0,0,0,0,10,0,0,0,0,0,0,0,,,,,,,,,,,,,,,,
1060.810,0,0,0,0,0,0,0,0,12,0,0,0,0,87,29,3,4855,0,0,0,0,17,275,0,0,0,25,0,0,0,0,0,0,0,0,0,44,0,0,436,86,0,0,0,0,0,0,0,0,0,0,0,0,0,0,0,0,0,0,0,10,0,0,0,0,0,0,0,,,,,,,,,,,,,,,,
1060.810,0,0,0,0,0,0,0,0,12,0,0,0,0,87,29,3,4855,0,0,0,0,17,275,0,0,0,25,0,0,0,0,0,0,0,0,0,44,0,0,436,86,0,0,0,0,0,0,0,0,0,0,0,0,0,0,0,0,0,0,0,10,0,0,0,0,0,0,0,,,,,,,,,,,,,,,,
1061.377,0,0,0,0,0,0,0,0,12,0,0,0,0,87,29,3,4855,0,0,0,0,17,289,0,0,0,25,0,0,0,0,0,0,0,0,0,44,0,0,436,86,0,0,0,0,0,0,0,0,0,0,0,0,0,0,0,0,0,0,0,10,0,0,0,0,0,0,0,,,,,,,,,,,,,,,,
1061.377,0,0,0,0,0,0,0,0,12,0,0,0,0,87,29,3,4855,0,0,0,0,17,289,0,0,0,25,0,0,0,0,0,0,0,0,0,44,0,0,428,86,0,0,0,0,0,0,0,0,0,0,0,0,0,0,0,0,0,0,0,10,0,0,0,0,0,0,0,,,,,,,,,,,,,,,,
1061.377,0,0,0,0,0,0,0,0,12,0,0,0,0,87,29,3,4855,0,0,0,0,17,289,0,0,0,25,0,0,0,0,0,0,0,0,0,60,0,0,428,86,0,0,0,0,0,0,0,0,0,0,0,0,0,0,0,0,0,0,0,10,0,0,0,0,0,0,0,,,,,,,,,,,,,,,,
1061.956,0,0,0,0,0,0,0,0,12,0,0,0,0,87,29,3,4855,0,0,0,0,17,289,0,0,0,24,0,0,0,0,0,0,0,0,0,60,0,0,428,86,0,0,0,0,0,0,0,0,0,0,0,0,0,0,0,0,0,0,0,10,0,0,0,0,0,0,0,,,,,,,,,,,,,,,,
1061.956,0,0,0,0,0,0,0,0,12,0,0,0,0,87,29,3,4855,0,0,0,0,17,289,0,0,0,24,0,0,0,0,0,0,0,0,0,60,0,0,428,86,0,0,0,0,0,0,0,0,0,0,0,0,0,0,0,0,0,0,0,10,0,0,0,0,0,0,0,,,,,,,,,,,,,,,,
1061.956,0,0,0,0,0,0,0,0,12,0,0,0,0,87,29,3,4855,0,0,0,0,17,289,0,0,0,24,0,0,0,0,0,0,0,0,0,60,0,0,428,87,0,0,0,0,0,0,0,0,0,0,0,0,0,0,0,0,0,0,0,10,0,0,0,0,0,0,0,,,,,,,,,,,,,,,,
1062.961,0,0,0,0,0,0,0,0,12,0,0,0,0,87,29,3,4855,0,0,0,0,17,290,0,0,0,24,0,0,0,0,0,0,0,0,0,60,0,0,428,87,0,0,0,0,0,0,0,0,0,0,0,0,0,0,0,0,0,0,0,10,0,0,0,0,0,0,0,,,,,,,,,,,,,,,,
1062.961,0,0,0,0,0,0,0,0,12,0,0,0,0,87,29,3,4855,0,0,0,0,17,290,0,0,0,24,0,0,0,0,0,0,0,0,0,60,0,0,419,87,0,0,0,0,0,0,0,0,0,0,0,0,0,0,0,0,0,0,0,10,0,0,0,0,0,0,0,,,,,,,,,,,,,,,,
1062.961,0,0,0,0,0,0,0,0,12,0,0,0,0,87,29,3,4855,0,0,0,0,17,290,0,0,0,24,0,0,0,0,0,0,0,0,0,61,0,0,419,87,0,0,0,0,0,0,0,0,0,0,0,0,0,0,0,0,0,0,0,10,0,0,0,0,0,0,0,,,,,,,,,,,,,,,,
1063.529,0,0,0,0,0,0,0,0,12,0,0,0,0,87,29,3,4855,0,0,0,0,17,290,0,0,0,24,0,0,0,0,0,0,0,0,0,61,0,0,419,87,0,0,0,0,0,0,0,0,0,0,0,0,0,0,0,0,0,0,0,10,0,0,0,0,0,0,0,,,,,,,,,,,,,,,,
1063.529,0,0,0,0,0,0,0,0,12,0,0,0,0,87,29,3,4855,0,0,0,0,17,290,0,0,0,24,0,0,0,0,0,0,0,0,0,61,0,0,419,87,0,0,0,0,0,0,0,0,0,0,0,0,0,0,0,0,0,0,0,10,0,0,0,0,0,0,0,,,,,,,,,,,,,,,,
1063.529,0,0,0,0,0,0,0,0,12,0,0,0,0,87,29,3,4855,0,0,0,0,17,290,0,0,0,24,0,0,0,0,0,0,0,0,0,61,0,0,419,87,0,0,0,0,0,0,0,0,0,0,0,0,0,0,0,0,0,0,0,8,0,0,0,0,0,0,0,,,,,,,,,,,,,,,,
1064.102,0,0,0,0,0,0,0,0,12,0,0,0,0,87,29,3,4855,0,0,0,0,17,290,0,0,0,24,0,0,0,0,0,0,0,0,0,61,0,0,419,87,0,0,0,0,0,0,0,0,0,0,0,0,0,0,0,0,0,0,0,8,0,0,0,0,0,0,0,,,,,,,,,,,,,,,,
1064.102,0,0,0,0,0,0,0,0,12,0,0,0,0,87,29,3,4855,0,0,0,0,17,290,0,0,0,24,0,0,0,0,0,0,0,0,0,61,0,0,419,87,0,0,0,0,0,0,0,0,0,0,0,0,0,0,0,0,0,0,0,8,0,0,0,0,0,0,0,,,,,,,,,,,,,,,,
1064.102,0,0,0,0,0,0,0,0,12,0,0,0,0,87,29,3,4855,0,0,0,0,17,290,0,0,0,24,0,0,0,0,0,0,0,0,0,61,0,0,419,87,0,0,0,0,0,0,0,0,0,0,0,0,0,0,0,0,0,0,0,8,0,0,0,0,0,0,0,,,,,,,,,,,,,,,,
1064.102,0,0,0,0,0,0,0,0,12,0,0,0,0,87,29,3,4855,0,0,0,0,17,290,0,0,0,24,0,0,0,0,0,0,0,0,0,61,0,0,419,87,0,0,0,0,0,0,0,0,0,0,0,0,0,0,0,0,0,0,0,8,0,0,0,0,0,0,0,,,,,,,,,,,,,,,,
1064.669,0,0,0,0,0,0,0,0,12,0,0,0,0,87,29,3,4855,0,0,0,0,17,290,0,0,0,25,0,0,0,0,0,0,0,0,0,61,0,0,419,87,0,0,0,0,0,0,0,0,0,0,0,0,0,0,0,0,0,0,0,8,0,0,0,0,0,0,0,,,,,,,,,,,,,,,,
1064.669,0,0,0,0,0,0,0,0,12,0,0,0,0,87,29,3,4855,0,0,0,0,17,290,0,0,0,25,0,0,0,0,0,0,0,0,0,61,0,0,419,87,0,0,0,0,0,0,0,0,0,0,0,0,0,0,0,0,0,0,0,8,0,0,0,0,0,0,0,,,,,,,,,,,,,,,,
1064.669,0,0,0,0,0,0,0,0,12,0,0,0,0,87,29,3,4855,0,0,0,0,17,290,0,0,0,25,0,0,0,0,0,0,0,0,0,61,0,0,419,87,0,0,0,0,0,0,0,0,0,0,0,0,0,0,0,0,0,0,0,8,0,0,0,0,0,0,0,,,,,,,,,,,,,,,,
1065.242,0,0,0,0,0,0,0,0,12,0,0,0,0,87,29,3,4855,0,0,0,0,17,290,0,0,0,25,0,0,0,0,0,0,0,0,0,61,0,0,419,87,0,0,0,0,0,0,0,0,0,0,0,0,0,0,0,0,0,0,0,8,0,0,0,0,0,0,0,,,,,,,,,,,,,,,,
1065.242,0,0,0,0,0,0,0,0,12,0,0,0,0,87,29,3,4855,0,0,0,0,17,290,0,0,0,25,0,0,0,0,0,0,0,0,0,61,0,0,424,87,0,0,0,0,0,0,0,0,0,0,0,0,0,0,0,0,0,0,0,8,0,0,0,0,0,0,0,,,,,,,,,,,,,,,,
1065.242,0,0,0,0,0,0,0,0,12,0,0,0,0,87,29,3,4855,0,0,0,0,17,290,0,0,0,25,0,0,0,0,0,0,0,0,0,60,0,0,424,87,0,0,0,0,0,0,0,0,0,0,0,0,0,0,0,0,0,0,0,8,0,0,0,0,0,0,0,,,,,,,,,,,,,,,,
1065.955,0,0,0,0,0,0,0,0,12,0,0,0,0,87,29,3,4855,0,0,0,0,17,290,0,0,0,24,0,0,0,0,0,0,0,0,0,60,0,0,424,87,0,0,0,0,0,0,0,0,0,0,0,0,0,0,0,0,0,0,0,8,0,0,0,0,0,0,0,,,,,,,,,,,,,,,,
1065.955,0,0,0,0,0,0,0,0,12,0,0,0,0,87,29,3,4855,0,0,0,0,17,290,0,0,0,24,0,0,0,0,0,0,0,0,0,60,0,0,424,87,0,0,0,0,0,0,0,0,0,0,0,0,0,0,0,0,0,0,0,8,0,0,0,0,0,0,0,,,,,,,,,,,,,,,,
1065.955,0,0,0,0,0,0,0,0,12,0,0,0,0,87,29,3,4855,0,0,0,0,17,290,0,0,0,24,0,0,0,0,0,0,0,0,0,60,0,0,424,87,0,0,0,0,0,0,0,0,0,0,0,0,0,0,0,0,0,0,0,8,0,0,0,0,0,0,0,,,,,,,,,,,,,,,,
1066.951,0,0,0,0,0,0,0,0,12,0,0,0,0,87,29,3,4855,0,0,0,0,17,290,0,0,0,24,0,0,0,0,0,0,0,0,0,60,0,0,424,87,0,0,0,0,0,0,0,0,0,0,0,0,0,0,0,0,0,0,0,8,0,0,0,0,0,0,0,,,,,,,,,,,,,,,,
1066.951,0,0,0,0,0,0,0,0,12,0,0,0,0,87,29,3,4855,0,0,0,0,17,290,0,0,0,24,0,0,0,0,0,0,0,0,0,60,0,0,427,87,0,0,0,0,0,0,0,0,0,0,0,0,0,0,0,0,0,0,0,8,0,0,0,0,0,0,0,,,,,,,,,,,,,,,,
1066.951,0,0,0,0,0,0,0,0,12,0,0,0,0,87,29,3,4855,0,0,0,0,17,290,0,0,0,24,0,0,0,0,0,0,0,0,0,60,0,0,427,87,0,0,0,0,0,0,0,0,0,0,0,0,0,0,0,0,0,0,0,8,0,0,0,0,0,0,0,,,,,,,,,,,,,,,,
1067.521,0,0,0,0,0,0,0,0,12,0,0,0,0,87,29,3,4855,0,0,0,0,17,290,0,0,0,24,0,0,0,0,0,0,0,0,0,60,0,0,427,87,0,0,0,0,0,0,0,0,0,0,0,0,0,0,0,0,0,0,0,8,0,0,0,0,0,0,0,,,,,,,,,,,,,,,,
1067.521,0,0,0,0,0,0,0,0,12,0,0,0,0,87,29,3,4855,0,0,0,0,17,290,0,0,0,24,0,0,0,0,0,0,0,0,0,60,0,0,427,87,0,0,0,0,0,0,0,0,0,0,0,0,0,0,0,0,0,0,0,8,0,0,0,0,0,0,0,,,,,,,,,,,,,,,,
1067.521,0,0,0,0,0,0,0,0,12,0,0,0,0,87,29,3,4855,0,0,0,0,17,290,0,0,0,24,0,0,0,0,0,0,0,0,0,60,0,0,427,87,0,0,0,0,0,0,0,0,0,0,0,0,0,0,0,0,0,0,0,7,0,0,0,0,0,0,0,,,,,,,,,,,,,,,,
1068.091,0,0,0,0,0,0,0,0,12,0,0,0,0,87,29,3,4855,0,0,0,0,17,290,0,0,0,24,0,0,0,0,0,0,0,0,0,60,0,0,427,87,0,0,0,0,0,0,0,0,0,0,0,0,0,0,0,0,0,0,0,7,0,0,0,0,0,0,0,,,,,,,,,,,,,,,,
1068.091,0,0,0,0,0,0,0,0,12,0,0,0,0,87,29,3,4855,0,0,0,0,17,290,0,0,0,24,0,0,0,0,0,0,0,0,0,60,0,0,427,87,0,0,0,0,0,0,0,0,0,0,0,0,0,0,0,0,0,0,0,7,0,0,0,0,0,0,0,,,,,,,,,,,,,,,,
1068.091,0,0,0,0,0,0,0,0,12,0,0,0,0,87,29,3,4855,0,0,0,0,17,290,0,0,0,24,0,0,0,0,0,0,0,0,0,60,0,0,427,87,0,0,0,0,0,0,0,0,0,0,0,0,0,0,0,0,0,0,0,7,0,0,0,0,0,0,0,,,,,,,,,,,,,,,,
1068.091,0,0,0,0,0,0,0,0,12,0,0,0,0,87,29,3,4576,0,0,0,0,17,290,0,0,0,24,0,0,0,0,0,0,0,0,0,60,0,0,427,87,0,0,0,0,0,0,0,0,0,0,0,0,0,0,0,0,0,0,0,7,0,0,0,0,0,0,0,,,,,,,,,,,,,,,,
1068.664,0,0,0,0,0,0,0,0,12,0,0,0,0,87,29,3,4576,0,0,0,0,17,290,0,0,0,23,0,0,0,0,0,0,0,0,0,60,0,0,427,87,0,0,0,0,0,0,0,0,0,0,0,0,0,0,0,0,0,0,0,7,0,0,0,0,0,0,0,,,,,,,,,,,,,,,,
1068.664,0,0,0,0,0,0,0,0,12,0,0,0,0,87,29,3,4576,0,0,0,0,17,290,0,0,0,23,0,0,0,0,0,0,0,0,0,60,0,0,427,87,0,0,0,0,0,0,0,0,0,0,0,0,0,0,0,0,0,0,0,7,0,0,0,0,0,0,0,,,,,,,,,,,,,,,,
1068.664,0,0,0,0,0,0,0,0,12,0,0,0,0,87,29,3,4576,0,0,0,0,17,290,0,0,0,23,0,0,0,0,0,0,0,0,0,60,0,0,427,87,0,0,0,0,0,0,0,0,0,0,0,0,0,0,0,0,0,0,0,7,0,0,0,0,0,0,0,,,,,,,,,,,,,,,,
1069.235,0,0,0,0,0,0,0,0,12,0,0,0,0,87,29,3,4576,0,0,0,0,17,290,0,0,0,23,0,0,0,0,0,0,0,0,0,60,0,0,427,87,0,0,0,0,0,0,0,0,0,0,0,0,0,0,0,0,0,0,0,7,0,0,0,0,0,0,0,,,,,,,,,,,,,,,,
1069.235,0,0,0,0,0,0,0,0,12,0,0,0,0,87,29,3,4576,0,0,0,0,17,290,0,0,0,23,0,0,0,0,0,0,0,0,0,60,0,0,427,87,0,0,0,0,0,0,0,0,0,0,0,0,0,0,0,0,0,0,0,7,0,0,0,0,0,0,0,,,,,,,,,,,,,,,,
1069.235,0,0,0,0,0,0,0,0,12,0,0,0,0,87,29,3,4576,0,0,0,0,17,290,0,0,0,23,0,0,0,0,0,0,0,0,0,60,0,0,427,87,0,0,0,0,0,0,0,0,0,0,0,0,0,0,0,0,0,0,0,7,0,0,0,0,0,0,0,,,,,,,,,,,,,,,,
1069.235,0,0,0,0,0,0,0,0,12,0,0,0,0,87,29,3,4576,0,0,0,0,17,290,0,0,0,23,0,0,0,0,0,0,0,0,0,60,0,0,427,87,0,0,0,0,0,0,0,0,0,0,0,0,0,0,0,0,0,0,0,7,0,0,0,0,0,0,0,,,,,,,,,,,,,,,,
1069.804,0,0,0,0,0,0,0,0,12,0,0,0,0,87,29,3,4576,0,0,0,0,17,290,0,0,0,23,0,0,0,0,0,0,0,0,0,60,0,0,427,87,0,0,0,0,0,0,0,0,0,0,0,0,0,0,0,0,0,0,0,7,0,0,0,0,0,0,0,,,,,,,,,,,,,,,,
1069.804,0,0,0,0,0,0,0,0,12,0,0,0,0,87,29,3,4576,0,0,0,0,17,290,0,0,0,23,0,0,0,0,0,0,0,0,0,60,0,0,425,87,0,0,0,0,0,0,0,0,0,0,0,0,0,0,0,0,0,0,0,7,0,0,0,0,0,0,0,,,,,,,,,,,,,,,,
1069.804,0,0,0,0,0,0,0,0,12,0,0,0,0,87,29,3,4576,0,0,0,0,17,290,0,0,0,23,0,0,0,0,0,0,0,0,0,60,0,0,425,87,0,0,0,0,0,0,0,0,0,0,0,0,0,0,0,0,0,0,0,7,0,0,0,0,0,0,0,,,,,,,,,,,,,,,,
1070.371,0,0,0,0,0,0,0,0,12,0,0,0,0,87,29,3,4576,0,0,0,0,17,290,0,0,0,23,0,0,0,0,0,0,0,0,0,60,0,0,425,87,0,0,0,0,0,0,0,0,0,0,0,0,0,0,0,0,0,0,0,7,0,0,0,0,0,0,0,,,,,,,,,,,,,,,,
1070.371,0,0,0,0,0,0,0,0,12,0,0,0,0,88,29,3,4576,0,0,0,0,17,290,0,0,0,23,0,0,0,0,0,0,0,0,0,60,0,0,425,87,0,0,0,0,0,0,0,0,0,0,0,0,0,0,0,0,0,0,0,7,0,0,0,0,0,0,0,,,,,,,,,,,,,,,,
1070.371,0,0,0,0,0,0,0,0,12,0,0,0,0,88,29,3,4576,0,0,0,0,17,290,0,0,0,23,0,0,0,0,0,0,0,0,0,60,0,0,425,87,0,0,0,0,0,0,0,0,0,0,0,0,0,0,0,0,0,0,0,7,0,0,0,0,0,0,0,,,,,,,,,,,,,,,,
1070.959,0,0,0,0,0,0,0,0,12,0,0,0,0,88,29,3,4576,0,0,0,0,17,290,0,0,0,23,0,0,0,0,0,0,0,0,0,60,0,0,425,87,0,0,0,0,0,0,0,0,0,0,0,0,0,0,0,0,0,0,0,7,0,0,0,0,0,0,0,,,,,,,,,,,,,,,,
1070.959,0,0,0,0,0,0,0,0,12,0,0,0,0,88,29,3,4576,0,0,0,0,17,290,0,0,0,23,0,0,0,0,0,0,0,0,0,60,0,0,421,87,0,0,0,0,0,0,0,0,0,0,0,0,0,0,0,0,0,0,0,7,0,0,0,0,0,0,0,,,,,,,,,,,,,,,,
1070.959,0,0,0,0,0,0,0,0,12,0,0,0,0,88,29,3,4576,0,0,0,0,17,290,0,0,0,23,0,0,0,0,0,0,0,0,0,60,0,0,421,87,0,0,0,0,0,0,0,0,0,0,0,0,0,0,0,0,0,0,0,7,0,0,0,0,0,0,0,,,,,,,,,,,,,,,,
1071.527,0,0,0,0,0,0,0,0,12,0,0,0,0,88,29,3,4576,0,0,0,0,17,290,0,0,0,23,0,0,0,0,0,0,0,0,0,60,0,0,421,87,0,0,0,0,0,0,0,0,0,0,0,0,0,0,0,0,0,0,0,7,0,0,0,0,0,0,0,,,,,,,,,,,,,,,,
1071.527,0,0,0,0,0,0,0,0,12,0,0,0,0,88,29,3,4576,0,0,0,0,18,290,0,0,0,23,0,0,0,0,0,0,0,0,0,60,0,0,421,87,0,0,0,0,0,0,0,0,0,0,0,0,0,0,0,0,0,0,0,7,0,0,0,0,0,0,0,,,,,,,,,,,,,,,,
1071.527,0,0,0,0,0,0,0,0,12,0,0,0,0,88,29,3,4576,0,0,0,0,18,290,0,0,0,23,0,0,0,0,0,0,0,0,0,60,0,0,421,87,0,0,0,0,0,0,0,0,0,0,0,0,0,0,0,0,0,0,0,7,0,0,0,0,0,0,0,,,,,,,,,,,,,,,,
1072.099,0,0,0,0,0,0,0,0,12,0,0,0,0,88,29,3,4576,0,0,0,0,18,290,0,0,0,23,0,0,0,0,0,0,0,0,0,60,0,0,421,87,0,0,0,0,0,0,0,0,0,0,0,0,0,0,0,0,0,0,0,7,0,0,0,0,0,0,0,,,,,,,,,,,,,,,,
1072.099,0,0,0,0,0,0,0,0,12,0,0,0,0,88,29,3,4576,0,0,0,0,18,290,0,0,0,23,0,0,0,0,0,0,0,0,0,60,0,0,421,87,0,0,0,0,0,0,0,0,0,0,0,0,0,0,0,0,0,0,0,7,0,0,0,0,0,0,0,,,,,,,,,,,,,,,,
1072.099,0,0,0,0,0,0,0,0,12,0,0,0,0,88,29,3,4576,0,0,0,0,18,290,0,0,0,23,0,0,0,0,0,0,0,0,0,60,0,0,421,87,0,0,0,0,0,0,0,0,0,0,0,0,0,0,0,0,0,0,0,7,0,0,0,0,0,0,0,,,,,,,,,,,,,,,,
1072.955,0,0,0,0,0,0,0,0,12,0,0,0,0,88,29,3,4576,0,0,0,0,18,288,0,0,0,23,0,0,0,0,0,0,0,0,0,60,0,0,421,87,0,0,0,0,0,0,0,0,0,0,0,0,0,0,0,0,0,0,0,7,0,0,0,0,0,0,0,,,,,,,,,,,,,,,,
1072.955,0,0,0,0,0,0,0,0,12,0,0,0,0,88,29,3,4576,0,0,0,0,18,288,0,0,0,23,0,0,0,0,0,0,0,0,0,60,0,0,424,87,0,0,0,0,0,0,0,0,0,0,0,0,0,0,0,0,0,0,0,7,0,0,0,0,0,0,0,,,,,,,,,,,,,,,,
1072.955,0,0,0,0,0,0,0,0,12,0,0,0,0,88,29,3,4576,0,0,0,0,18,288,0,0,0,23,0,0,0,0,0,0,0,0,0,59,0,0,424,87,0,0,0,0,0,0,0,0,0,0,0,0,0,0,0,0,0,0,0,7,0,0,0,0,0,0,0,,,,,,,,,,,,,,,,
1073.523,0,0,0,0,0,0,0,0,12,0,0,0,0,88,29,3,4576,0,0,0,0,18,288,0,0,0,23,0,0,0,0,0,0,0,0,0,59,0,0,424,87,0,0,0,0,0,0,0,0,0,0,0,0,0,0,0,0,0,0,0,7,0,0,0,0,0,0,0,,,,,,,,,,,,,,,,
1073.523,0,0,0,0,0,0,0,0,12,0,0,0,0,88,29,3,4576,0,0,0,0,18,288,0,0,0,23,0,0,0,0,0,0,0,0,0,59,0,0,424,87,0,0,0,0,0,0,0,0,0,0,0,0,0,0,0,0,0,0,0,7,0,0,0,0,0,0,0,,,,,,,,,,,,,,,,
1073.523,0,0,0,0,0,0,0,0,12,0,0,0,0,88,29,3,4576,0,0,0,0,18,288,0,0,0,23,0,0,0,0,0,0,0,0,0,59,0,0,424,87,0,0,0,0,0,0,0,0,0,0,0,0,0,0,0,0,0,0,0,7,0,0,0,0,0,0,0,,,,,,,,,,,,,,,,
1073.523,0,0,0,0,0,0,0,0,12,0,0,0,0,88,29,3,4576,0,0,0,0,18,288,0,0,0,23,0,0,0,0,0,0,0,0,0,59,0,0,424,87,0,0,0,0,0,0,0,0,0,0,0,0,0,0,0,0,0,0,0,7,0,0,0,0,0,0,0,,,,,,,,,,,,,,,,
1074.093,0,0,0,0,0,0,0,0,12,0,0,0,0,88,29,3,4576,0,0,0,0,18,288,0,0,0,23,0,0,0,0,0,0,0,0,0,59,0,0,424,87,0,0,0,0,0,0,0,0,0,0,0,0,0,0,0,0,0,0,0,7,0,0,0,0,0,0,0,,,,,,,,,,,,,,,,
1074.093,0,0,0,0,0,0,0,0,12,0,0,0,0,88,29,3,4576,0,0,0,0,18,288,0,0,0,23,0,0,0,0,0,0,0,0,0,59,0,0,424,87,0,0,0,0,0,0,0,0,0,0,0,0,0,0,0,0,0,0,0,7,0,0,0,0,0,0,0,,,,,,,,,,,,,,,,
1074.093,0,0,0,0,0,0,0,0,12,0,0,0,0,88,29,3,4576,0,0,0,0,18,288,0,0,0,23,0,0,0,0,0,0,0,0,0,59,0,0,424,87,0,0,0,0,0,0,0,0,0,0,0,0,0,0,0,0,0,0,0,7,0,0,0,0,0,0,0,,,,,,,,,,,,,,,,
1074.950,0,0,0,0,0,0,0,0,12,0,0,0,0,88,29,3,4576,0,0,0,0,18,284,0,0,0,23,0,0,0,0,0,0,0,0,0,59,0,0,424,87,0,0,0,0,0,0,0,0,0,0,0,0,0,0,0,0,0,0,0,7,0,0,0,0,0,0,0,,,,,,,,,,,,,,,,
1074.950,0,0,0,0,0,0,0,0,12,0,0,0,0,88,29,3,4576,0,0,0,0,18,284,0,0,0,23,0,0,0,0,0,0,0,0,0,59,0,0,438,87,0,0,0,0,0,0,0,0,0,0,0,0,0,0,0,0,0,0,0,7,0,0,0,0,0,0,0,,,,,,,,,,,,,,,,
1074.950,0,0,0,0,0,0,0,0,12,0,0,0,0,88,29,3,4576,0,0,0,0,18,284,0,0,0,23,0,0,0,0,0,0,0,0,0,56,0,0,438,87,0,0,0,0,0,0,0,0,0,0,0,0,0,0,0,0,0,0,0,7,0,0,0,0,0,0,0,,,,,,,,,,,,,,,,
1075.519,0,0,0,0,0,0,0,0,12,0,0,0,0,88,29,3,4576,0,0,0,0,18,284,0,0,0,23,0,0,0,0,0,0,0,0,0,56,0,0,438,87,0,0,0,0,0,0,0,0,0,0,0,0,0,0,0,0,0,0,0,7,0,0,0,0,0,0,0,,,,,,,,,,,,,,,,
1075.519,0,0,0,0,0,0,0,0,12,0,0,0,0,88,29,3,4576,0,0,0,0,18,284,0,0,0,23,0,0,0,0,0,0,0,0,0,56,0,0,438,87,0,0,0,0,0,0,0,0,0,0,0,0,0,0,0,0,0,0,0,7,0,0,0,0,0,0,0,,,,,,,,,,,,,,,,
1075.519,0,0,0,0,0,0,0,0,12,0,0,0,0,88,29,3,4576,0,0,0,0,18,284,0,0,0,23,0,0,0,0,0,0,0,0,0,56,0,0,438,87,0,0,0,0,0,0,0,0,0,0,0,0,0,0,0,0,0,0,0,14,0,0,0,0,0,0,0,,,,,,,,,,,,,,,,
1076.092,0,0,0,0,0,0,0,0,12,0,0,0,0,88,29,3,4576,0,0,0,0,18,284,0,0,0,23,0,0,0,0,0,0,0,0,0,56,0,0,438,87,0,0,0,0,0,0,0,0,0,0,0,0,0,0,0,0,0,0,0,14,0,0,0,0,0,0,0,,,,,,,,,,,,,,,,
1076.092,0,0,0,0,0,0,0,0,12,0,0,0,0,88,29,3,4576,0,0,0,0,18,284,0,0,0,23,0,0,0,0,0,0,0,0,0,56,0,0,438,87,0,0,0,0,0,0,0,0,0,0,0,0,0,0,0,0,0,0,0,14,0,0,0,0,0,0,0,,,,,,,,,,,,,,,,
1076.092,0,0,0,0,0,0,0,0,12,0,0,0,0,88,29,3,4576,0,0,0,0,18,284,0,0,0,23,0,0,0,0,0,0,0,0,0,56,0,0,438,87,0,0,0,0,0,0,0,0,0,0,0,0,0,0,0,0,0,0,0,14,0,0,0,0,0,0,0,,,,,,,,,,,,,,,,
1076.092,0,0,0,0,0,0,0,0,12,0,0,0,0,88,29,3,5797,0,0,0,0,18,284,0,0,0,23,0,0,0,0,0,0,0,0,0,56,0,0,438,87,0,0,0,0,0,0,0,0,0,0,0,0,0,0,0,0,0,0,0,14,0,0,0,0,0,0,0,,,,,,,,,,,,,,,,
1076.661,0,0,0,0,0,0,0,0,12,0,0,0,0,88,29,3,5797,0,0,0,0,18,284,0,0,0,23,0,0,0,0,0,0,0,0,0,56,0,0,438,87,0,0,0,0,0,0,0,0,0,0,0,0,0,0,0,0,0,0,0,14,0,0,0,0,0,0,0,,,,,,,,,,,,,,,,
1076.661,0,0,0,0,0,0,0,0,12,0,0,0,0,88,29,3,5797,0,0,0,0,18,284,0,0,0,23,0,0,0,0,0,0,0,0,0,56,0,0,438,87,0,0,0,0,0,0,0,0,0,0,0,0,0,0,0,0,0,0,0,14,0,0,0,0,0,0,0,,,,,,,,,,,,,,,,
1076.661,0,0,0,0,0,0,0,0,12,0,0,0,0,88,29,3,5797,0,0,0,0,18,284,0,0,0,23,0,0,0,0,0,0,0,0,0,56,0,0,438,87,0,0,0,0,0,0,0,0,0,0,0,0,0,0,0,0,0,0,0,14,0,0,0,0,0,0,0,,,,,,,,,,,,,,,,
1077.229,0,0,0,0,0,0,0,0,12,0,0,0,0,88,29,3,5797,0,0,0,0,18,287,0,0,0,23,0,0,0,0,0,0,0,0,0,56,0,0,438,87,0,0,0,0,0,0,0,0,0,0,0,0,0,0,0,0,0,0,0,14,0,0,0,0,0,0,0,,,,,,,,,,,,,,,,
1077.229,0,0,0,0,0,0,0,0,12,0,0,0,0,88,29,3,5797,0,0,0,0,18,287,0,0,0,23,0,0,0,0,0,0,0,0,0,56,0,0,420,87,0,0,0,0,0,0,0,0,0,0,0,0,0,0,0,0,0,0,0,14,0,0,0,0,0,0,0,,,,,,,,,,,,,,,,
1077.229,0,0,0,0,0,0,0,0,12,0,0,0,0,88,29,3,5797,0,0,0,0,18,287,0,0,0,23,0,0,0,0,0,0,0,0,0,57,0,0,420,87,0,0,0,0,0,0,0,0,0,0,0,0,0,0,0,0,0,0,0,14,0,0,0,0,0,0,0,,,,,,,,,,,,,,,,
1077.955,0,0,0,0,0,0,0,0,12,0,0,0,0,88,29,3,5797,0,0,0,0,18,287,0,0,0,23,0,0,0,0,0,0,0,0,0,57,0,0,420,87,0,0,0,0,0,0,0,0,0,0,0,0,0,0,0,0,0,0,0,14,0,0,0,0,0,0,0,,,,,,,,,,,,,,,,
1077.955,0,0,0,0,0,0,0,0,12,0,0,0,0,88,29,3,5797,0,0,0,0,18,287,0,0,0,23,0,0,0,0,0,0,0,0,0,57,0,0,420,87,0,0,0,0,0,0,0,0,0,0,0,0,0,0,0,0,0,0,0,14,0,0,0,0,0,0,0,,,,,,,,,,,,,,,,
1077.955,0,0,0,0,0,0,0,0,12,0,0,0,0,88,29,3,5797,0,0,0,0,18,287,0,0,0,23,0,0,0,0,0,0,0,0,0,57,0,0,420,88,0,0,0,0,0,0,0,0,0,0,0,0,0,0,0,0,0,0,0,14,0,0,0,0,0,0,0,,,,,,,,,,,,,,,,
1078.525,0,0,0,0,0,0,0,0,12,0,0,0,0,88,29,3,5797,0,0,0,0,18,287,0,0,0,23,0,0,0,0,0,0,0,0,0,57,0,0,420,88,0,0,0,0,0,0,0,0,0,0,0,0,0,0,0,0,0,0,0,14,0,0,0,0,0,0,0,,,,,,,,,,,,,,,,
1078.525,0,0,0,0,0,0,0,0,12,0,0,0,0,88,29,3,5797,0,0,0,0,18,287,0,0,0,23,0,0,0,0,0,0,0,0,0,57,0,0,420,88,0,0,0,0,0,0,0,0,0,0,0,0,0,0,0,0,0,0,0,14,0,0,0,0,0,0,0,,,,,,,,,,,,,,,,
1078.525,0,0,0,0,0,0,0,0,12,0,0,0,0,88,29,3,5797,0,0,0,0,18,287,0,0,0,23,0,0,0,0,0,0,0,0,0,57,0,0,420,88,0,0,0,0,0,0,0,0,0,0,0,0,0,0,0,0,0,0,0,14,0,0,0,0,0,0,0,,,,,,,,,,,,,,,,
1078.525,0,0,0,0,0,0,0,0,12,0,0,0,0,88,29,3,5797,0,0,0,0,18,287,0,0,0,23,0,0,0,0,0,0,0,0,0,57,0,0,420,88,0,0,0,0,0,0,0,0,0,0,0,0,0,0,0,0,0,0,0,14,0,0,0,0,0,0,0,,,,,,,,,,,,,,,,
1079.095,0,0,0,0,0,0,0,0,12,0,0,0,0,88,29,3,5797,0,0,0,0,18,285,0,0,0,23,0,0,0,0,0,0,0,0,0,57,0,0,420,88,0,0,0,0,0,0,0,0,0,0,0,0,0,0,0,0,0,0,0,14,0,0,0,0,0,0,0,,,,,,,,,,,,,,,,
1079.095,0,0,0,0,0,0,0,0,12,0,0,0,0,88,29,3,5797,0,0,0,0,18,285,0,0,0,23,0,0,0,0,0,0,0,0,0,57,0,0,427,88,0,0,0,0,0,0,0,0,0,0,0,0,0,0,0,0,0,0,0,14,0,0,0,0,0,0,0,,,,,,,,,,,,,,,,
1079.095,0,0,0,0,0,0,0,0,12,0,0,0,0,88,29,3,5797,0,0,0,0,18,285,0,0,0,23,0,0,0,0,0,0,0,0,0,54,0,0,427,88,0,0,0,0,0,0,0,0,0,0,0,0,0,0,0,0,0,0,0,14,0,0,0,0,0,0,0,,,,,,,,,,,,,,,,
1079.665,0,0,0,0,0,0,0,0,12,0,0,0,0,88,29,3,5797,0,0,0,0,18,285,0,0,0,23,0,0,0,0,0,0,0,0,0,54,0,0,427,88,0,0,0,0,0,0,0,0,0,0,0,0,0,0,0,0,0,0,0,14,0,0,0,0,0,0,0,,,,,,,,,,,,,,,,
1079.665,0,0,0,0,0,0,0,0,12,0,0,0,0,88,29,3,5797,0,0,0,0,19,285,0,0,0,23,0,0,0,0,0,0,0,0,0,54,0,0,427,88,0,0,0,0,0,0,0,0,0,0,0,0,0,0,0,0,0,0,0,14,0,0,0,0,0,0,0,,,,,,,,,,,,,,,,
1079.665,0,0,0,0,0,0,0,0,12,0,0,0,0,88,29,3,5797,0,0,0,0,19,285,0,0,0,23,0,0,0,0,0,0,0,0,0,54,0,0,427,88,0,0,0,0,0,0,0,0,0,0,0,0,0,0,0,0,0,0,0,10,0,0,0,0,0,0,0,,,,,,,,,,,,,,,,
1080.235,0,0,0,0,0,0,0,0,12,0,0,0,0,88,29,3,5797,0,0,0,0,19,285,0,0,0,22,0,0,0,0,0,0,0,0,0,54,0,0,427,88,0,0,0,0,0,0,0,0,0,0,0,0,0,0,0,0,0,0,0,10,0,0,0,0,0,0,0,,,,,,,,,,,,,,,,
1080.235,0,0,0,0,0,0,0,0,12,0,0,0,0,88,29,3,5797,0,0,0,0,19,285,0,0,0,22,0,0,0,0,0,0,0,0,0,54,0,0,427,88,0,0,0,0,0,0,0,0,0,0,0,0,0,0,0,0,0,0,0,10,0,0,0,0,0,0,0,,,,,,,,,,,,,,,,
1080.235,0,0,0,0,0,0,0,0,12,0,0,0,0,88,29,3,5797,0,0,0,0,19,285,0,0,0,22,0,0,0,0,0,0,0,0,0,54,0,0,427,88,0,0,0,0,0,0,0,0,0,0,0,0,0,0,0,0,0,0,0,10,0,0,0,0,0,0,0,,,,,,,,,,,,,,,,
1080.951,0,0,0,0,0,0,0,0,12,0,0,0,0,88,29,3,5797,0,0,0,0,19,288,0,0,0,22,0,0,0,0,0,0,0,0,0,54,0,0,427,88,0,0,0,0,0,0,0,0,0,0,0,0,0,0,0,0,0,0,0,10,0,0,0,0,0,0,0,,,,,,,,,,,,,,,,
1080.951,0,0,0,0,0,0,0,0,12,0,0,0,0,88,29,3,5797,0,0,0,0,19,288,0,0,0,22,0,0,0,0,0,0,0,0,0,54,0,0,427,88,0,0,0,0,0,0,0,0,0,0,0,0,0,0,0,0,0,0,0,10,0,0,0,0,0,0,0,,,,,,,,,,,,,,,,
1080.951,0,0,0,0,0,0,0,0,12,0,0,0,0,88,29,3,5797,0,0,0,0,19,288,0,0,0,22,0,0,0,0,0,0,0,0,0,58,0,0,427,88,0,0,0,0,0,0,0,0,0,0,0,0,0,0,0,0,0,0,0,10,0,0,0,0,0,0,0,,,,,,,,,,,,,,,,
1081.962,0,0,0,0,0,0,0,0,12,0,0,0,0,88,29,3,5797,0,0,0,0,19,288,0,0,0,24,0,0,0,0,0,0,0,0,0,58,0,0,427,88,0,0,0,0,0,0,0,0,0,0,0,0,0,0,0,0,0,0,0,10,0,0,0,0,0,0,0,,,,,,,,,,,,,,,,
1081.962,0,0,0,0,0,0,0,0,12,0,0,0,0,88,29,3,5797,0,0,0,0,19,288,0,0,0,24,0,0,0,0,0,0,0,0,0,58,0,0,427,88,0,0,0,0,0,0,0,0,0,0,0,0,0,0,0,0,0,0,0,10,0,0,0,0,0,0,0,,,,,,,,,,,,,,,,
1081.962,0,0,0,0,0,0,0,0,12,0,0,0,0,88,29,3,5797,0,0,0,0,19,288,0,0,0,24,0,0,0,0,0,0,0,0,0,58,0,0,427,88,0,0,0,0,0,0,0,0,0,0,0,0,0,0,0,0,0,0,0,10,0,0,0,0,0,0,0,,,,,,,,,,,,,,,,
1082.955,0,0,0,0,0,0,0,0,12,0,0,0,0,88,29,3,5797,0,0,0,0,19,267,0,0,0,24,0,0,0,0,0,0,0,0,0,58,0,0,427,88,0,0,0,0,0,0,0,0,0,0,0,0,0,0,0,0,0,0,0,10,0,0,0,0,0,0,0,,,,,,,,,,,,,,,,
1082.955,0,0,0,0,0,0,0,0,12,0,0,0,0,88,29,3,5797,0,0,0,0,19,267,0,0,0,24,0,0,0,0,0,0,0,0,0,58,0,0,440,88,0,0,0,0,0,0,0,0,0,0,0,0,0,0,0,0,0,0,0,10,0,0,0,0,0,0,0,,,,,,,,,,,,,,,,
1082.955,0,0,0,0,0,0,0,0,12,0,0,0,0,88,29,3,5797,0,0,0,0,19,267,0,0,0,24,0,0,0,0,0,0,0,0,0,36,0,0,440,88,0,0,0,0,0,0,0,0,0,0,0,0,0,0,0,0,0,0,0,10,0,0,0,0,0,0,0,,,,,,,,,,,,,,,,
1083.523,0,0,0,0,0,0,0,0,12,0,0,0,0,88,29,3,5797,0,0,0,0,19,267,0,0,0,24,0,0,0,0,0,0,0,0,0,36,0,0,440,88,0,0,0,0,0,0,0,0,0,0,0,0,0,0,0,0,0,0,0,10,0,0,0,0,0,0,0,,,,,,,,,,,,,,,,
1083.523,0,0,0,0,0,0,0,0,12,0,0,0,0,88,29,3,5797,0,0,0,0,19,267,0,0,0,24,0,0,0,0,0,0,0,0,0,36,0,0,440,88,0,0,0,0,0,0,0,0,0,0,0,0,0,0,0,0,0,0,0,10,0,0,0,0,0,0,0,,,,,,,,,,,,,,,,
1083.523,0,0,0,0,0,0,0,0,12,0,0,0,0,88,29,3,5797,0,0,0,0,19,267,0,0,0,24,0,0,0,0,0,0,0,0,0,36,0,0,440,88,0,0,0,0,0,0,0,0,0,0,0,0,0,0,0,0,0,0,0,5,0,0,0,0,0,0,0,,,,,,,,,,,,,,,,
1084.093,0,0,0,0,0,0,0,0,12,0,0,0,0,88,29,3,5797,0,0,0,0,19,267,0,0,0,24,0,0,0,0,0,0,0,0,0,36,0,0,440,88,0,0,0,0,0,0,0,0,0,0,0,0,0,0,0,0,0,0,0,5,0,0,0,0,0,0,0,,,,,,,,,,,,,,,,
1084.093,0,0,0,0,0,0,0,0,12,0,0,0,0,88,29,3,5797,0,0,0,0,19,267,0,0,0,24,0,0,0,0,0,0,0,0,0,36,0,0,440,88,0,0,0,0,0,0,0,0,0,0,0,0,0,0,0,0,0,0,0,5,0,0,0,0,0,0,0,,,,,,,,,,,,,,,,
1084.093,0,0,0,0,0,0,0,0,12,0,0,0,0,88,29,3,5797,0,0,0,0,19,267,0,0,0,24,0,0,0,0,0,0,0,0,0,36,0,0,440,88,0,0,0,0,0,0,0,0,0,0,0,0,0,0,0,0,0,0,0,5,0,0,0,0,0,0,0,,,,,,,,,,,,,,,,
1084.093,0,0,0,0,0,0,0,0,12,0,0,0,0,88,29,3,5517,0,0,0,0,19,267,0,0,0,24,0,0,0,0,0,0,0,0,0,36,0,0,440,88,0,0,0,0,0,0,0,0,0,0,0,0,0,0,0,0,0,0,0,5,0,0,0,0,0,0,0,,,,,,,,,,,,,,,,
1084.663,0,0,0,0,0,0,0,0,12,0,0,0,0,88,29,3,5517,0,0,0,0,19,267,0,0,0,24,0,0,0,0,0,0,0,0,0,36,0,0,440,88,0,0,0,0,0,0,0,0,0,0,0,0,0,0,0,0,0,0,0,5,0,0,0,0,0,0,0,,,,,,,,,,,,,,,,
1084.663,0,0,0,0,0,0,0,0,12,0,0,0,0,88,29,3,5517,0,0,0,0,19,267,0,0,0,24,0,0,0,0,0,0,0,0,0,36,0,0,440,88,0,0,0,0,0,0,0,0,0,0,0,0,0,0,0,0,0,0,0,5,0,0,0,0,0,0,0,,,,,,,,,,,,,,,,
1084.663,0,0,0,0,0,0,0,0,12,0,0,0,0,88,29,3,5517,0,0,0,0,19,267,0,0,0,24,0,0,0,0,0,0,0,0,0,36,0,0,440,88,0,0,0,0,0,0,0,0,0,0,0,0,0,0,0,0,0,0,0,5,0,0,0,0,0,0,0,,,,,,,,,,,,,,,,
1085.236,0,0,0,0,0,0,0,0,12,0,0,0,0,88,29,3,5517,0,0,0,0,19,267,0,0,0,24,0,0,0,0,0,0,0,0,0,36,0,0,440,88,0,0,0,0,0,0,0,0,0,0,0,0,0,0,0,0,0,0,0,5,0,0,0,0,0,0,0,,,,,,,,,,,,,,,,
1085.236,0,0,0,0,0,0,0,0,12,0,0,0,0,88,29,3,5517,0,0,0,0,19,267,0,0,0,24,0,0,0,0,0,0,0,0,0,36,0,0,440,88,0,0,0,0,0,0,0,0,0,0,0,0,0,0,0,0,0,0,0,5,0,0,0,0,0,0,0,,,,,,,,,,,,,,,,
1085.236,0,0,0,0,0,0,0,0,12,0,0,0,0,88,29,3,5517,0,0,0,0,19,267,0,0,0,24,0,0,0,0,0,0,0,0,0,36,0,0,440,88,0,0,0,0,0,0,0,0,0,0,0,0,0,0,0,0,0,0,0,5,0,0,0,0,0,0,0,,,,,,,,,,,,,,,,
1085.236,0,0,0,0,0,0,0,0,12,0,0,0,0,88,29,3,5517,0,0,0,0,19,267,0,0,0,24,0,0,0,0,0,0,0,0,0,36,0,0,440,88,0,0,0,0,0,0,0,0,0,0,0,0,0,0,0,0,0,0,0,5,0,0,0,0,0,0,0,,,,,,,,,,,,,,,,
1085.805,0,0,0,0,0,0,0,0,12,0,0,0,0,88,29,3,5517,0,0,0,0,19,285,0,0,0,24,0,0,0,0,0,0,0,0,0,36,0,0,440,88,0,0,0,0,0,0,0,0,0,0,0,0,0,0,0,0,0,0,0,5,0,0,0,0,0,0,0,,,,,,,,,,,,,,,,
1085.805,0,0,0,0,0,0,0,0,12,0,0,0,0,88,29,3,5517,0,0,0,0,19,285,0,0,0,24,0,0,0,0,0,0,0,0,0,36,0,0,403,88,0,0,0,0,0,0,0,0,0,0,0,0,0,0,0,0,0,0,0,5,0,0,0,0,0,0,0,,,,,,,,,,,,,,,,
1085.805,0,0,0,0,0,0,0,0,12,0,0,0,0,88,29,3,5517,0,0,0,0,19,285,0,0,0,24,0,0,0,0,0,0,0,0,0,55,0,0,403,88,0,0,0,0,0,0,0,0,0,0,0,0,0,0,0,0,0,0,0,5,0,0,0,0,0,0,0,,,,,,,,,,,,,,,,
1086.373,0,0,0,0,0,0,0,0,12,0,0,0,0,88,29,3,5517,0,0,0,0,19,285,0,0,0,24,0,0,0,0,0,0,0,0,0,55,0,0,403,88,0,0,0,0,0,0,0,0,0,0,0,0,0,0,0,0,0,0,0,5,0,0,0,0,0,0,0,,,,,,,,,,,,,,,,
1086.373,0,0,0,0,0,0,0,0,12,0,0,0,0,89,29,3,5517,0,0,0,0,19,285,0,0,0,24,0,0,0,0,0,0,0,0,0,55,0,0,403,88,0,0,0,0,0,0,0,0,0,0,0,0,0,0,0,0,0,0,0,5,0,0,0,0,0,0,0,,,,,,,,,,,,,,,,
1086.373,0,0,0,0,0,0,0,0,12,0,0,0,0,89,29,3,5517,0,0,0,0,19,285,0,0,0,24,0,0,0,0,0,0,0,0,0,55,0,0,403,88,0,0,0,0,0,0,0,0,0,0,0,0,0,0,0,0,0,0,0,5,0,0,0,0,0,0,0,,,,,,,,,,,,,,,,
1086.952,0,0,0,0,0,0,0,0,12,0,0,0,0,89,29,3,5517,0,0,0,0,19,285,0,0,0,24,0,0,0,0,0,0,0,0,0,55,0,0,403,88,0,0,0,0,0,0,0,0,0,0,0,0,0,0,0,0,0,0,0,5,0,0,0,0,0,0,0,,,,,,,,,,,,,,,,
1086.952,0,0,0,0,0,0,0,0,12,0,0,0,0,89,29,3,5517,0,0,0,0,19,285,0,0,0,24,0,0,0,0,0,0,0,0,0,55,0,0,412,88,0,0,0,0,0,0,0,0,0,0,0,0,0,0,0,0,0,0,0,5,0,0,0,0,0,0,0,,,,,,,,,,,,,,,,
1086.952,0,0,0,0,0,0,0,0,12,0,0,0,0,89,29,3,5517,0,0,0,0,19,285,0,0,0,24,0,0,0,0,0,0,0,0,0,56,0,0,412,88,0,0,0,0,0,0,0,0,0,0,0,0,0,0,0,0,0,0,0,5,0,0,0,0,0,0,0,,,,,,,,,,,,,,,,
1087.519,0,0,0,0,0,0,0,0,12,0,0,0,0,89,29,3,5517,0,0,0,0,19,285,0,0,0,24,0,0,0,0,0,0,0,0,0,56,0,0,412,88,0,0,0,0,0,0,0,0,0,0,0,0,0,0,0,0,0,0,0,5,0,0,0,0,0,0,0,,,,,,,,,,,,,,,,
1087.519,0,0,0,0,0,0,0,0,12,0,0,0,0,89,29,3,5517,0,0,0,0,19,285,0,0,0,24,0,0,0,0,0,0,0,0,0,56,0,0,412,88,0,0,0,0,0,0,0,0,0,0,0,0,0,0,0,0,0,0,0,5,0,0,0,0,0,0,0,,,,,,,,,,,,,,,,
1087.519,0,0,0,0,0,0,0,0,12,0,0,0,0,89,29,3,5517,0,0,0,0,19,285,0,0,0,24,0,0,0,0,0,0,0,0,0,56,0,0,412,88,0,0,0,0,0,0,0,0,0,0,0,0,0,0,0,0,0,0,0,5,0,0,0,0,0,0,0,,,,,,,,,,,,,,,,
1088.457,0,0,0,0,0,0,0,0,12,0,0,0,0,89,29,3,5517,0,0,0,0,19,285,0,0,0,24,0,0,0,0,0,0,0,0,0,56,0,0,412,88,0,0,0,0,0,0,0,0,0,0,0,0,0,0,0,0,0,0,0,5,0,0,0,0,0,0,0,,,,,,,,,,,,,,,,
1088.457,0,0,0,0,0,0,0,0,12,0,0,0,0,89,29,3,5517,0,0,0,0,19,285,0,0,0,24,0,0,0,0,0,0,0,0,0,56,0,0,412,88,0,0,0,0,0,0,0,0,0,0,0,0,0,0,0,0,0,0,0,5,0,0,0,0,0,0,0,,,,,,,,,,,,,,,,
1088.457,0,0,0,0,0,0,0,0,12,0,0,0,0,89,29,3,5517,0,0,0,0,19,285,0,0,0,24,0,0,0,0,0,0,0,0,0,56,0,0,412,88,0,0,0,0,0,0,0,0,0,0,0,0,0,0,0,0,0,0,0,5,0,0,0,0,0,0,0,,,,,,,,,,,,,,,,
1089.025,0,0,0,0,0,0,0,0,12,0,0,0,0,89,29,3,5517,0,0,0,0,19,283,0,0,0,24,0,0,0,0,0,0,0,0,0,56,0,0,412,88,0,0,0,0,0,0,0,0,0,0,0,0,0,0,0,0,0,0,0,5,0,0,0,0,0,0,0,,,,,,,,,,,,,,,,
1089.025,0,0,0,0,0,0,0,0,12,0,0,0,0,89,29,3,5517,0,0,0,0,19,283,0,0,0,24,0,0,0,0,0,0,0,0,0,56,0,0,411,88,0,0,0,0,0,0,0,0,0,0,0,0,0,0,0,0,0,0,0,5,0,0,0,0,0,0,0,,,,,,,,,,,,,,,,
1089.025,0,0,0,0,0,0,0,0,12,0,0,0,0,89,29,3,5517,0,0,0,0,19,283,0,0,0,24,0,0,0,0,0,0,0,0,0,53,0,0,411,88,0,0,0,0,0,0,0,0,0,0,0,0,0,0,0,0,0,0,0,5,0,0,0,0,0,0,0,,,,,,,,,,,,,,,,
1089.595,0,0,0,0,0,0,0,0,12,0,0,0,0,89,29,3,5517,0,0,0,0,19,283,0,0,0,24,0,0,0,0,0,0,0,0,0,53,0,0,411,88,0,0,0,0,0,0,0,0,0,0,0,0,0,0,0,0,0,0,0,5,0,0,0,0,0,0,0,,,,,,,,,,,,,,,,
1089.595,0,0,0,0,0,0,0,0,12,0,0,0,0,89,29,3,5517,0,0,0,0,19,283,0,0,0,24,0,0,0,0,0,0,0,0,0,53,0,0,411,88,0,0,0,0,0,0,0,0,0,0,0,0,0,0,0,0,0,0,0,5,0,0,0,0,0,0,0,,,,,,,,,,,,,,,,
1089.595,0,0,0,0,0,0,0,0,12,0,0,0,0,89,29,3,5517,0,0,0,0,19,283,0,0,0,24,0,0,0,0,0,0,0,0,0,53,0,0,411,88,0,0,0,0,0,0,0,0,0,0,0,0,0,0,0,0,0,0,0,5,0,0,0,0,0,0,0,,,,,,,,,,,,,,,,
1089.595,0,0,0,0,0,0,0,0,12,0,0,0,0,89,29,3,5517,0,0,0,0,19,283,0,0,0,24,0,0,0,0,0,0,0,0,0,53,0,0,411,88,0,0,0,0,0,0,0,0,0,0,0,0,0,0,0,0,0,0,0,5,0,0,0,0,0,0,0,,,,,,,,,,,,,,,,
1090.451,0,0,0,0,0,0,0,0,12,0,0,0,0,89,29,3,5517,0,0,0,0,19,283,0,0,0,22,0,0,0,0,0,0,0,0,0,53,0,0,411,88,0,0,0,0,0,0,0,0,0,0,0,0,0,0,0,0,0,0,0,5,0,0,0,0,0,0,0,,,,,,,,,,,,,,,,
1090.451,0,0,0,0,0,0,0,0,12,0,0,0,0,89,29,3,5517,0,0,0,0,19,283,0,0,0,22,0,0,0,0,0,0,0,0,0,53,0,0,411,88,0,0,0,0,0,0,0,0,0,0,0,0,0,0,0,0,0,0,0,5,0,0,0,0,0,0,0,,,,,,,,,,,,,,,,
1090.451,0,0,0,0,0,0,0,0,12,0,0,0,0,89,29,3,5517,0,0,0,0,19,283,0,0,0,22,0,0,0,0,0,0,0,0,0,53,0,0,411,88,0,0,0,0,0,0,0,0,0,0,0,0,0,0,0,0,0,0,0,5,0,0,0,0,0,0,0,,,,,,,,,,,,,,,,
1091.021,0,0,0,0,0,0,0,0,12,0,0,0,0,89,29,3,5517,0,0,0,0,19,273,0,0,0,22,0,0,0,0,0,0,0,0,0,53,0,0,411,88,0,0,0,0,0,0,0,0,0,0,0,0,0,0,0,0,0,0,0,5,0,0,0,0,0,0,0,,,,,,,,,,,,,,,,
1091.021,0,0,0,0,0,0,0,0,12,0,0,0,0,89,29,3,5517,0,0,0,0,19,273,0,0,0,22,0,0,0,0,0,0,0,0,0,53,0,0,421,88,0,0,0,0,0,0,0,0,0,0,0,0,0,0,0,0,0,0,0,5,0,0,0,0,0,0,0,,,,,,,,,,,,,,,,
1091.021,0,0,0,0,0,0,0,0,12,0,0,0,0,89,29,3,5517,0,0,0,0,19,273,0,0,0,22,0,0,0,0,0,0,0,0,0,42,0,0,421,88,0,0,0,0,0,0,0,0,0,0,0,0,0,0,0,0,0,0,0,5,0,0,0,0,0,0,0,,,,,,,,,,,,,,,,
1091.592,0,0,0,0,0,0,0,0,12,0,0,0,0,89,29,3,5517,0,0,0,0,19,273,0,0,0,22,0,0,0,0,0,0,0,0,0,42,0,0,421,88,0,0,0,0,0,0,0,0,0,0,0,0,0,0,0,0,0,0,0,5,0,0,0,0,0,0,0,,,,,,,,,,,,,,,,
1091.592,0,0,0,0,0,0,0,0,12,0,0,0,0,89,29,3,5517,0,0,0,0,20,273,0,0,0,22,0,0,0,0,0,0,0,0,0,42,0,0,421,88,0,0,0,0,0,0,0,0,0,0,0,0,0,0,0,0,0,0,0,5,0,0,0,0,0,0,0,,,,,,,,,,,,,,,,
1091.592,0,0,0,0,0,0,0,0,12,0,0,0,0,89,29,3,5517,0,0,0,0,20,273,0,0,0,22,0,0,0,0,0,0,0,0,0,42,0,0,421,88,0,0,0,0,0,0,0,0,0,0,0,0,0,0,0,0,0,0,0,3,0,0,0,0,0,0,0,,,,,,,,,,,,,,,,
1092.161,0,0,0,0,0,0,0,0,12,0,0,0,0,89,29,3,5517,0,0,0,0,20,273,0,0,0,22,0,0,0,0,0,0,0,0,0,42,0,0,421,88,0,0,0,0,0,0,0,0,0,0,0,0,0,0,0,0,0,0,0,3,0,0,0,0,0,0,0,,,,,,,,,,,,,,,,
1092.161,0,0,0,0,0,0,0,0,12,0,0,0,0,89,29,3,5517,0,0,0,0,20,273,0,0,0,22,0,0,0,0,0,0,0,0,0,42,0,0,421,88,0,0,0,0,0,0,0,0,0,0,0,0,0,0,0,0,0,0,0,3,0,0,0,0,0,0,0,,,,,,,,,,,,,,,,
1092.161,0,0,0,0,0,0,0,0,12,0,0,0,0,89,29,3,5517,0,0,0,0,20,273,0,0,0,22,0,0,0,0,0,0,0,0,0,42,0,0,421,88,0,0,0,0,0,0,0,0,0,0,0,0,0,0,0,0,0,0,0,3,0,0,0,0,0,0,0,,,,,,,,,,,,,,,,
1092.161,0,0,0,0,0,0,0,0,12,0,0,0,0,89,29,3,4680,0,0,0,0,20,273,0,0,0,22,0,0,0,0,0,0,0,0,0,42,0,0,421,88,0,0,0,0,0,0,0,0,0,0,0,0,0,0,0,0,0,0,0,3,0,0,0,0,0,0,0,,,,,,,,,,,,,,,,
1092.736,0,0,0,0,0,0,0,0,12,0,0,0,0,89,29,3,4680,0,0,0,0,20,273,0,0,0,24,0,0,0,0,0,0,0,0,0,42,0,0,421,88,0,0,0,0,0,0,0,0,0,0,0,0,0,0,0,0,0,0,0,3,0,0,0,0,0,0,0,,,,,,,,,,,,,,,,
1092.736,0,0,0,0,0,0,0,0,12,0,0,0,0,89,29,3,4680,0,0,0,0,20,273,0,0,0,24,0,0,0,0,0,0,0,0,0,42,0,0,421,88,0,0,0,0,0,0,0,0,0,0,0,0,0,0,0,0,0,0,0,3,0,0,0,0,0,0,0,,,,,,,,,,,,,,,,
1092.736,0,0,0,0,0,0,0,0,12,0,0,0,0,89,29,3,4680,0,0,0,0,20,273,0,0,0,24,0,0,0,0,0,0,0,0,0,42,0,0,421,88,0,0,0,0,0,0,0,0,0,0,0,0,0,0,0,0,0,0,0,3,0,0,0,0,0,0,0,,,,,,,,,,,,,,,,
1093.301,0,0,0,0,0,0,0,0,12,0,0,0,0,89,29,3,4680,0,0,0,0,20,282,0,0,0,24,0,0,0,0,0,0,0,0,0,42,0,0,421,88,0,0,0,0,0,0,0,0,0,0,0,0,0,0,0,0,0,0,0,3,0,0,0,0,0,0,0,,,,,,,,,,,,,,,,
1093.301,0,0,0,0,0,0,0,0,12,0,0,0,0,89,29,3,4680,0,0,0,0,20,282,0,0,0,24,0,0,0,0,0,0,0,0,0,42,0,0,391,88,0,0,0,0,0,0,0,0,0,0,0,0,0,0,0,0,0,0,0,3,0,0,0,0,0,0,0,,,,,,,,,,,,,,,,
1093.301,0,0,0,0,0,0,0,0,12,0,0,0,0,89,29,3,4680,0,0,0,0,20,282,0,0,0,24,0,0,0,0,0,0,0,0,0,51,0,0,391,88,0,0,0,0,0,0,0,0,0,0,0,0,0,0,0,0,0,0,0,3,0,0,0,0,0,0,0,,,,,,,,,,,,,,,,
1093.958,0,0,0,0,0,0,0,0,12,0,0,0,0,89,29,3,4680,0,0,0,0,20,282,0,0,0,24,0,0,0,0,0,0,0,0,0,51,0,0,391,88,0,0,0,0,0,0,0,0,0,0,0,0,0,0,0,0,0,0,0,3,0,0,0,0,0,0,0,,,,,,,,,,,,,,,,
1093.958,0,0,0,0,0,0,0,0,12,0,0,0,0,89,29,3,4680,0,0,0,0,20,282,0,0,0,24,0,0,0,0,0,0,0,0,0,51,0,0,391,88,0,0,0,0,0,0,0,0,0,0,0,0,0,0,0,0,0,0,0,3,0,0,0,0,0,0,0,,,,,,,,,,,,,,,,
1093.958,0,0,0,0,0,0,0,0,12,0,0,0,0,89,29,3,4680,0,0,0,0,20,282,0,0,0,24,0,0,0,0,0,0,0,0,0,51,0,0,391,88,0,0,0,0,0,0,0,0,0,0,0,0,0,0,0,0,0,0,0,3,0,0,0,0,0,0,0,,,,,,,,,,,,,,,,
1093.958,0,0,0,0,0,0,0,0,12,0,0,0,0,89,29,3,4680,0,0,0,0,20,282,0,0,0,24,0,0,0,0,0,0,0,0,0,51,0,0,391,88,0,0,0,0,0,0,0,0,0,0,0,0,0,0,0,0,0,0,0,3,0,0,0,0,0,0,0,,,,,,,,,,,,,,,,
1094.527,0,0,0,0,0,0,0,0,12,0,0,0,0,89,29,3,4680,0,0,0,0,20,282,0,0,0,24,0,0,0,0,0,0,0,0,0,51,0,0,391,88,0,0,0,0,0,0,0,0,0,0,0,0,0,0,0,0,0,0,0,3,0,0,0,0,0,0,0,,,,,,,,,,,,,,,,
1094.527,0,0,0,0,0,0,0,0,12,0,0,0,0,89,29,3,4680,0,0,0,0,20,282,0,0,0,24,0,0,0,0,0,0,0,0,0,51,0,0,391,88,0,0,0,0,0,0,0,0,0,0,0,0,0,0,0,0,0,0,0,3,0,0,0,0,0,0,0,,,,,,,,,,,,,,,,
1094.527,0,0,0,0,0,0,0,0,12,0,0,0,0,89,29,3,4680,0,0,0,0,20,282,0,0,0,24,0,0,0,0,0,0,0,0,0,51,0,0,391,88,0,0,0,0,0,0,0,0,0,0,0,0,0,0,0,0,0,0,0,3,0,0,0,0,0,0,0,,,,,,,,,,,,,,,,
1095.100,0,0,0,0,0,0,0,0,12,0,0,0,0,89,29,3,4680,0,0,0,0,20,282,0,0,0,24,0,0,0,0,0,0,0,0,0,51,0,0,391,88,0,0,0,0,0,0,0,0,0,0,0,0,0,0,0,0,0,0,0,3,0,0,0,0,0,0,0,,,,,,,,,,,,,,,,
1095.100,0,0,0,0,0,0,0,0,12,0,0,0,0,89,29,3,4680,0,0,0,0,20,282,0,0,0,24,0,0,0,0,0,0,0,0,0,51,0,0,373,88,0,0,0,0,0,0,0,0,0,0,0,0,0,0,0,0,0,0,0,3,0,0,0,0,0,0,0,,,,,,,,,,,,,,,,
1095.100,0,0,0,0,0,0,0,0,12,0,0,0,0,89,29,3,4680,0,0,0,0,20,282,0,0,0,24,0,0,0,0,0,0,0,0,0,51,0,0,373,88,0,0,0,0,0,0,0,0,0,0,0,0,0,0,0,0,0,0,0,3,0,0,0,0,0,0,0,,,,,,,,,,,,,,,,
1095.667,0,0,0,0,0,0,0,0,12,0,0,0,0,89,29,3,4680,0,0,0,0,20,282,0,0,0,24,0,0,0,0,0,0,0,0,0,51,0,0,373,88,0,0,0,0,0,0,0,0,0,0,0,0,0,0,0,0,0,0,0,3,0,0,0,0,0,0,0,,,,,,,,,,,,,,,,
1095.667,0,0,0,0,0,0,0,0,12,0,0,0,0,89,29,3,4680,0,0,0,0,20,282,0,0,0,24,0,0,0,0,0,0,0,0,0,51,0,0,373,88,0,0,0,0,0,0,0,0,0,0,0,0,0,0,0,0,0,0,0,3,0,0,0,0,0,0,0,,,,,,,,,,,,,,,,
1095.667,0,0,0,0,0,0,0,0,12,0,0,0,0,89,29,3,4680,0,0,0,0,20,282,0,0,0,24,0,0,0,0,0,0,0,0,0,51,0,0,373,88,0,0,0,0,0,0,0,0,0,0,0,0,0,0,0,0,0,0,0,2,0,0,0,0,0,0,0,,,,,,,,,,,,,,,,
1096.456,0,0,0,0,0,0,0,0,12,0,0,0,0,89,29,3,4680,0,0,0,0,20,282,0,0,0,24,0,0,0,0,0,0,0,0,0,51,0,0,373,88,0,0,0,0,0,0,0,0,0,0,0,0,0,0,0,0,0,0,0,2,0,0,0,0,0,0,0,,,,,,,,,,,,,,,,
1096.456,0,0,0,0,0,0,0,0,12,0,0,0,0,89,29,3,4680,0,0,0,0,20,282,0,0,0,24,0,0,0,0,0,0,0,0,0,51,0,0,373,88,0,0,0,0,0,0,0,0,0,0,0,0,0,0,0,0,0,0,0,2,0,0,0,0,0,0,0,,,,,,,,,,,,,,,,
1096.456,0,0,0,0,0,0,0,0,12,0,0,0,0,89,29,3,4680,0,0,0,0,20,282,0,0,0,24,0,0,0,0,0,0,0,0,0,51,0,0,373,89,0,0,0,0,0,0,0,0,0,0,0,0,0,0,0,0,0,0,0,2,0,0,0,0,0,0,0,,,,,,,,,,,,,,,,
1097.023,0,0,0,0,0,0,0,0,12,0,0,0,0,89,29,3,4680,0,0,0,0,20,282,0,0,0,24,0,0,0,0,0,0,0,0,0,51,0,0,373,89,0,0,0,0,0,0,0,0,0,0,0,0,0,0,0,0,0,0,0,2,0,0,0,0,0,0,0,,,,,,,,,,,,,,,,
1097.023,0,0,0,0,0,0,0,0,12,0,0,0,0,89,29,3,4680,0,0,0,0,20,282,0,0,0,24,0,0,0,0,0,0,0,0,0,51,0,0,380,89,0,0,0,0,0,0,0,0,0,0,0,0,0,0,0,0,0,0,0,2,0,0,0,0,0,0,0,,,,,,,,,,,,,,,,
1097.023,0,0,0,0,0,0,0,0,12,0,0,0,0,89,29,3,4680,0,0,0,0,20,282,0,0,0,24,0,0,0,0,0,0,0,0,0,51,0,0,380,89,0,0,0,0,0,0,0,0,0,0,0,0,0,0,0,0,0,0,0,2,0,0,0,0,0,0,0,,,,,,,,,,,,,,,,
1098.451,0,0,0,0,0,0,0,0,12,0,0,0,0,89,29,3,4680,0,0,0,0,20,282,0,0,0,24,0,0,0,0,0,0,0,0,0,51,0,0,380,89,0,0,0,0,0,0,0,0,0,0,0,0,0,0,0,0,0,0,0,2,0,0,0,0,0,0,0,,,,,,,,,,,,,,,,
1098.451,0,0,0,0,0,0,0,0,12,0,0,0,0,89,29,3,4680,0,0,0,0,20,282,0,0,0,24,0,0,0,0,0,0,0,0,0,51,0,0,380,89,0,0,0,0,0,0,0,0,0,0,0,0,0,0,0,0,0,0,0,2,0,0,0,0,0,0,0,,,,,,,,,,,,,,,,
1098.451,0,0,0,0,0,0,0,0,12,0,0,0,0,89,29,3,4680,0,0,0,0,20,282,0,0,0,24,0,0,0,0,0,0,0,0,0,51,0,0,380,89,0,0,0,0,0,0,0,0,0,0,0,0,0,0,0,0,0,0,0,2,0,0,0,0,0,0,0,,,,,,,,,,,,,,,,
1099.019,0,0,0,0,0,0,0,0,12,0,0,0,0,89,29,3,4680,0,0,0,0,20,283,0,0,0,24,0,0,0,0,0,0,0,0,0,51,0,0,380,89,0,0,0,0,0,0,0,0,0,0,0,0,0,0,0,0,0,0,0,2,0,0,0,0,0,0,0,,,,,,,,,,,,,,,,
1099.019,0,0,0,0,0,0,0,0,12,0,0,0,0,89,29,3,4680,0,0,0,0,20,283,0,0,0,24,0,0,0,0,0,0,0,0,0,51,0,0,407,89,0,0,0,0,0,0,0,0,0,0,0,0,0,0,0,0,0,0,0,2,0,0,0,0,0,0,0,,,,,,,,,,,,,,,,
1099.019,0,0,0,0,0,0,0,0,12,0,0,0,0,89,29,3,4680,0,0,0,0,20,283,0,0,0,24,0,0,0,0,0,0,0,0,0,53,0,0,407,89,0,0,0,0,0,0,0,0,0,0,0,0,0,0,0,0,0,0,0,2,0,0,0,0,0,0,0,,,,,,,,,,,,,,,,
1099.593,0,0,0,0,0,0,0,0,12,0,0,0,0,89,29,3,4680,0,0,0,0,20,283,0,0,0,24,0,0,0,0,0,0,0,0,0,53,0,0,407,89,0,0,0,0,0,0,0,0,0,0,0,0,0,0,0,0,0,0,0,2,0,0,0,0,0,0,0,,,,,,,,,,,,,,,,
1099.593,0,0,0,0,0,0,0,0,12,0,0,0,0,89,29,3,4680,0,0,0,0,20,283,0,0,0,24,0,0,0,0,0,0,0,0,0,53,0,0,407,89,0,0,0,0,0,0,0,0,0,0,0,0,0,0,0,0,0,0,0,2,0,0,0,0,0,0,0,,,,,,,,,,,,,,,,
1099.593,0,0,0,0,0,0,0,0,12,0,0,0,0,89,29,3,4680,0,0,0,0,20,283,0,0,0,24,0,0,0,0,0,0,0,0,0,53,0,0,407,89,0,0,0,0,0,0,0,0,0,0,0,0,0,0,0,0,0,0,0,4,0,0,0,0,0,0,0,,,,,,,,,,,,,,,,
1100.162,0,0,0,0,0,0,0,0,12,0,0,0,0,89,29,3,4680,0,0,0,0,20,283,0,0,0,24,0,0,0,0,0,0,0,0,0,53,0,0,407,89,0,0,0,0,0,0,0,0,0,0,0,0,0,0,0,0,0,0,0,4,0,0,0,0,0,0,0,,,,,,,,,,,,,,,,
1100.162,0,0,0,0,0,0,0,0,12,0,0,0,0,89,29,3,4680,0,0,0,0,20,283,0,0,0,24,0,0,0,0,0,0,0,0,0,53,0,0,407,89,0,0,0,0,0,0,0,0,0,0,0,0,0,0,0,0,0,0,0,4,0,0,0,0,0,0,0,,,,,,,,,,,,,,,,
1100.162,0,0,0,0,0,0,0,0,12,0,0,0,0,89,29,3,4680,0,0,0,0,20,283,0,0,0,24,0,0,0,0,0,0,0,0,0,53,0,0,407,89,0,0,0,0,0,0,0,0,0,0,0,0,0,0,0,0,0,0,0,4,0,0,0,0,0,0,0,,,,,,,,,,,,,,,,
1100.162,0,0,0,0,0,0,0,0,12,0,0,0,0,89,29,3,4680,0,0,0,0,20,283,0,0,0,24,0,0,0,0,0,0,0,0,0,53,0,0,407,89,0,0,0,0,0,0,0,0,0,0,0,0,0,0,0,0,0,0,0,4,0,0,0,0,0,0,0,,,,,,,,,,,,,,,,
1100.729,0,0,0,0,0,0,0,0,12,0,0,0,0,89,29,3,4680,0,0,0,0,20,283,0,0,0,24,0,0,0,0,0,0,0,0,0,53,0,0,407,89,0,0,0,0,0,0,0,0,0,0,0,0,0,0,0,0,0,0,0,4,0,0,0,0,0,0,0,,,,,,,,,,,,,,,,
1100.729,0,0,0,0,0,0,0,0,12,0,0,0,0,89,29,3,4680,0,0,0,0,20,283,0,0,0,24,0,0,0,0,0,0,0,0,0,53,0,0,407,89,0,0,0,0,0,0,0,0,0,0,0,0,0,0,0,0,0,0,0,4,0,0,0,0,0,0,0,,,,,,,,,,,,,,,,
1100.729,0,0,0,0,0,0,0,0,12,0,0,0,0,89,29,3,4680,0,0,0,0,20,283,0,0,0,24,0,0,0,0,0,0,0,0,0,53,0,0,407,89,0,0,0,0,0,0,0,0,0,0,0,0,0,0,0,0,0,0,0,4,0,0,0,0,0,0,0,,,,,,,,,,,,,,,,
1100.729,0,0,0,0,0,0,0,0,12,0,0,0,0,89,29,3,3984,0,0,0,0,20,283,0,0,0,24,0,0,0,0,0,0,0,0,0,53,0,0,407,89,0,0,0,0,0,0,0,0,0,0,0,0,0,0,0,0,0,0,0,4,0,0,0,0,0,0,0,,,,,,,,,,,,,,,,
1101.302,0,0,0,0,0,0,0,0,12,0,0,0,0,89,29,3,3984,0,0,0,0,20,283,0,0,0,24,0,0,0,0,0,0,0,0,0,53,0,0,407,89,0,0,0,0,0,0,0,0,0,0,0,0,0,0,0,0,0,0,0,4,0,0,0,0,0,0,0,,,,,,,,,,,,,,,,
1101.302,0,0,0,0,0,0,0,0,12,0,0,0,0,89,29,3,3984,0,0,0,0,20,283,0,0,0,24,0,0,0,0,0,0,0,0,0,53,0,0,407,89,0,0,0,0,0,0,0,0,0,0,0,0,0,0,0,0,0,0,0,4,0,0,0,0,0,0,0,,,,,,,,,,,,,,,,
1101.302,0,0,0,0,0,0,0,0,12,0,0,0,0,89,29,3,3984,0,0,0,0,20,283,0,0,0,24,0,0,0,0,0,0,0,0,0,53,0,0,407,89,0,0,0,0,0,0,0,0,0,0,0,0,0,0,0,0,0,0,0,4,0,0,0,0,0,0,0,,,,,,,,,,,,,,,,
1101.958,0,0,0,0,0,0,0,0,12,0,0,0,0,89,29,3,3984,0,0,0,0,20,292,0,0,0,24,0,0,0,0,0,0,0,0,0,53,0,0,407,89,0,0,0,0,0,0,0,0,0,0,0,0,0,0,0,0,0,0,0,4,0,0,0,0,0,0,0,,,,,,,,,,,,,,,,
1101.958,0,0,0,0,0,0,0,0,12,0,0,0,0,89,29,3,3984,0,0,0,0,20,292,0,0,0,24,0,0,0,0,0,0,0,0,0,53,0,0,427,89,0,0,0,0,0,0,0,0,0,0,0,0,0,0,0,0,0,0,0,4,0,0,0,0,0,0,0,,,,,,,,,,,,,,,,
1101.958,0,0,0,0,0,0,0,0,12,0,0,0,0,89,29,3,3984,0,0,0,0,20,292,0,0,0,24,0,0,0,0,0,0,0,0,0,63,0,0,427,89,0,0,0,0,0,0,0,0,0,0,0,0,0,0,0,0,0,0,0,4,0,0,0,0,0,0,0,,,,,,,,,,,,,,,,
1102.525,0,0,0,0,0,0,0,0,12,0,0,0,0,89,29,3,3984,0,0,0,0,20,292,0,0,0,23,0,0,0,0,0,0,0,0,0,63,0,0,427,89,0,0,0,0,0,0,0,0,0,0,0,0,0,0,0,0,0,0,0,4,0,0,0,0,0,0,0,,,,,,,,,,,,,,,,
1102.525,0,0,0,0,0,0,0,0,12,0,0,0,0,89,29,3,3984,0,0,0,0,20,292,0,0,0,23,0,0,0,0,0,0,0,0,0,63,0,0,427,89,0,0,0,0,0,0,0,0,0,0,0,0,0,0,0,0,0,0,0,4,0,0,0,0,0,0,0,,,,,,,,,,,,,,,,
1102.525,0,0,0,0,0,0,0,0,12,0,0,0,0,89,29,3,3984,0,0,0,0,20,292,0,0,0,23,0,0,0,0,0,0,0,0,0,63,0,0,427,89,0,0,0,0,0,0,0,0,0,0,0,0,0,0,0,0,0,0,0,4,0,0,0,0,0,0,0,,,,,,,,,,,,,,,,
1103.095,0,0,0,0,0,0,0,0,12,0,0,0,0,89,29,3,3984,0,0,0,0,20,292,0,0,0,23,0,0,0,0,0,0,0,0,0,63,0,0,427,89,0,0,0,0,0,0,0,0,0,0,0,0,0,0,0,0,0,0,0,4,0,0,0,0,0,0,0,,,,,,,,,,,,,,,,
1103.095,0,0,0,0,0,0,0,0,12,0,0,0,0,89,29,3,3984,0,0,0,0,21,292,0,0,0,23,0,0,0,0,0,0,0,0,0,63,0,0,427,89,0,0,0,0,0,0,0,0,0,0,0,0,0,0,0,0,0,0,0,4,0,0,0,0,0,0,0,,,,,,,,,,,,,,,,
1103.095,0,0,0,0,0,0,0,0,12,0,0,0,0,89,29,3,3984,0,0,0,0,21,292,0,0,0,23,0,0,0,0,0,0,0,0,0,63,0,0,427,89,0,0,0,0,0,0,0,0,0,0,0,0,0,0,0,0,0,0,0,11,0,0,0,0,0,0,0,,,,,,,,,,,,,,,,
1103.954,0,0,0,0,0,0,0,0,12,0,0,0,0,89,29,3,3984,0,0,0,0,21,283,0,0,0,23,0,0,0,0,0,0,0,0,0,63,0,0,427,89,0,0,0,0,0,0,0,0,0,0,0,0,0,0,0,0,0,0,0,11,0,0,0,0,0,0,0,,,,,,,,,,,,,,,,
1103.954,0,0,0,0,0,0,0,0,12,0,0,0,0,89,29,3,3984,0,0,0,0,21,283,0,0,0,23,0,0,0,0,0,0,0,0,0,63,0,0,428,89,0,0,0,0,0,0,0,0,0,0,0,0,0,0,0,0,0,0,0,11,0,0,0,0,0,0,0,,,,,,,,,,,,,,,,
1103.954,0,0,0,0,0,0,0,0,12,0,0,0,0,89,29,3,3984,0,0,0,0,21,283,0,0,0,23,0,0,0,0,0,0,0,0,0,52,0,0,428,89,0,0,0,0,0,0,0,0,0,0,0,0,0,0,0,0,0,0,0,11,0,0,0,0,0,0,0,,,,,,,,,,,,,,,,
1104.521,0,0,0,0,0,0,0,0,12,0,0,0,0,89,29,3,3984,0,0,0,0,21,283,0,0,0,23,0,0,0,0,0,0,0,0,0,52,0,0,428,89,0,0,0,0,0,0,0,0,0,0,0,0,0,0,0,0,0,0,0,11,0,0,0,0,0,0,0,,,,,,,,,,,,,,,,
1104.521,0,0,0,0,0,0,0,0,12,0,0,0,0,89,29,3,3984,0,0,0,0,21,283,0,0,0,23,0,0,0,0,0,0,0,0,0,52,0,0,428,89,0,0,0,0,0,0,0,0,0,0,0,0,0,0,0,0,0,0,0,11,0,0,0,0,0,0,0,,,,,,,,,,,,,,,,
1104.521,0,0,0,0,0,0,0,0,12,0,0,0,0,89,29,3,3984,0,0,0,0,21,283,0,0,0,23,0,0,0,0,0,0,0,0,0,52,0,0,428,89,0,0,0,0,0,0,0,0,0,0,0,0,0,0,0,0,0,0,0,11,0,0,0,0,0,0,0,,,,,,,,,,,,,,,,
1104.521,0,0,0,0,0,0,0,0,12,0,0,0,0,89,29,3,3984,0,0,0,0,21,283,0,0,0,23,0,0,0,0,0,0,0,0,0,52,0,0,428,89,0,0,0,0,0,0,0,0,0,0,0,0,0,0,0,0,0,0,0,11,0,0,0,0,0,0,0,,,,,,,,,,,,,,,,
1105.092,0,0,0,0,0,0,0,0,12,0,0,0,0,89,29,3,3984,0,0,0,0,21,283,0,0,0,23,0,0,0,0,0,0,0,0,0,52,0,0,428,89,0,0,0,0,0,0,0,0,0,0,0,0,0,0,0,0,0,0,0,11,0,0,0,0,0,0,0,,,,,,,,,,,,,,,,
1105.092,0,0,0,0,0,0,0,0,12,0,0,0,0,89,29,3,3984,0,0,0,0,21,283,0,0,0,23,0,0,0,0,0,0,0,0,0,52,0,0,428,89,0,0,0,0,0,0,0,0,0,0,0,0,0,0,0,0,0,0,0,11,0,0,0,0,0,0,0,,,,,,,,,,,,,,,,
1105.092,0,0,0,0,0,0,0,0,12,0,0,0,0,89,29,3,3984,0,0,0,0,21,283,0,0,0,23,0,0,0,0,0,0,0,0,0,52,0,0,428,89,0,0,0,0,0,0,0,0,0,0,0,0,0,0,0,0,0,0,0,11,0,0,0,0,0,0,0,,,,,,,,,,,,,,,,
1105.957,0,0,0,0,0,0,0,0,12,0,0,0,0,89,29,3,3984,0,0,0,0,21,277,0,0,0,23,0,0,0,0,0,0,0,0,0,52,0,0,428,89,0,0,0,0,0,0,0,0,0,0,0,0,0,0,0,0,0,0,0,11,0,0,0,0,0,0,0,,,,,,,,,,,,,,,,
1105.957,0,0,0,0,0,0,0,0,12,0,0,0,0,89,29,3,3984,0,0,0,0,21,277,0,0,0,23,0,0,0,0,0,0,0,0,0,52,0,0,402,89,0,0,0,0,0,0,0,0,0,0,0,0,0,0,0,0,0,0,0,11,0,0,0,0,0,0,0,,,,,,,,,,,,,,,,
1105.957,0,0,0,0,0,0,0,0,12,0,0,0,0,89,29,3,3984,0,0,0,0,21,277,0,0,0,23,0,0,0,0,0,0,0,0,0,47,0,0,402,89,0,0,0,0,0,0,0,0,0,0,0,0,0,0,0,0,0,0,0,11,0,0,0,0,0,0,0,,,,,,,,,,,,,,,,
1106.527,0,0,0,0,0,0,0,0,12,0,0,0,0,89,29,3,3984,0,0,0,0,21,277,0,0,0,24,0,0,0,0,0,0,0,0,0,47,0,0,402,89,0,0,0,0,0,0,0,0,0,0,0,0,0,0,0,0,0,0,0,11,0,0,0,0,0,0,0,,,,,,,,,,,,,,,,
1106.527,0,0,0,0,0,0,0,0,12,0,0,0,0,89,29,3,3984,0,0,0,0,21,277,0,0,0,24,0,0,0,0,0,0,0,0,0,47,0,0,402,89,0,0,0,0,0,0,0,0,0,0,0,0,0,0,0,0,0,0,0,11,0,0,0,0,0,0,0,,,,,,,,,,,,,,,,
1106.527,0,0,0,0,0,0,0,0,12,0,0,0,0,89,29,3,3984,0,0,0,0,21,277,0,0,0,24,0,0,0,0,0,0,0,0,0,47,0,0,402,89,0,0,0,0,0,0,0,0,0,0,0,0,0,0,0,0,0,0,0,11,0,0,0,0,0,0,0,,,,,,,,,,,,,,,,
1107.101,0,0,0,0,0,0,0,0,12,0,0,0,0,89,29,3,3984,0,0,0,0,21,277,0,0,0,24,0,0,0,0,0,0,0,0,0,47,0,0,402,89,0,0,0,0,0,0,0,0,0,0,0,0,0,0,0,0,0,0,0,11,0,0,0,0,0,0,0,,,,,,,,,,,,,,,,
1107.101,0,0,0,0,0,0,0,0,12,0,0,0,0,89,29,3,3984,0,0,0,0,21,277,0,0,0,24,0,0,0,0,0,0,0,0,0,47,0,0,402,89,0,0,0,0,0,0,0,0,0,0,0,0,0,0,0,0,0,0,0,11,0,0,0,0,0,0,0,,,,,,,,,,,,,,,,
1107.101,0,0,0,0,0,0,0,0,12,0,0,0,0,89,29,3,3984,0,0,0,0,21,277,0,0,0,24,0,0,0,0,0,0,0,0,0,47,0,0,402,89,0,0,0,0,0,0,0,0,0,0,0,0,0,0,0,0,0,0,0,4,0,0,0,0,0,0,0,,,,,,,,,,,,,,,,
1107.667,0,0,0,0,0,0,0,0,12,0,0,0,0,89,29,3,3984,0,0,0,0,21,277,0,0,0,24,0,0,0,0,0,0,0,0,0,47,0,0,402,89,0,0,0,0,0,0,0,0,0,0,0,0,0,0,0,0,0,0,0,4,0,0,0,0,0,0,0,,,,,,,,,,,,,,,,
1107.667,0,0,0,0,0,0,0,0,12,0,0,0,0,89,29,3,3984,0,0,0,0,21,277,0,0,0,24,0,0,0,0,0,0,0,0,0,47,0,0,402,89,0,0,0,0,0,0,0,0,0,0,0,0,0,0,0,0,0,0,0,4,0,0,0,0,0,0,0,,,,,,,,,,,,,,,,
1107.667,0,0,0,0,0,0,0,0,12,0,0,0,0,89,29,3,3984,0,0,0,0,21,277,0,0,0,24,0,0,0,0,0,0,0,0,0,47,0,0,402,89,0,0,0,0,0,0,0,0,0,0,0,0,0,0,0,0,0,0,0,4,0,0,0,0,0,0,0,,,,,,,,,,,,,,,,
1107.667,0,0,0,0,0,0,0,0,12,0,0,0,0,89,29,3,4053,0,0,0,0,21,277,0,0,0,24,0,0,0,0,0,0,0,0,0,47,0,0,402,89,0,0,0,0,0,0,0,0,0,0,0,0,0,0,0,0,0,0,0,4,0,0,0,0,0,0,0,,,,,,,,,,,,,,,,
1108.242,0,0,0,0,0,0,0,0,12,0,0,0,0,89,29,3,4053,0,0,0,0,21,282,0,0,0,24,0,0,0,0,0,0,0,0,0,47,0,0,402,89,0,0,0,0,0,0,0,0,0,0,0,0,0,0,0,0,0,0,0,4,0,0,0,0,0,0,0,,,,,,,,,,,,,,,,
1108.242,0,0,0,0,0,0,0,0,12,0,0,0,0,89,29,3,4053,0,0,0,0,21,282,0,0,0,24,0,0,0,0,0,0,0,0,0,47,0,0,378,89,0,0,0,0,0,0,0,0,0,0,0,0,0,0,0,0,0,0,0,4,0,0,0,0,0,0,0,,,,,,,,,,,,,,,,
1108.242,0,0,0,0,0,0,0,0,12,0,0,0,0,89,29,3,4053,0,0,0,0,21,282,0,0,0,24,0,0,0,0,0,0,0,0,0,52,0,0,378,89,0,0,0,0,0,0,0,0,0,0,0,0,0,0,0,0,0,0,0,4,0,0,0,0,0,0,0,,,,,,,,,,,,,,,,
1108.807,0,0,0,0,0,0,0,0,12,0,0,0,0,89,29,3,4053,0,0,0,0,21,282,0,0,0,24,0,0,0,0,0,0,0,0,0,52,0,0,378,89,0,0,0,0,0,0,0,0,0,0,0,0,0,0,0,0,0,0,0,4,0,0,0,0,0,0,0,,,,,,,,,,,,,,,,
1108.807,0,0,0,0,0,0,0,0,12,0,0,0,0,90,29,3,4053,0,0,0,0,21,282,0,0,0,24,0,0,0,0,0,0,0,0,0,52,0,0,378,89,0,0,0,0,0,0,0,0,0,0,0,0,0,0,0,0,0,0,0,4,0,0,0,0,0,0,0,,,,,,,,,,,,,,,,
1108.807,0,0,0,0,0,0,0,0,12,0,0,0,0,90,29,3,4053,0,0,0,0,21,282,0,0,0,24,0,0,0,0,0,0,0,0,0,52,0,0,378,89,0,0,0,0,0,0,0,0,0,0,0,0,0,0,0,0,0,0,0,4,0,0,0,0,0,0,0,,,,,,,,,,,,,,,,
1109.377,0,0,0,0,0,0,0,0,12,0,0,0,0,90,29,3,4053,0,0,0,0,21,282,0,0,0,24,0,0,0,0,0,0,0,0,0,52,0,0,378,89,0,0,0,0,0,0,0,0,0,0,0,0,0,0,0,0,0,0,0,4,0,0,0,0,0,0,0,,,,,,,,,,,,,,,,
1109.377,0,0,0,0,0,0,0,0,12,0,0,0,0,90,29,3,4053,0,0,0,0,21,282,0,0,0,24,0,0,0,0,0,0,0,0,0,52,0,0,378,89,0,0,0,0,0,0,0,0,0,0,0,0,0,0,0,0,0,0,0,4,0,0,0,0,0,0,0,,,,,,,,,,,,,,,,
1109.377,0,0,0,0,0,0,0,0,12,0,0,0,0,90,29,3,4053,0,0,0,0,21,282,0,0,0,24,0,0,0,0,0,0,0,0,0,52,0,0,378,89,0,0,0,0,0,0,0,0,0,0,0,0,0,0,0,0,0,0,0,4,0,0,0,0,0,0,0,,,,,,,,,,,,,,,,
1109.377,0,0,0,0,0,0,0,0,12,0,0,0,0,90,29,3,4053,0,0,0,0,21,282,0,0,0,24,0,0,0,0,0,0,0,0,0,52,0,0,378,89,0,0,0,0,0,0,0,0,0,0,0,0,0,0,0,0,0,0,0,4,0,0,0,0,0,0,0,,,,,,,,,,,,,,,,
1109.954,0,0,0,0,0,0,0,0,12,0,0,0,0,90,29,3,4053,0,0,0,0,21,282,0,0,0,24,0,0,0,0,0,0,0,0,0,52,0,0,378,89,0,0,0,0,0,0,0,0,0,0,0,0,0,0,0,0,0,0,0,4,0,0,0,0,0,0,0,,,,,,,,,,,,,,,,
1109.954,0,0,0,0,0,0,0,0,12,0,0,0,0,90,29,3,4053,0,0,0,0,21,282,0,0,0,24,0,0,0,0,0,0,0,0,0,52,0,0,412,89,0,0,0,0,0,0,0,0,0,0,0,0,0,0,0,0,0,0,0,4,0,0,0,0,0,0,0,,,,,,,,,,,,,,,,
1109.954,0,0,0,0,0,0,0,0,12,0,0,0,0,90,29,3,4053,0,0,0,0,21,282,0,0,0,24,0,0,0,0,0,0,0,0,0,52,0,0,412,89,0,0,0,0,0,0,0,0,0,0,0,0,0,0,0,0,0,0,0,4,0,0,0,0,0,0,0,,,,,,,,,,,,,,,,
1110.523,0,0,0,0,0,0,0,0,12,0,0,0,0,90,29,3,4053,0,0,0,0,21,282,0,0,0,24,0,0,0,0,0,0,0,0,0,52,0,0,412,89,0,0,0,0,0,0,0,0,0,0,0,0,0,0,0,0,0,0,0,4,0,0,0,0,0,0,0,,,,,,,,,,,,,,,,
1110.523,0,0,0,0,0,0,0,0,12,0,0,0,0,90,29,3,4053,0,0,0,0,21,282,0,0,0,24,0,0,0,0,0,0,0,0,0,52,0,0,412,89,0,0,0,0,0,0,0,0,0,0,0,0,0,0,0,0,0,0,0,4,0,0,0,0,0,0,0,,,,,,,,,,,,,,,,
1110.523,0,0,0,0,0,0,0,0,12,0,0,0,0,90,29,3,4053,0,0,0,0,21,282,0,0,0,24,0,0,0,0,0,0,0,0,0,52,0,0,412,89,0,0,0,0,0,0,0,0,0,0,0,0,0,0,0,0,0,0,0,4,0,0,0,0,0,0,0,,,,,,,,,,,,,,,,
1111.099,0,0,0,0,0,0,0,0,12,0,0,0,0,90,29,3,4053,0,0,0,0,21,282,0,0,0,24,0,0,0,0,0,0,0,0,0,52,0,0,412,89,0,0,0,0,0,0,0,0,0,0,0,0,0,0,0,0,0,0,0,4,0,0,0,0,0,0,0,,,,,,,,,,,,,,,,
1111.099,0,0,0,0,0,0,0,0,12,0,0,0,0,90,29,3,4053,0,0,0,0,21,282,0,0,0,24,0,0,0,0,0,0,0,0,0,52,0,0,412,89,0,0,0,0,0,0,0,0,0,0,0,0,0,0,0,0,0,0,0,4,0,0,0,0,0,0,0,,,,,,,,,,,,,,,,
1111.099,0,0,0,0,0,0,0,0,12,0,0,0,0,90,29,3,4053,0,0,0,0,21,282,0,0,0,24,0,0,0,0,0,0,0,0,0,52,0,0,412,89,0,0,0,0,0,0,0,0,0,0,0,0,0,0,0,0,0,0,0,4,0,0,0,0,0,0,0,,,,,,,,,,,,,,,,
1111.950,0,0,0,0,0,0,0,0,12,0,0,0,0,90,29,3,4053,0,0,0,0,21,281,0,0,0,24,0,0,0,0,0,0,0,0,0,52,0,0,412,89,0,0,0,0,0,0,0,0,0,0,0,0,0,0,0,0,0,0,0,4,0,0,0,0,0,0,0,,,,,,,,,,,,,,,,
1111.950,0,0,0,0,0,0,0,0,12,0,0,0,0,90,29,3,4053,0,0,0,0,21,281,0,0,0,24,0,0,0,0,0,0,0,0,0,52,0,0,402,89,0,0,0,0,0,0,0,0,0,0,0,0,0,0,0,0,0,0,0,4,0,0,0,0,0,0,0,,,,,,,,,,,,,,,,
1111.950,0,0,0,0,0,0,0,0,12,0,0,0,0,90,29,3,4053,0,0,0,0,21,281,0,0,0,24,0,0,0,0,0,0,0,0,0,51,0,0,402,89,0,0,0,0,0,0,0,0,0,0,0,0,0,0,0,0,0,0,0,4,0,0,0,0,0,0,0,,,,,,,,,,,,,,,,
1112.519,0,0,0,0,0,0,0,0,12,0,0,0,0,90,29,3,4053,0,0,0,0,21,281,0,0,0,24,0,0,0,0,0,0,0,0,0,51,0,0,402,89,0,0,0,0,0,0,0,0,0,0,0,0,0,0,0,0,0,0,0,4,0,0,0,0,0,0,0,,,,,,,,,,,,,,,,
1112.519,0,0,0,0,0,0,0,0,12,0,0,0,0,90,29,3,4053,0,0,0,0,21,281,0,0,0,24,0,0,0,0,0,0,0,0,0,51,0,0,402,89,0,0,0,0,0,0,0,0,0,0,0,0,0,0,0,0,0,0,0,4,0,0,0,0,0,0,0,,,,,,,,,,,,,,,,
1112.519,0,0,0,0,0,0,0,0,12,0,0,0,0,90,29,3,4053,0,0,0,0,21,281,0,0,0,24,0,0,0,0,0,0,0,0,0,51,0,0,402,89,0,0,0,0,0,0,0,0,0,0,0,0,0,0,0,0,0,0,0,4,0,0,0,0,0,0,0,,,,,,,,,,,,,,,,
1113.956,0,0,0,0,0,0,0,0,12,0,0,0,0,90,29,3,4053,0,0,0,0,21,281,0,0,0,24,0,0,0,0,0,0,0,0,0,51,0,0,402,89,0,0,0,0,0,0,0,0,0,0,0,0,0,0,0,0,0,0,0,4,0,0,0,0,0,0,0,,,,,,,,,,,,,,,,
1113.956,0,0,0,0,0,0,0,0,12,0,0,0,0,90,29,3,4053,0,0,0,0,21,281,0,0,0,24,0,0,0,0,0,0,0,0,0,51,0,0,409,89,0,0,0,0,0,0,0,0,0,0,0,0,0,0,0,0,0,0,0,4,0,0,0,0,0,0,0,,,,,,,,,,,,,,,,
1113.956,0,0,0,0,0,0,0,0,12,0,0,0,0,90,29,3,4053,0,0,0,0,21,281,0,0,0,24,0,0,0,0,0,0,0,0,0,52,0,0,409,89,0,0,0,0,0,0,0,0,0,0,0,0,0,0,0,0,0,0,0,4,0,0,0,0,0,0,0,,,,,,,,,,,,,,,,
1114.525,0,0,0,0,0,0,0,0,12,0,0,0,0,90,29,3,4053,0,0,0,0,21,281,0,0,0,24,0,0,0,0,0,0,0,0,0,52,0,0,409,89,0,0,0,0,0,0,0,0,0,0,0,0,0,0,0,0,0,0,0,4,0,0,0,0,0,0,0,,,,,,,,,,,,,,,,
1114.525,0,0,0,0,0,0,0,0,12,0,0,0,0,90,29,3,4053,0,0,0,0,21,281,0,0,0,24,0,0,0,0,0,0,0,0,0,52,0,0,409,89,0,0,0,0,0,0,0,0,0,0,0,0,0,0,0,0,0,0,0,4,0,0,0,0,0,0,0,,,,,,,,,,,,,,,,
1114.525,0,0,0,0,0,0,0,0,12,0,0,0,0,90,29,3,4053,0,0,0,0,21,281,0,0,0,24,0,0,0,0,0,0,0,0,0,52,0,0,409,89,0,0,0,0,0,0,0,0,0,0,0,0,0,0,0,0,0,0,0,4,0,0,0,0,0,0,0,,,,,,,,,,,,,,,,
1114.525,0,0,0,0,0,0,0,0,12,0,0,0,0,90,29,3,4053,0,0,0,0,21,281,0,0,0,24,0,0,0,0,0,0,0,0,0,52,0,0,409,89,0,0,0,0,0,0,0,0,0,0,0,0,0,0,0,0,0,0,0,4,0,0,0,0,0,0,0,,,,,,,,,,,,,,,,
1115.098,0,0,0,0,0,0,0,0,12,0,0,0,0,90,29,3,4053,0,0,0,0,21,281,0,0,0,24,0,0,0,0,0,0,0,0,0,52,0,0,409,89,0,0,0,0,0,0,0,0,0,0,0,0,0,0,0,0,0,0,0,4,0,0,0,0,0,0,0,,,,,,,,,,,,,,,,
1115.098,0,0,0,0,0,0,0,0,12,0,0,0,0,90,29,3,4053,0,0,0,0,21,281,0,0,0,24,0,0,0,0,0,0,0,0,0,52,0,0,409,89,0,0,0,0,0,0,0,0,0,0,0,0,0,0,0,0,0,0,0,4,0,0,0,0,0,0,0,,,,,,,,,,,,,,,,
1115.098,0,0,0,0,0,0,0,0,12,0,0,0,0,90,29,3,4053,0,0,0,0,21,281,0,0,0,24,0,0,0,0,0,0,0,0,0,52,0,0,409,89,0,0,0,0,0,0,0,0,0,0,0,0,0,0,0,0,0,0,0,4,0,0,0,0,0,0,0,,,,,,,,,,,,,,,,
1115.665,0,0,0,0,0,0,0,0,12,0,0,0,0,90,29,3,4053,0,0,0,0,21,281,0,0,0,24,0,0,0,0,0,0,0,0,0,52,0,0,409,89,0,0,0,0,0,0,0,0,0,0,0,0,0,0,0,0,0,0,0,4,0,0,0,0,0,0,0,,,,,,,,,,,,,,,,
1115.665,0,0,0,0,0,0,0,0,12,0,0,0,0,90,29,3,4053,0,0,0,0,21,281,0,0,0,24,0,0,0,0,0,0,0,0,0,52,0,0,409,89,0,0,0,0,0,0,0,0,0,0,0,0,0,0,0,0,0,0,0,4,0,0,0,0,0,0,0,,,,,,,,,,,,,,,,
1115.665,0,0,0,0,0,0,0,0,12,0,0,0,0,90,29,3,4053,0,0,0,0,21,281,0,0,0,24,0,0,0,0,0,0,0,0,0,52,0,0,409,89,0,0,0,0,0,0,0,0,0,0,0,0,0,0,0,0,0,0,0,4,0,0,0,0,0,0,0,,,,,,,,,,,,,,,,
1115.665,0,0,0,0,0,0,0,0,12,0,0,0,0,90,29,3,4031,0,0,0,0,21,281,0,0,0,24,0,0,0,0,0,0,0,0,0,52,0,0,409,89,0,0,0,0,0,0,0,0,0,0,0,0,0,0,0,0,0,0,0,4,0,0,0,0,0,0,0,,,,,,,,,,,,,,,,
1116.235,0,0,0,0,0,0,0,0,12,0,0,0,0,90,29,3,4031,0,0,0,0,21,280,0,0,0,24,0,0,0,0,0,0,0,0,0,52,0,0,409,89,0,0,0,0,0,0,0,0,0,0,0,0,0,0,0,0,0,0,0,4,0,0,0,0,0,0,0,,,,,,,,,,,,,,,,
1116.235,0,0,0,0,0,0,0,0,12,0,0,0,0,90,29,3,4031,0,0,0,0,21,280,0,0,0,24,0,0,0,0,0,0,0,0,0,52,0,0,406,89,0,0,0,0,0,0,0,0,0,0,0,0,0,0,0,0,0,0,0,4,0,0,0,0,0,0,0,,,,,,,,,,,,,,,,
1116.235,0,0,0,0,0,0,0,0,12,0,0,0,0,90,29,3,4031,0,0,0,0,21,280,0,0,0,24,0,0,0,0,0,0,0,0,0,51,0,0,406,89,0,0,0,0,0,0,0,0,0,0,0,0,0,0,0,0,0,0,0,4,0,0,0,0,0,0,0,,,,,,,,,,,,,,,,
1116.806,0,0,0,0,0,0,0,0,12,0,0,0,0,90,29,3,4031,0,0,0,0,21,280,0,0,0,24,0,0,0,0,0,0,0,0,0,51,0,0,406,89,0,0,0,0,0,0,0,0,0,0,0,0,0,0,0,0,0,0,0,4,0,0,0,0,0,0,0,,,,,,,,,,,,,,,,
1116.806,0,0,0,0,0,0,0,0,12,0,0,0,0,90,29,3,4031,0,0,0,0,22,280,0,0,0,24,0,0,0,0,0,0,0,0,0,51,0,0,406,89,0,0,0,0,0,0,0,0,0,0,0,0,0,0,0,0,0,0,0,4,0,0,0,0,0,0,0,,,,,,,,,,,,,,,,
1116.806,0,0,0,0,0,0,0,0,12,0,0,0,0,90,29,3,4031,0,0,0,0,22,280,0,0,0,24,0,0,0,0,0,0,0,0,0,51,0,0,406,89,0,0,0,0,0,0,0,0,0,0,0,0,0,0,0,0,0,0,0,3,0,0,0,0,0,0,0,,,,,,,,,,,,,,,,
1117.375,0,0,0,0,0,0,0,0,12,0,0,0,0,90,29,3,4031,0,0,0,0,22,280,0,0,0,24,0,0,0,0,0,0,0,0,0,51,0,0,406,89,0,0,0,0,0,0,0,0,0,0,0,0,0,0,0,0,0,0,0,3,0,0,0,0,0,0,0,,,,,,,,,,,,,,,,
1117.375,0,0,0,0,0,0,0,0,12,0,0,0,0,90,29,3,4031,0,0,0,0,22,280,0,0,0,24,0,0,0,0,0,0,0,0,0,51,0,0,406,89,0,0,0,0,0,0,0,0,0,0,0,0,0,0,0,0,0,0,0,3,0,0,0,0,0,0,0,,,,,,,,,,,,,,,,
1117.375,0,0,0,0,0,0,0,0,12,0,0,0,0,90,29,3,4031,0,0,0,0,22,280,0,0,0,24,0,0,0,0,0,0,0,0,0,51,0,0,406,89,0,0,0,0,0,0,0,0,0,0,0,0,0,0,0,0,0,0,0,3,0,0,0,0,0,0,0,,,,,,,,,,,,,,,,
1117.951,0,0,0,0,0,0,0,0,12,0,0,0,0,90,29,3,4031,0,0,0,0,22,281,0,0,0,24,0,0,0,0,0,0,0,0,0,51,0,0,406,89,0,0,0,0,0,0,0,0,0,0,0,0,0,0,0,0,0,0,0,3,0,0,0,0,0,0,0,,,,,,,,,,,,,,,,
1117.951,0,0,0,0,0,0,0,0,12,0,0,0,0,90,29,3,4031,0,0,0,0,22,281,0,0,0,24,0,0,0,0,0,0,0,0,0,51,0,0,409,89,0,0,0,0,0,0,0,0,0,0,0,0,0,0,0,0,0,0,0,3,0,0,0,0,0,0,0,,,,,,,,,,,,,,,,
1117.951,0,0,0,0,0,0,0,0,12,0,0,0,0,90,29,3,4031,0,0,0,0,22,281,0,0,0,24,0,0,0,0,0,0,0,0,0,52,0,0,409,89,0,0,0,0,0,0,0,0,0,0,0,0,0,0,0,0,0,0,0,3,0,0,0,0,0,0,0,,,,,,,,,,,,,,,,
1118.521,0,0,0,0,0,0,0,0,12,0,0,0,0,90,29,3,4031,0,0,0,0,22,281,0,0,0,24,0,0,0,0,0,0,0,0,0,52,0,0,409,89,0,0,0,0,0,0,0,0,0,0,0,0,0,0,0,0,0,0,0,3,0,0,0,0,0,0,0,,,,,,,,,,,,,,,,
1118.521,0,0,0,0,0,0,0,0,12,0,0,0,0,90,29,3,4031,0,0,0,0,22,281,0,0,0,24,0,0,0,0,0,0,0,0,0,52,0,0,409,89,0,0,0,0,0,0,0,0,0,0,0,0,0,0,0,0,0,0,0,3,0,0,0,0,0,0,0,,,,,,,,,,,,,,,,
1118.521,0,0,0,0,0,0,0,0,12,0,0,0,0,90,29,3,4031,0,0,0,0,22,281,0,0,0,24,0,0,0,0,0,0,0,0,0,52,0,0,409,89,0,0,0,0,0,0,0,0,0,0,0,0,0,0,0,0,0,0,0,3,0,0,0,0,0,0,0,,,,,,,,,,,,,,,,
1119.091,0,0,0,0,0,0,0,0,12,0,0,0,0,90,29,3,4031,0,0,0,0,22,281,0,0,0,24,0,0,0,0,0,0,0,0,0,52,0,0,409,89,0,0,0,0,0,0,0,0,0,0,0,0,0,0,0,0,0,0,0,3,0,0,0,0,0,0,0,,,,,,,,,,,,,,,,
1119.091,0,0,0,0,0,0,0,0,12,0,0,0,0,90,30,3,4031,0,0,0,0,22,281,0,0,0,24,0,0,0,0,0,0,0,0,0,52,0,0,409,89,0,0,0,0,0,0,0,0,0,0,0,0,0,0,0,0,0,0,0,3,0,0,0,0,0,0,0,,,,,,,,,,,,,,,,
1119.091,0,0,0,0,0,0,0,0,12,0,0,0,0,90,30,3,4031,0,0,0,0,22,281,0,0,0,24,0,0,0,0,0,0,0,0,0,52,0,0,409,89,0,0,0,0,0,0,0,0,0,0,0,0,0,0,0,0,0,0,0,3,0,0,0,0,0,0,0,,,,,,,,,,,,,,,,
1119.091,0,0,0,0,0,0,0,0,12,0,0,0,0,90,30,3,4031,0,0,0,0,22,281,0,0,0,24,0,0,0,0,0,0,0,0,0,52,0,0,409,89,0,0,0,0,0,0,0,0,0,0,0,0,0,0,0,0,0,0,0,3,0,0,0,0,0,0,0,,,,,,,,,,,,,,,,
1119.958,0,0,0,0,0,0,0,0,12,0,0,0,0,90,30,3,4031,0,0,0,0,22,280,0,0,0,24,0,0,0,0,0,0,0,0,0,52,0,0,409,89,0,0,0,0,0,0,0,0,0,0,0,0,0,0,0,0,0,0,0,3,0,0,0,0,0,0,0,,,,,,,,,,,,,,,,
1119.958,0,0,0,0,0,0,0,0,12,0,0,0,0,90,30,3,4031,0,0,0,0,22,280,0,0,0,24,0,0,0,0,0,0,0,0,0,52,0,0,398,89,0,0,0,0,0,0,0,0,0,0,0,0,0,0,0,0,0,0,0,3,0,0,0,0,0,0,0,,,,,,,,,,,,,,,,
1119.958,0,0,0,0,0,0,0,0,12,0,0,0,0,90,30,3,4031,0,0,0,0,22,280,0,0,0,24,0,0,0,0,0,0,0,0,0,51,0,0,398,89,0,0,0,0,0,0,0,0,0,0,0,0,0,0,0,0,0,0,0,3,0,0,0,0,0,0,0,,,,,,,,,,,,,,,,
1120.527,0,0,0,0,0,0,0,0,12,0,0,0,0,90,30,3,4031,0,0,0,0,22,280,0,0,0,24,0,0,0,0,0,0,0,0,0,51,0,0,398,89,0,0,0,0,0,0,0,0,0,0,0,0,0,0,0,0,0,0,0,3,0,0,0,0,0,0,0,,,,,,,,,,,,,,,,
1120.527,0,0,0,0,0,0,0,0,12,0,0,0,0,90,30,3,4031,0,0,0,0,22,280,0,0,0,24,0,0,0,0,0,0,0,0,0,51,0,0,398,89,0,0,0,0,0,0,0,0,0,0,0,0,0,0,0,0,0,0,0,3,0,0,0,0,0,0,0,,,,,,,,,,,,,,,,
1120.527,0,0,0,0,0,0,0,0,12,0,0,0,0,90,30,3,4031,0,0,0,0,22,280,0,0,0,24,0,0,0,0,0,0,0,0,0,51,0,0,398,89,0,0,0,0,0,0,0,0,0,0,0,0,0,0,0,0,0,0,0,3,0,0,0,0,0,0,0,,,,,,,,,,,,,,,,
1121.098,0,0,0,0,0,0,0,0,12,0,0,0,0,90,30,3,4031,0,0,0,0,22,280,0,0,0,24,0,0,0,0,0,0,0,0,0,51,0,0,398,89,0,0,0,0,0,0,0,0,0,0,0,0,0,0,0,0,0,0,0,3,0,0,0,0,0,0,0,,,,,,,,,,,,,,,,
1121.098,0,0,0,0,0,0,0,0,12,0,0,0,0,90,30,3,4031,0,0,0,0,22,280,0,0,0,24,0,0,0,0,0,0,0,0,0,51,0,0,398,89,0,0,0,0,0,0,0,0,0,0,0,0,0,0,0,0,0,0,0,3,0,0,0,0,0,0,0,,,,,,,,,,,,,,,,
1121.098,0,0,0,0,0,0,0,0,12,0,0,0,0,90,30,3,4031,0,0,0,0,22,280,0,0,0,24,0,0,0,0,0,0,0,0,0,51,0,0,398,90,0,0,0,0,0,0,0,0,0,0,0,0,0,0,0,0,0,0,0,3,0,0,0,0,0,0,0,,,,,,,,,,,,,,,,
1121.953,0,0,0,0,0,0,0,0,12,0,0,0,0,90,30,3,4031,0,0,0,0,22,281,0,0,0,24,0,0,0,0,0,0,0,0,0,51,0,0,398,90,0,0,0,0,0,0,0,0,0,0,0,0,0,0,0,0,0,0,0,3,0,0,0,0,0,0,0,,,,,,,,,,,,,,,,
1121.953,0,0,0,0,0,0,0,0,12,0,0,0,0,90,30,3,4031,0,0,0,0,22,281,0,0,0,24,0,0,0,0,0,0,0,0,0,51,0,0,379,90,0,0,0,0,0,0,0,0,0,0,0,0,0,0,0,0,0,0,0,3,0,0,0,0,0,0,0,,,,,,,,,,,,,,,,
1121.953,0,0,0,0,0,0,0,0,12,0,0,0,0,90,30,3,4031,0,0,0,0,22,281,0,0,0,24,0,0,0,0,0,0,0,0,0,51,0,0,379,90,0,0,0,0,0,0,0,0,0,0,0,0,0,0,0,0,0,0,0,3,0,0,0,0,0,0,0,,,,,,,,,,,,,,,,
1122.523,0,0,0,0,0,0,0,0,12,0,0,0,0,90,30,3,4031,0,0,0,0,22,281,0,0,0,24,0,0,0,0,0,0,0,0,0,51,0,0,379,90,0,0,0,0,0,0,0,0,0,0,0,0,0,0,0,0,0,0,0,3,0,0,0,0,0,0,0,,,,,,,,,,,,,,,,
1122.523,0,0,0,0,0,0,0,0,12,0,0,0,0,90,30,3,4031,0,0,0,0,22,281,0,0,0,24,0,0,0,0,0,0,0,0,0,51,0,0,379,90,0,0,0,0,0,0,0,0,0,0,0,0,0,0,0,0,0,0,0,3,0,0,0,0,0,0,0,,,,,,,,,,,,,,,,
1122.523,0,0,0,0,0,0,0,0,12,0,0,0,0,90,30,3,4031,0,0,0,0,22,281,0,0,0,24,0,0,0,0,0,0,0,0,0,51,0,0,379,90,0,0,0,0,0,0,0,0,0,0,0,0,0,0,0,0,0,0,0,3,0,0,0,0,0,0,0,,,,,,,,,,,,,,,,
1123.093,0,0,0,0,0,0,0,0,12,0,0,0,0,90,30,3,4031,0,0,0,0,22,281,0,0,0,24,0,0,0,0,0,0,0,0,0,51,0,0,379,90,0,0,0,0,0,0,0,0,0,0,0,0,0,0,0,0,0,0,0,3,0,0,0,0,0,0,0,,,,,,,,,,,,,,,,
1123.093,0,0,0,0,0,0,0,0,12,0,0,0,0,90,30,3,4031,0,0,0,0,22,281,0,0,0,24,0,0,0,0,0,0,0,0,0,51,0,0,379,90,0,0,0,0,0,0,0,0,0,0,0,0,0,0,0,0,0,0,0,3,0,0,0,0,0,0,0,,,,,,,,,,,,,,,,
1123.093,0,0,0,0,0,0,0,0,12,0,0,0,0,90,30,3,4031,0,0,0,0,22,281,0,0,0,24,0,0,0,0,0,0,0,0,0,51,0,0,379,90,0,0,0,0,0,0,0,0,0,0,0,0,0,0,0,0,0,0,0,3,0,0,0,0,0,0,0,,,,,,,,,,,,,,,,
1123.093,0,0,0,0,0,0,0,0,12,0,0,0,0,90,30,3,3888,0,0,0,0,22,281,0,0,0,24,0,0,0,0,0,0,0,0,0,51,0,0,379,90,0,0,0,0,0,0,0,0,0,0,0,0,0,0,0,0,0,0,0,3,0,0,0,0,0,0,0,,,,,,,,,,,,,,,,
1123.951,0,0,0,0,0,0,0,0,12,0,0,0,0,90,30,3,3888,0,0,0,0,22,281,0,0,0,24,0,0,0,0,0,0,0,0,0,51,0,0,379,90,0,0,0,0,0,0,0,0,0,0,0,0,0,0,0,0,0,0,0,3,0,0,0,0,0,0,0,,,,,,,,,,,,,,,,
1123.951,0,0,0,0,0,0,0,0,12,0,0,0,0,90,30,3,3888,0,0,0,0,22,281,0,0,0,24,0,0,0,0,0,0,0,0,0,51,0,0,390,90,0,0,0,0,0,0,0,0,0,0,0,0,0,0,0,0,0,0,0,3,0,0,0,0,0,0,0,,,,,,,,,,,,,,,,
1123.951,0,0,0,0,0,0,0,0,12,0,0,0,0,90,30,3,3888,0,0,0,0,22,281,0,0,0,24,0,0,0,0,0,0,0,0,0,52,0,0,390,90,0,0,0,0,0,0,0,0,0,0,0,0,0,0,0,0,0,0,0,3,0,0,0,0,0,0,0,,,,,,,,,,,,,,,,
1124.519,0,0,0,0,0,0,0,0,12,0,0,0,0,90,30,3,3888,0,0,0,0,22,281,0,0,0,24,0,0,0,0,0,0,0,0,0,52,0,0,390,90,0,0,0,0,0,0,0,0,0,0,0,0,0,0,0,0,0,0,0,3,0,0,0,0,0,0,0,,,,,,,,,,,,,,,,
1124.519,0,0,0,0,0,0,0,0,12,0,0,0,0,90,30,3,3888,0,0,0,0,22,281,0,0,0,24,0,0,0,0,0,0,0,0,0,52,0,0,390,90,0,0,0,0,0,0,0,0,0,0,0,0,0,0,0,0,0,0,0,3,0,0,0,0,0,0,0,,,,,,,,,,,,,,,,
1124.519,0,0,0,0,0,0,0,0,12,0,0,0,0,90,30,3,3888,0,0,0,0,22,281,0,0,0,24,0,0,0,0,0,0,0,0,0,52,0,0,390,90,0,0,0,0,0,0,0,0,0,0,0,0,0,0,0,0,0,0,0,3,0,0,0,0,0,0,0,,,,,,,,,,,,,,,,
1125.091,0,0,0,0,0,0,0,0,12,0,0,0,0,90,30,3,3888,0,0,0,0,22,281,0,0,0,24,0,0,0,0,0,0,0,0,0,52,0,0,390,90,0,0,0,0,0,0,0,0,0,0,0,0,0,0,0,0,0,0,0,3,0,0,0,0,0,0,0,,,,,,,,,,,,,,,,
1125.091,0,0,0,0,0,0,0,0,12,0,0,0,0,90,30,3,3888,0,0,0,0,22,281,0,0,0,24,0,0,0,0,0,0,0,0,0,52,0,0,390,90,0,0,0,0,0,0,0,0,0,0,0,0,0,0,0,0,0,0,0,3,0,0,0,0,0,0,0,,,,,,,,,,,,,,,,
1125.091,0,0,0,0,0,0,0,0,12,0,0,0,0,90,30,3,3888,0,0,0,0,22,281,0,0,0,24,0,0,0,0,0,0,0,0,0,52,0,0,390,90,0,0,0,0,0,0,0,0,0,0,0,0,0,0,0,0,0,0,0,3,0,0,0,0,0,0,0,,,,,,,,,,,,,,,,
1125.661,0,0,0,0,0,0,0,0,12,0,0,0,0,90,30,3,3888,0,0,0,0,22,281,0,0,0,24,0,0,0,0,0,0,0,0,0,52,0,0,390,90,0,0,0,0,0,0,0,0,0,0,0,0,0,0,0,0,0,0,0,3,0,0,0,0,0,0,0,,,,,,,,,,,,,,,,
1125.661,0,0,0,0,0,0,0,0,12,0,0,0,0,90,30,3,3888,0,0,0,0,22,281,0,0,0,24,0,0,0,0,0,0,0,0,0,52,0,0,390,90,0,0,0,0,0,0,0,0,0,0,0,0,0,0,0,0,0,0,0,3,0,0,0,0,0,0,0,,,,,,,,,,,,,,,,
1125.661,0,0,0,0,0,0,0,0,12,0,0,0,0,90,30,3,3888,0,0,0,0,22,281,0,0,0,24,0,0,0,0,0,0,0,0,0,52,0,0,390,90,0,0,0,0,0,0,0,0,0,0,0,0,0,0,0,0,0,0,0,3,0,0,0,0,0,0,0,,,,,,,,,,,,,,,,
1125.661,0,0,0,0,0,0,0,0,12,0,0,0,0,90,30,3,3888,0,0,0,0,22,281,0,0,0,24,0,0,0,0,0,0,0,0,0,52,0,0,390,90,0,0,0,0,0,0,0,0,0,0,0,0,0,0,0,0,0,0,0,3,0,0,0,0,0,0,0,,,,,,,,,,,,,,,,
1126.228,0,0,0,0,0,0,0,0,12,0,0,0,0,90,30,3,3888,0,0,0,0,22,282,0,0,0,24,0,0,0,0,0,0,0,0,0,52,0,0,390,90,0,0,0,0,0,0,0,0,0,0,0,0,0,0,0,0,0,0,0,3,0,0,0,0,0,0,0,,,,,,,,,,,,,,,,
1126.228,0,0,0,0,0,0,0,0,12,0,0,0,0,90,30,3,3888,0,0,0,0,22,282,0,0,0,24,0,0,0,0,0,0,0,0,0,52,0,0,393,90,0,0,0,0,0,0,0,0,0,0,0,0,0,0,0,0,0,0,0,3,0,0,0,0,0,0,0,,,,,,,,,,,,,,,,
1126.228,0,0,0,0,0,0,0,0,12,0,0,0,0,90,30,3,3888,0,0,0,0,22,282,0,0,0,24,0,0,0,0,0,0,0,0,0,52,0,0,393,90,0,0,0,0,0,0,0,0,0,0,0,0,0,0,0,0,0,0,0,3,0,0,0,0,0,0,0,,,,,,,,,,,,,,,,
1126.803,0,0,0,0,0,0,0,0,12,0,0,0,0,90,30,3,3888,0,0,0,0,22,282,0,0,0,24,0,0,0,0,0,0,0,0,0,52,0,0,393,90,0,0,0,0,0,0,0,0,0,0,0,0,0,0,0,0,0,0,0,3,0,0,0,0,0,0,0,,,,,,,,,,,,,,,,
1126.803,0,0,0,0,0,0,0,0,12,0,0,0,0,91,30,3,3888,0,0,0,0,22,282,0,0,0,24,0,0,0,0,0,0,0,0,0,52,0,0,393,90,0,0,0,0,0,0,0,0,0,0,0,0,0,0,0,0,0,0,0,3,0,0,0,0,0,0,0,,,,,,,,,,,,,,,,
1126.803,0,0,0,0,0,0,0,0,12,0,0,0,0,91,30,3,3888,0,0,0,0,22,282,0,0,0,24,0,0,0,0,0,0,0,0,0,52,0,0,393,90,0,0,0,0,0,0,0,0,0,0,0,0,0,0,0,0,0,0,0,3,0,0,0,0,0,0,0,,,,,,,,,,,,,,,,
1127.958,0,0,0,0,0,0,0,0,12,0,0,0,0,91,30,3,3888,0,0,0,0,22,282,0,0,0,24,0,0,0,0,0,0,0,0,0,52,0,0,393,90,0,0,0,0,0,0,0,0,0,0,0,0,0,0,0,0,0,0,0,3,0,0,0,0,0,0,0,,,,,,,,,,,,,,,,
1127.959,0,0,0,0,0,0,0,0,12,0,0,0,0,91,30,3,3888,0,0,0,0,22,282,0,0,0,24,0,0,0,0,0,0,0,0,0,52,0,0,378,90,0,0,0,0,0,0,0,0,0,0,0,0,0,0,0,0,0,0,0,3,0,0,0,0,0,0,0,,,,,,,,,,,,,,,,
1127.959,0,0,0,0,0,0,0,0,12,0,0,0,0,91,30,3,3888,0,0,0,0,22,282,0,0,0,24,0,0,0,0,0,0,0,0,0,53,0,0,378,90,0,0,0,0,0,0,0,0,0,0,0,0,0,0,0,0,0,0,0,3,0,0,0,0,0,0,0,,,,,,,,,,,,,,,,
1128.529,0,0,0,0,0,0,0,0,12,0,0,0,0,91,30,3,3888,0,0,0,0,22,282,0,0,0,24,0,0,0,0,0,0,0,0,0,53,0,0,378,90,0,0,0,0,0,0,0,0,0,0,0,0,0,0,0,0,0,0,0,3,0,0,0,0,0,0,0,,,,,,,,,,,,,,,,
1128.529,0,0,0,0,0,0,0,0,12,0,0,0,0,91,30,3,3888,0,0,0,0,23,282,0,0,0,24,0,0,0,0,0,0,0,0,0,53,0,0,378,90,0,0,0,0,0,0,0,0,0,0,0,0,0,0,0,0,0,0,0,3,0,0,0,0,0,0,0,,,,,,,,,,,,,,,,
1128.529,0,0,0,0,0,0,0,0,12,0,0,0,0,91,30,3,3888,0,0,0,0,23,282,0,0,0,24,0,0,0,0,0,0,0,0,0,53,0,0,378,90,0,0,0,0,0,0,0,0,0,0,0,0,0,0,0,0,0,0,0,3,0,0,0,0,0,0,0,,,,,,,,,,,,,,,,
1129.094,0,0,0,0,0,0,0,0,12,0,0,0,0,91,30,3,3888,0,0,0,0,23,282,0,0,0,24,0,0,0,0,0,0,0,0,0,53,0,0,378,90,0,0,0,0,0,0,0,0,0,0,0,0,0,0,0,0,0,0,0,3,0,0,0,0,0,0,0,,,,,,,,,,,,,,,,
1129.094,0,0,0,0,0,0,0,0,12,0,0,0,0,91,30,3,3888,0,0,0,0,23,282,0,0,0,24,0,0,0,0,0,0,0,0,0,53,0,0,378,90,0,0,0,0,0,0,0,0,0,0,0,0,0,0,0,0,0,0,0,3,0,0,0,0,0,0,0,,,,,,,,,,,,,,,,
1129.097,0,0,0,0,0,0,0,0,12,0,0,0,0,91,30,3,3888,0,0,0,0,23,282,0,0,0,24,0,0,0,0,0,0,0,0,0,53,0,0,378,90,0,0,0,0,0,0,0,0,0,0,0,0,0,0,0,0,0,0,0,3,0,0,0,0,0,0,0,,,,,,,,,,,,,,,,
1129.665,0,0,0,0,0,0,0,0,12,0,0,0,0,91,30,3,3888,0,0,0,0,23,282,0,0,0,24,0,0,0,0,0,0,0,0,0,53,0,0,378,90,0,0,0,0,0,0,0,0,0,0,0,0,0,0,0,0,0,0,0,3,0,0,0,0,0,0,0,,,,,,,,,,,,,,,,
1129.665,0,0,0,0,0,0,0,0,12,0,0,0,0,91,30,3,3888,0,0,0,0,23,282,0,0,0,24,0,0,0,0,0,0,0,0,0,53,0,0,378,90,0,0,0,0,0,0,0,0,0,0,0,0,0,0,0,0,0,0,0,3,0,0,0,0,0,0,0,,,,,,,,,,,,,,,,
1129.665,0,0,0,0,0,0,0,0,12,0,0,0,0,91,30,3,3888,0,0,0,0,23,282,0,0,0,24,0,0,0,0,0,0,0,0,0,53,0,0,378,90,0,0,0,0,0,0,0,0,0,0,0,0,0,0,0,0,0,0,0,3,0,0,0,0,0,0,0,,,,,,,,,,,,,,,,
1129.665,0,0,0,0,0,0,0,0,12,0,0,0,0,91,30,3,3888,0,0,0,0,23,282,0,0,0,24,0,0,0,0,0,0,0,0,0,53,0,0,378,90,0,0,0,0,0,0,0,0,0,0,0,0,0,0,0,0,0,0,0,3,0,0,0,0,0,0,0,,,,,,,,,,,,,,,,
1130.236,0,0,0,0,0,0,0,0,12,0,0,0,0,91,30,3,3888,0,0,0,0,23,280,0,0,0,24,0,0,0,0,0,0,0,0,0,53,0,0,378,90,0,0,0,0,0,0,0,0,0,0,0,0,0,0,0,0,0,0,0,3,0,0,0,0,0,0,0,,,,,,,,,,,,,,,,
1130.236,0,0,0,0,0,0,0,0,12,0,0,0,0,91,30,3,3888,0,0,0,0,23,280,0,0,0,24,0,0,0,0,0,0,0,0,0,53,0,0,393,90,0,0,0,0,0,0,0,0,0,0,0,0,0,0,0,0,0,0,0,3,0,0,0,0,0,0,0,,,,,,,,,,,,,,,,
1130.236,0,0,0,0,0,0,0,0,12,0,0,0,0,91,30,3,3888,0,0,0,0,23,280,0,0,0,24,0,0,0,0,0,0,0,0,0,50,0,0,393,90,0,0,0,0,0,0,0,0,0,0,0,0,0,0,0,0,0,0,0,3,0,0,0,0,0,0,0,,,,,,,,,,,,,,,,
1130.809,0,0,0,0,0,0,0,0,12,0,0,0,0,91,30,3,3888,0,0,0,0,23,280,0,0,0,25,0,0,0,0,0,0,0,0,0,50,0,0,393,90,0,0,0,0,0,0,0,0,0,0,0,0,0,0,0,0,0,0,0,3,0,0,0,0,0,0,0,,,,,,,,,,,,,,,,
1130.809,0,0,0,0,0,0,0,0,12,0,0,0,0,91,30,3,3888,0,0,0,0,23,280,0,0,0,25,0,0,0,0,0,0,0,0,0,50,0,0,393,90,0,0,0,0,0,0,0,0,0,0,0,0,0,0,0,0,0,0,0,3,0,0,0,0,0,0,0,,,,,,,,,,,,,,,,
1130.809,0,0,0,0,0,0,0,0,12,0,0,0,0,91,30,3,3888,0,0,0,0,23,280,0,0,0,25,0,0,0,0,0,0,0,0,0,50,0,0,393,90,0,0,0,0,0,0,0,0,0,0,0,0,0,0,0,0,0,0,0,3,0,0,0,0,0,0,0,,,,,,,,,,,,,,,,
1131.953,0,0,0,0,0,0,0,0,12,0,0,0,0,91,30,3,3888,0,0,0,0,23,319,0,0,0,25,0,0,0,0,0,0,0,0,0,50,0,0,393,90,0,0,0,0,0,0,0,0,0,0,0,0,0,0,0,0,0,0,0,3,0,0,0,0,0,0,0,,,,,,,,,,,,,,,,
1131.953,0,0,0,0,0,0,0,0,12,0,0,0,0,91,30,3,3888,0,0,0,0,23,319,0,0,0,25,0,0,0,0,0,0,0,0,0,50,0,0,10,90,0,0,0,0,0,0,0,0,0,0,0,0,0,0,0,0,0,0,0,3,0,0,0,0,0,0,0,,,,,,,,,,,,,,,,
1131.953,0,0,0,0,0,0,0,0,12,0,0,0,0,91,30,3,3888,0,0,0,0,23,319,0,0,0,25,0,0,0,0,0,0,0,0,0,87,0,0,10,90,0,0,0,0,0,0,0,0,0,0,0,0,0,0,0,0,0,0,0,3,0,0,0,0,0,0,0,,,,,,,,,,,,,,,,
1132.521,0,0,0,0,0,0,0,0,12,0,0,0,0,91,30,3,3888,0,0,0,0,23,319,0,0,0,25,0,0,0,0,0,0,0,0,0,87,0,0,10,90,0,0,0,0,0,0,0,0,0,0,0,0,0,0,0,0,0,0,0,3,0,0,0,0,0,0,0,,,,,,,,,,,,,,,,
1132.521,0,0,0,0,0,0,0,0,12,0,0,0,0,91,30,3,3888,0,0,0,0,23,319,0,0,0,25,0,0,0,0,0,0,0,0,0,87,0,0,10,90,0,0,0,0,0,0,0,0,0,0,0,0,0,0,0,0,0,0,0,3,0,0,0,0,0,0,0,,,,,,,,,,,,,,,,
1132.521,0,0,0,0,0,0,0,0,12,0,0,0,0,91,30,3,3888,0,0,0,0,23,319,0,0,0,25,0,0,0,0,0,0,0,0,0,87,0,0,10,90,0,0,0,0,0,0,0,0,0,0,0,0,0,0,0,0,0,0,0,0,0,0,0,0,0,0,0,,,,,,,,,,,,,,,,
1133.091,0,0,0,0,0,0,0,0,12,0,0,0,0,91,30,3,3888,0,0,0,0,23,319,0,0,0,28,0,0,0,0,0,0,0,0,0,87,0,0,10,90,0,0,0,0,0,0,0,0,0,0,0,0,0,0,0,0,0,0,0,0,0,0,0,0,0,0,0,,,,,,,,,,,,,,,,
1133.091,0,0,0,0,0,0,0,0,12,0,0,0,0,91,30,3,3888,0,0,0,0,23,319,0,0,0,28,0,0,0,0,0,0,0,0,0,87,0,0,10,90,0,0,0,0,0,0,0,0,0,0,0,0,0,0,0,0,0,0,0,0,0,0,0,0,0,0,0,,,,,,,,,,,,,,,,
1133.091,0,0,0,0,0,0,0,0,12,0,0,0,0,91,30,3,3888,0,0,0,0,23,319,0,0,0,28,0,0,0,0,0,0,0,0,0,87,0,0,10,90,0,0,0,0,0,0,0,0,0,0,0,0,0,0,0,0,0,0,0,0,0,0,0,0,0,0,0,,,,,,,,,,,,,,,,
1133.661,0,0,0,0,0,0,0,0,12,0,0,0,0,91,30,3,3888,0,0,0,0,23,319,0,0,0,28,0,0,0,0,0,0,0,0,0,87,0,0,10,90,0,0,0,0,0,0,0,0,0,0,0,0,0,0,0,0,0,0,0,0,0,0,0,0,0,0,0,,,,,,,,,,,,,,,,
1133.661,0,0,0,0,0,0,0,0,12,0,0,0,0,91,30,3,3888,0,0,0,0,23,319,0,0,0,28,0,0,0,0,0,0,0,0,0,87,0,0,10,90,0,0,0,0,0,0,0,0,0,0,0,0,0,0,0,0,0,0,0,0,0,0,0,0,0,0,0,,,,,,,,,,,,,,,,
1133.661,0,0,0,0,0,0,0,0,12,0,0,0,0,91,30,3,3888,0,0,0,0,23,319,0,0,0,28,0,0,0,0,0,0,0,0,0,87,0,0,10,90,0,0,0,0,0,0,0,0,0,0,0,0,0,0,0,0,0,0,0,0,0,0,0,0,0,0,0,,,,,,,,,,,,,,,,
1133.661,0,0,0,0,0,0,0,0,12,0,0,0,0,91,30,3,0,0,0,0,0,23,319,0,0,0,28,0,0,0,0,0,0,0,0,0,87,0,0,10,90,0,0,0,0,0,0,0,0,0,0,0,0,0,0,0,0,0,0,0,0,0,0,0,0,0,0,0,,,,,,,,,,,,,,,,
1134.235,0,0,0,0,0,0,0,0,12,0,0,0,0,91,30,3,0,0,0,0,0,23,323,0,0,0,28,0,0,0,0,0,0,0,0,0,87,0,0,10,90,0,0,0,0,0,0,0,0,0,0,0,0,0,0,0,0,0,0,0,0,0,0,0,0,0,0,0,,,,,,,,,,,,,,,,
1134.235,0,0,0,0,0,0,0,0,12,0,0,0,0,91,30,3,0,0,0,0,0,23,323,0,0,0,28,0,0,0,0,0,0,0,0,0,87,0,0,1,90,0,0,0,0,0,0,0,0,0,0,0,0,0,0,0,0,0,0,0,0,0,0,0,0,0,0,0,,,,,,,,,,,,,,,,
1134.235,0,0,0,0,0,0,0,0,12,0,0,0,0,91,30,3,0,0,0,0,0,23,323,0,0,0,28,0,0,0,0,0,0,0,0,0,94,0,0,1,90,0,0,0,0,0,0,0,0,0,0,0,0,0,0,0,0,0,0,0,0,0,0,0,0,0,0,0,,,,,,,,,,,,,,,,
1134.802,0,0,0,0,0,0,0,0,12,0,0,0,0,91,30,3,0,0,0,0,0,23,323,0,0,0,28,0,0,0,0,0,0,0,0,0,94,0,0,1,90,0,0,0,0,0,0,0,0,0,0,0,0,0,0,0,0,0,0,0,0,0,0,0,0,0,0,0,,,,,,,,,,,,,,,,
1134.802,0,0,0,0,0,0,0,0,12,0,0,0,0,91,30,3,0,0,0,0,0,23,323,0,0,0,28,0,0,0,0,0,0,0,0,0,94,0,0,1,90,0,0,0,0,0,0,0,0,0,0,0,0,0,0,0,0,0,0,0,0,0,0,0,0,0,0,0,,,,,,,,,,,,,,,,
1134.802,0,0,0,0,0,0,0,0,12,0,0,0,0,91,30,3,0,0,0,0,0,23,323,0,0,0,28,0,0,0,0,0,0,0,0,0,94,0,0,1,90,0,0,0,0,0,0,0,0,0,0,0,0,0,0,0,0,0,0,0,0,0,0,0,0,0,0,0,,,,,,,,,,,,,,,,
1134.802,0,0,0,0,0,0,0,0,12,0,0,0,0,91,30,3,0,0,0,0,0,23,323,0,0,0,28,0,0,0,0,0,0,0,0,0,94,0,0,1,90,0,0,0,0,0,0,0,0,0,0,0,0,0,0,0,0,0,0,0,0,0,0,0,0,0,0,0,,,,,,,,,,,,,,,,
1135.370,0,0,0,0,0,0,0,0,12,0,0,0,0,91,30,3,0,0,0,0,0,23,323,0,0,0,28,0,0,0,0,0,0,0,0,0,94,0,0,1,90,0,0,0,0,0,0,0,0,0,0,0,0,0,0,0,0,0,0,0,0,0,0,0,0,0,0,0,,,,,,,,,,,,,,,,
1135.370,0,0,0,0,0,0,0,0,12,0,0,0,0,91,30,3,0,0,0,0,0,23,323,0,0,0,28,0,0,0,0,0,0,0,0,0,94,0,0,1,90,0,0,0,0,0,0,0,0,0,0,0,0,0,0,0,0,0,0,0,0,0,0,0,0,0,0,0,,,,,,,,,,,,,,,,
1135.370,0,0,0,0,0,0,0,0,12,0,0,0,0,91,30,3,0,0,0,0,0,23,323,0,0,0,28,0,0,0,0,0,0,0,0,0,94,0,0,1,90,0,0,0,0,0,0,0,0,0,0,0,0,0,0,0,0,0,0,0,0,0,0,0,0,0,0,0,,,,,,,,,,,,,,,,
1135.957,0,0,0,0,0,0,0,0,12,0,0,0,0,91,30,3,0,0,0,0,0,23,268,0,0,0,28,0,0,0,0,0,0,0,0,0,94,0,0,1,90,0,0,0,0,0,0,0,0,0,0,0,0,0,0,0,0,0,0,0,0,0,0,0,0,0,0,0,,,,,,,,,,,,,,,,
1135.957,0,0,0,0,0,0,0,0,12,0,0,0,0,91,30,3,0,0,0,0,0,23,268,0,0,0,28,0,0,0,0,0,0,0,0,0,94,0,0,1,90,0,0,0,0,0,0,0,0,0,0,0,0,0,0,0,0,0,0,0,0,0,0,0,0,0,0,0,,,,,,,,,,,,,,,,
1135.957,0,0,0,0,0,0,0,0,12,0,0,0,0,91,30,3,0,0,0,0,0,23,268,0,0,0,28,0,0,0,0,0,0,0,0,0,94,0,0,1,90,0,0,0,0,0,0,0,0,0,0,0,0,0,0,0,0,0,0,0,0,0,0,0,0,0,0,0,,,,,,,,,,,,,,,,
1136.526,0,0,0,0,0,0,0,0,12,0,0,0,0,91,30,3,0,0,0,0,0,23,268,0,0,0,28,0,0,0,2,0,0,0,0,0,94,0,0,1,90,0,0,0,0,0,0,0,0,0,0,0,0,0,0,0,0,0,0,0,0,0,0,0,0,0,0,0,,,,,,,,,,,,,,,,
1136.526,0,0,0,0,0,0,0,0,12,0,0,0,0,91,30,3,0,0,0,0,0,23,268,0,0,0,28,0,0,0,2,0,0,0,0,0,94,0,0,1,90,0,0,0,0,0,0,0,0,0,0,0,0,0,0,0,0,0,0,0,0,0,0,0,0,0,0,0,,,,,,,,,,,,,,,,
1136.526,0,0,0,0,0,0,0,0,12,0,0,0,0,91,30,3,0,0,0,0,0,23,268,0,0,0,28,0,0,0,2,0,0,0,0,0,94,0,0,1,90,0,0,0,0,0,0,0,0,0,0,0,0,0,0,0,0,0,0,0,0,0,0,0,0,0,0,0,,,,,,,,,,,,,,,,
1137.097,0,0,0,0,0,0,0,0,12,0,0,0,0,91,30,3,0,0,0,0,0,23,268,0,0,0,28,0,0,0,2,0,0,0,0,0,94,0,0,1,90,0,0,0,0,0,0,0,0,0,0,0,0,0,0,0,0,0,0,0,0,0,0,0,0,0,0,0,,,,,,,,,,,,,,,,
1137.097,0,0,0,0,0,0,0,0,12,0,0,0,0,91,30,3,0,0,0,0,0,23,268,0,0,0,28,0,0,0,2,0,0,0,0,0,94,0,0,1,90,0,0,0,0,0,0,0,0,0,0,0,0,0,0,0,0,0,0,0,0,0,0,0,0,0,0,0,,,,,,,,,,,,,,,,
1137.097,0,0,0,0,0,0,0,0,12,0,0,0,0,91,30,3,0,0,0,0,0,23,268,0,0,0,28,0,0,0,2,0,0,0,0,0,94,0,0,1,90,0,0,0,0,0,0,0,0,0,0,0,0,0,0,0,0,0,0,0,0,0,0,0,0,0,0,0,,,,,,,,,,,,,,,,
1137.953,0,0,0,0,0,0,0,0,12,0,0,0,0,91,30,3,0,0,0,0,0,23,264,0,0,0,28,0,0,0,2,0,0,0,0,0,94,0,0,1,90,0,0,0,0,0,0,0,0,0,0,0,0,0,0,0,0,0,0,0,0,0,0,0,0,0,0,0,,,,,,,,,,,,,,,,
1137.953,0,0,0,0,0,0,0,0,12,0,0,0,0,91,30,3,0,0,0,0,0,23,264,0,0,0,28,0,0,0,2,0,0,0,0,0,94,0,0,0,90,0,0,0,0,0,0,0,0,0,0,0,0,0,0,0,0,0,0,0,0,0,0,0,0,0,0,0,,,,,,,,,,,,,,,,
1137.953,0,0,0,0,0,0,0,0,12,0,0,0,0,91,30,3,0,0,0,0,0,23,264,0,0,0,28,0,0,0,2,0,0,0,0,0,94,0,0,0,90,0,0,0,0,0,0,0,0,0,0,0,0,0,0,0,0,0,0,0,0,0,0,0,0,0,0,0,,,,,,,,,,,,,,,,
1138.522,0,0,0,0,0,0,0,0,12,0,0,0,0,91,30,3,0,0,0,0,0,23,264,0,0,0,27,0,0,0,2,0,0,0,0,0,94,0,0,0,90,0,0,0,0,0,0,0,0,0,0,0,0,0,0,0,0,0,0,0,0,0,0,0,0,0,0,0,,,,,,,,,,,,,,,,
1138.522,0,0,0,0,0,0,0,0,12,0,0,0,0,91,30,3,0,0,0,0,0,23,264,0,0,0,27,0,0,0,2,0,0,0,0,0,94,0,0,0,90,0,0,0,0,0,0,0,0,0,0,0,0,0,0,0,0,0,0,0,0,0,0,0,0,0,0,0,,,,,,,,,,,,,,,,
1138.522,0,0,0,0,0,0,0,0,12,0,0,0,0,91,30,3,0,0,0,0,0,23,264,0,0,0,27,0,0,0,2,0,0,0,0,0,94,0,0,0,90,0,0,0,0,0,0,0,0,0,0,0,0,0,0,0,0,0,0,0,0,0,0,0,0,0,0,0,,,,,,,,,,,,,,,,
1139.093,0,0,0,0,0,0,0,0,12,0,0,0,0,91,30,3,0,0,0,0,0,23,264,0,0,0,27,0,0,0,2,0,0,0,0,0,94,0,0,0,90,0,0,0,0,0,0,0,0,0,0,0,0,0,0,0,0,0,0,0,0,0,0,0,0,0,0,0,,,,,,,,,,,,,,,,
1139.093,0,0,0,0,0,0,0,0,12,0,0,0,0,91,30,3,0,0,0,0,0,23,264,0,0,0,27,0,0,0,2,0,0,0,0,0,94,0,0,0,90,0,0,0,0,0,0,0,0,0,0,0,0,0,0,0,0,0,0,0,0,0,0,0,0,0,0,0,,,,,,,,,,,,,,,,
1139.093,0,0,0,0,0,0,0,0,12,0,0,0,0,91,30,3,0,0,0,0,0,23,264,0,0,0,27,0,0,0,2,0,0,0,0,0,94,0,0,0,90,0,0,0,0,0,0,0,0,0,0,0,0,0,0,0,0,0,0,0,0,0,0,0,0,0,0,0,,,,,,,,,,,,,,,,
1139.093,0,0,0,0,0,0,0,0,12,0,0,0,0,91,30,3,0,0,0,0,0,23,264,0,0,0,27,0,0,0,2,0,0,0,0,0,94,0,0,0,90,0,0,0,0,0,0,0,0,0,0,0,0,0,0,0,0,0,0,0,0,0,0,0,0,0,0,0,,,,,,,,,,,,,,,,
1139.948,0,0,0,0,0,0,0,0,12,0,0,0,0,91,30,3,0,0,0,0,0,23,261,0,0,0,27,0,0,0,2,0,0,0,0,0,94,0,0,0,90,0,0,0,0,0,0,0,0,0,0,0,0,0,0,0,0,0,0,0,0,0,0,0,0,0,0,0,,,,,,,,,,,,,,,,
1139.948,0,0,0,0,0,0,0,0,12,0,0,0,0,91,30,3,0,0,0,0,0,23,261,0,0,0,27,0,0,0,2,0,0,0,0,0,94,0,0,0,90,0,0,0,0,0,0,0,0,0,0,0,0,0,0,0,0,0,0,0,0,0,0,0,0,0,0,0,,,,,,,,,,,,,,,,
1139.948,0,0,0,0,0,0,0,0,12,0,0,0,0,91,30,3,0,0,0,0,0,23,261,0,0,0,27,0,0,0,2,0,0,0,0,0,94,0,0,0,90,0,0,0,0,0,0,0,0,0,0,0,0,0,0,0,0,0,0,0,0,0,0,0,0,0,0,0,,,,,,,,,,,,,,,,
1140.518,0,0,0,0,0,0,0,0,12,0,0,0,0,91,30,3,0,0,0,0,0,23,261,0,0,0,27,0,0,0,4,0,0,0,0,0,94,0,0,0,90,0,0,0,0,0,0,0,0,0,0,0,0,0,0,0,0,0,0,0,0,0,0,0,0,0,0,0,,,,,,,,,,,,,,,,
1140.518,0,0,0,0,0,0,0,0,12,0,0,0,0,91,30,3,0,0,0,0,0,23,261,0,0,0,27,0,0,0,4,0,0,0,0,0,94,0,0,0,90,0,0,0,0,0,0,0,0,0,0,0,0,0,0,0,0,0,0,0,0,0,0,0,0,0,0,0,,,,,,,,,,,,,,,,
1140.518,0,0,0,0,0,0,0,0,12,0,0,0,0,91,30,3,0,0,0,0,0,23,261,0,0,0,27,0,0,0,4,0,0,0,0,0,94,0,0,0,90,0,0,0,0,0,0,0,0,0,0,0,0,0,0,0,0,0,0,0,0,0,0,0,0,0,0,0,,,,,,,,,,,,,,,,
1141.092,0,0,0,0,0,0,0,0,12,0,0,0,0,91,30,3,0,0,0,0,0,23,261,0,0,0,27,0,0,0,4,0,0,0,0,0,94,0,0,0,90,0,0,0,0,0,0,0,0,0,0,0,0,0,0,0,0,0,0,0,0,0,0,0,0,0,0,0,,,,,,,,,,,,,,,,
1141.092,0,0,0,0,0,0,0,0,12,0,0,0,0,91,30,3,0,0,0,0,0,23,261,0,0,0,27,0,0,0,4,0,0,0,0,0,94,0,0,0,90,0,0,0,0,0,0,0,0,0,0,0,0,0,0,0,0,0,0,0,0,0,0,0,0,0,0,0,,,,,,,,,,,,,,,,
1141.092,0,0,0,0,0,0,0,0,12,0,0,0,0,91,30,3,0,0,0,0,0,23,261,0,0,0,27,0,0,0,4,0,0,0,0,0,94,0,0,0,90,0,0,0,0,0,0,0,0,0,0,0,0,0,0,0,0,0,0,0,0,0,0,0,0,0,0,0,,,,,,,,,,,,,,,,
1141.659,0,0,0,0,0,0,0,0,12,0,0,0,0,91,30,3,0,0,0,0,0,23,261,0,0,0,27,0,0,0,4,0,0,0,0,0,94,0,0,0,90,0,0,0,0,0,0,0,0,0,0,0,0,0,0,0,0,0,0,0,0,0,0,0,0,0,0,0,,,,,,,,,,,,,,,,
1141.659,0,0,0,0,0,0,0,0,12,0,0,0,0,91,30,3,0,0,0,0,0,23,261,0,0,0,27,0,0,0,4,0,0,0,0,0,94,0,0,0,90,0,0,0,0,0,0,0,0,0,0,0,0,0,0,0,0,0,0,0,0,0,0,0,0,0,0,0,,,,,,,,,,,,,,,,
1141.659,0,0,0,0,0,0,0,0,12,0,0,0,0,91,30,3,0,0,0,0,0,23,261,0,0,0,27,0,0,0,4,0,0,0,0,0,94,0,0,0,90,0,0,0,0,0,0,0,0,0,0,0,0,0,0,0,0,0,0,0,0,0,0,0,0,0,0,0,,,,,,,,,,,,,,,,
1141.659,0,0,0,0,0,0,0,0,12,0,0,0,0,91,30,3,0,0,0,0,0,23,261,0,0,0,27,0,0,0,4,0,0,0,0,0,94,0,0,0,90,0,0,0,0,0,0,0,0,0,0,0,0,0,0,0,0,0,0,0,0,0,0,0,0,0,0,0,,,,,,,,,,,,,,,,
1142.228,0,0,0,0,0,0,0,0,12,0,0,0,0,91,30,3,0,0,0,0,0,23,259,0,0,0,27,0,0,0,4,0,0,0,0,0,94,0,0,0,90,0,0,0,0,0,0,0,0,0,0,0,0,0,0,0,0,0,0,0,0,0,0,0,0,0,0,0,,,,,,,,,,,,,,,,
1142.228,0,0,0,0,0,0,0,0,12,0,0,0,0,91,30,3,0,0,0,0,0,23,259,0,0,0,27,0,0,0,4,0,0,0,0,0,94,0,0,0,90,0,0,0,0,0,0,0,0,0,0,0,0,0,0,0,0,0,0,0,0,0,0,0,0,0,0,0,,,,,,,,,,,,,,,,
1142.228,0,0,0,0,0,0,0,0,12,0,0,0,0,91,30,3,0,0,0,0,0,23,259,0,0,0,27,0,0,0,4,0,0,0,0,0,94,0,0,0,90,0,0,0,0,0,0,0,0,0,0,0,0,0,0,0,0,0,0,0,0,0,0,0,0,0,0,0,,,,,,,,,,,,,,,,
1142.803,0,0,0,0,0,0,0,0,12,0,0,0,0,91,30,3,0,0,0,0,0,23,259,0,0,0,27,0,0,0,4,0,0,0,0,0,94,0,0,0,90,0,0,0,0,0,0,0,0,0,0,0,0,0,0,0,0,0,0,0,0,0,0,0,0,0,0,0,,,,,,,,,,,,,,,,
1142.803,0,0,0,0,0,0,0,0,12,0,0,0,0,91,30,3,0,0,0,0,0,23,259,0,0,0,27,0,0,0,4,0,0,0,0,0,94,0,0,0,90,0,0,0,0,0,0,0,0,0,0,0,0,0,0,0,0,0,0,0,0,0,0,0,0,0,0,0,,,,,,,,,,,,,,,,
1142.803,0,0,0,0,0,0,0,0,12,0,0,0,0,91,30,3,0,0,0,0,0,23,259,0,0,0,27,0,0,0,4,0,0,0,0,0,94,0,0,0,90,0,0,0,0,0,0,0,0,0,0,0,0,0,0,0,0,0,0,0,0,0,0,0,0,0,0,0,,,,,,,,,,,,,,,,
1143.958,0,0,0,0,0,0,0,0,12,0,0,0,0,91,30,3,0,0,0,0,0,23,256,0,0,0,27,0,0,0,4,0,0,0,0,0,94,0,0,0,90,0,0,0,0,0,0,0,0,0,0,0,0,0,0,0,0,0,0,0,0,0,0,0,0,0,0,0,,,,,,,,,,,,,,,,
1143.958,0,0,0,0,0,0,0,0,12,0,0,0,0,91,30,3,0,0,0,0,0,23,256,0,0,0,27,0,0,0,4,0,0,0,0,0,94,0,0,0,90,0,0,0,0,0,0,0,0,0,0,0,0,0,0,0,0,0,0,0,0,0,0,0,0,0,0,0,,,,,,,,,,,,,,,,
1143.958,0,0,0,0,0,0,0,0,12,0,0,0,0,91,30,3,0,0,0,0,0,23,256,0,0,0,27,0,0,0,4,0,0,0,0,0,94,0,0,0,90,0,0,0,0,0,0,0,0,0,0,0,0,0,0,0,0,0,0,0,0,0,0,0,0,0,0,0,,,,,,,,,,,,,,,,
1144.524,0,0,0,0,0,0,0,0,12,0,0,0,0,91,30,3,0,0,0,0,0,23,256,0,0,0,27,0,0,0,4,0,0,0,0,0,94,0,0,0,90,0,0,0,0,0,0,0,0,0,0,0,0,0,0,0,0,0,0,0,0,0,0,0,0,0,0,0,,,,,,,,,,,,,,,,
1144.524,0,0,0,0,0,0,0,0,12,0,0,0,0,91,30,3,0,0,0,0,0,23,256,0,0,0,27,0,0,0,4,0,0,0,0,0,94,0,0,0,90,0,0,0,0,0,0,0,0,0,0,0,0,0,0,0,0,0,0,0,0,0,0,0,0,0,0,0,,,,,,,,,,,,,,,,
1144.524,0,0,0,0,0,0,0,0,12,0,0,0,0,91,30,3,0,0,0,0,0,23,256,0,0,0,27,0,0,0,4,0,0,0,0,0,94,0,0,0,90,0,0,0,0,0,0,0,0,0,0,0,0,0,0,0,0,0,0,0,0,0,0,0,0,0,0,0,,,,,,,,,,,,,,,,
1145.094,0,0,0,0,0,0,0,0,12,0,0,0,0,91,30,3,0,0,0,0,0,23,256,0,0,0,26,0,0,0,4,0,0,0,0,0,94,0,0,0,90,0,0,0,0,0,0,0,0,0,0,0,0,0,0,0,0,0,0,0,0,0,0,0,0,0,0,0,,,,,,,,,,,,,,,,
1145.094,0,0,0,0,0,0,0,0,12,0,0,0,0,91,30,3,0,0,0,0,0,23,256,0,0,0,26,0,0,0,4,0,0,0,0,0,94,0,0,0,90,0,0,0,0,0,0,0,0,0,0,0,0,0,0,0,0,0,0,0,0,0,0,0,0,0,0,0,,,,,,,,,,,,,,,,
1145.094,0,0,0,0,0,0,0,0,12,0,0,0,0,91,30,3,0,0,0,0,0,23,256,0,0,0,26,0,0,0,4,0,0,0,0,0,94,0,0,0,90,0,0,0,0,0,0,0,0,0,0,0,0,0,0,0,0,0,0,0,0,0,0,0,0,0,0,0,,,,,,,,,,,,,,,,
1145.665,0,0,0,0,0,0,0,0,12,0,0,0,0,91,30,3,0,0,0,0,0,23,256,0,0,0,26,0,0,0,4,0,0,0,0,0,94,0,0,0,90,0,0,0,0,0,0,0,0,0,0,0,0,0,0,0,0,0,0,0,0,0,0,0,0,0,0,0,,,,,,,,,,,,,,,,
1145.665,0,0,0,0,0,0,0,0,12,0,0,0,0,91,30,3,0,0,0,0,0,23,256,0,0,0,26,0,0,0,4,0,0,0,0,0,94,0,0,0,90,0,0,0,0,0,0,0,0,0,0,0,0,0,0,0,0,0,0,0,0,0,0,0,0,0,0,0,,,,,,,,,,,,,,,,
1145.665,0,0,0,0,0,0,0,0,12,0,0,0,0,91,30,3,0,0,0,0,0,23,256,0,0,0,26,0,0,0,4,0,0,0,0,0,94,0,0,0,90,0,0,0,0,0,0,0,0,0,0,0,0,0,0,0,0,0,0,0,0,0,0,0,0,0,0,0,,,,,,,,,,,,,,,,
1145.665,0,0,0,0,0,0,0,0,12,0,0,0,0,91,30,3,0,0,0,0,0,23,256,0,0,0,26,0,0,0,4,0,0,0,0,0,94,0,0,0,90,0,0,0,0,0,0,0,0,0,0,0,0,0,0,0,0,0,0,0,0,0,0,0,0,0,0,0,,,,,,,,,,,,,,,,
1146.235,0,0,0,0,0,0,0,0,12,0,0,0,0,91,30,3,0,0,0,0,0,23,254,0,0,0,26,0,0,0,4,0,0,0,0,0,94,0,0,0,90,0,0,0,0,0,0,0,0,0,0,0,0,0,0,0,0,0,0,0,0,0,0,0,0,0,0,0,,,,,,,,,,,,,,,,
1146.235,0,0,0,0,0,0,0,0,12,0,0,0,0,91,30,3,0,0,0,0,0,23,254,0,0,0,26,0,0,0,4,0,0,0,0,0,94,0,0,0,90,0,0,0,0,0,0,0,0,0,0,0,0,0,0,0,0,0,0,0,0,0,0,0,0,0,0,0,,,,,,,,,,,,,,,,
1146.235,0,0,0,0,0,0,0,0,12,0,0,0,0,91,30,3,0,0,0,0,0,23,254,0,0,0,26,0,0,0,4,0,0,0,0,0,94,0,0,0,90,0,0,0,0,0,0,0,0,0,0,0,0,0,0,0,0,0,0,0,0,0,0,0,0,0,0,0,,,,,,,,,,,,,,,,
1146.807,0,0,0,0,0,0,0,0,12,0,0,0,0,91,30,3,0,0,0,0,0,23,254,0,0,0,26,0,0,0,4,0,0,0,0,0,94,0,0,0,90,0,0,0,0,0,0,0,0,0,0,0,0,0,0,0,0,0,0,0,0,0,0,0,0,0,0,0,,,,,,,,,,,,,,,,
1146.807,0,0,0,0,0,0,0,0,12,0,0,0,0,91,30,3,0,0,0,0,0,23,254,0,0,0,26,0,0,0,4,0,0,0,0,0,94,0,0,0,90,0,0,0,0,0,0,0,0,0,0,0,0,0,0,0,0,0,0,0,0,0,0,0,0,0,0,0,,,,,,,,,,,,,,,,
1146.807,0,0,0,0,0,0,0,0,12,0,0,0,0,91,30,3,0,0,0,0,0,23,254,0,0,0,26,0,0,0,4,0,0,0,0,0,94,0,0,0,90,0,0,0,0,0,0,0,0,0,0,0,0,0,0,0,0,0,0,0,0,0,0,0,0,0,0,0,,,,,,,,,,,,,,,,
1147.953,0,0,0,0,0,0,0,0,12,0,0,0,0,91,30,3,0,0,0,0,0,23,251,0,0,0,26,0,0,0,4,0,0,0,0,0,94,0,0,0,90,0,0,0,0,0,0,0,0,0,0,0,0,0,0,0,0,0,0,0,0,0,0,0,0,0,0,0,,,,,,,,,,,,,,,,
1147.953,0,0,0,0,0,0,0,0,12,0,0,0,0,91,30,3,0,0,0,0,0,23,251,0,0,0,26,0,0,0,4,0,0,0,0,0,94,0,0,0,90,0,0,0,0,0,0,0,0,0,0,0,0,0,0,0,0,0,0,0,0,0,0,0,0,0,0,0,,,,,,,,,,,,,,,,
1147.953,0,0,0,0,0,0,0,0,12,0,0,0,0,91,30,3,0,0,0,0,0,23,251,0,0,0,26,0,0,0,4,0,0,0,0,0,94,0,0,0,90,0,0,0,0,0,0,0,0,0,0,0,0,0,0,0,0,0,0,0,0,0,0,0,0,0,0,0,,,,,,,,,,,,,,,,
1148.520,0,0,0,0,0,0,0,0,12,0,0,0,0,91,30,3,0,0,0,0,0,23,251,0,0,0,26,0,0,0,4,0,0,0,0,0,94,0,0,0,90,0,0,0,0,0,0,0,0,0,0,0,0,0,0,0,0,0,0,0,0,0,0,0,0,0,0,0,,,,,,,,,,,,,,,,
1148.520,0,0,0,0,0,0,0,0,12,0,0,0,0,91,30,3,0,0,0,0,0,23,251,0,0,0,26,0,0,0,4,0,0,0,0,0,94,0,0,0,90,0,0,0,0,0,0,0,0,0,0,0,0,0,0,0,0,0,0,0,0,0,0,0,0,0,0,0,,,,,,,,,,,,,,,,
1148.520,0,0,0,0,0,0,0,0,12,0,0,0,0,91,30,3,0,0,0,0,0,23,251,0,0,0,26,0,0,0,4,0,0,0,0,0,94,0,0,0,90,0,0,0,0,0,0,0,0,0,0,0,0,0,0,0,0,0,0,0,0,0,0,0,0,0,0,0,,,,,,,,,,,,,,,,
1149.091,0,0,0,0,0,0,0,0,12,0,0,0,0,91,30,3,0,0,0,0,0,23,251,0,0,0,26,0,0,0,4,0,0,0,0,0,94,0,0,0,90,0,0,0,0,0,0,0,0,0,0,0,0,0,0,0,0,0,0,0,0,0,0,0,0,0,0,0,,,,,,,,,,,,,,,,
1149.091,0,0,0,0,0,0,0,0,12,0,0,0,0,91,30,3,0,0,0,0,0,23,251,0,0,0,26,0,0,0,4,0,0,0,0,0,94,0,0,0,90,0,0,0,0,0,0,0,0,0,0,0,0,0,0,0,0,0,0,0,0,0,0,0,0,0,0,0,,,,,,,,,,,,,,,,
1149.091,0,0,0,0,0,0,0,0,12,0,0,0,0,91,30,3,0,0,0,0,0,23,251,0,0,0,26,0,0,0,4,0,0,0,0,0,94,0,0,0,91,0,0,0,0,0,0,0,0,0,0,0,0,0,0,0,0,0,0,0,0,0,0,0,0,0,0,0,,,,,,,,,,,,,,,,
1149.660,0,0,0,0,0,0,0,0,12,0,0,0,0,91,30,3,0,0,0,0,0,23,251,0,0,0,26,0,0,0,4,0,0,0,0,0,94,0,0,0,91,0,0,0,0,0,0,0,0,0,0,0,0,0,0,0,0,0,0,0,0,0,0,0,0,0,0,0,,,,,,,,,,,,,,,,
1149.660,0,0,0,0,0,0,0,0,12,0,0,0,0,91,30,3,0,0,0,0,0,23,251,0,0,0,26,0,0,0,4,0,0,0,0,0,94,0,0,0,91,0,0,0,0,0,0,0,0,0,0,0,0,0,0,0,0,0,0,0,0,0,0,0,0,0,0,0,,,,,,,,,,,,,,,,
1149.660,0,0,0,0,0,0,0,0,12,0,0,0,0,91,30,3,0,0,0,0,0,23,251,0,0,0,26,0,0,0,4,0,0,0,0,0,94,0,0,0,91,0,0,0,0,0,0,0,0,0,0,0,0,0,0,0,0,0,0,0,0,0,0,0,0,0,0,0,,,,,,,,,,,,,,,,
1149.660,0,0,0,0,0,0,0,0,12,0,0,0,0,91,30,3,0,0,0,0,0,23,251,0,0,0,26,0,0,0,4,0,0,0,0,0,94,0,0,0,91,0,0,0,0,0,0,0,0,0,0,0,0,0,0,0,0,0,0,0,0,0,0,0,0,0,0,0,,,,,,,,,,,,,,,,
1150.235,0,0,0,0,0,0,0,0,12,0,0,0,0,91,30,3,0,0,0,0,0,23,249,0,0,0,26,0,0,0,4,0,0,0,0,0,94,0,0,0,91,0,0,0,0,0,0,0,0,0,0,0,0,0,0,0,0,0,0,0,0,0,0,0,0,0,0,0,,,,,,,,,,,,,,,,
1150.235,0,0,0,0,0,0,0,0,12,0,0,0,0,91,30,3,0,0,0,0,0,23,249,0,0,0,26,0,0,0,4,0,0,0,0,0,94,0,0,0,91,0,0,0,0,0,0,0,0,0,0,0,0,0,0,0,0,0,0,0,0,0,0,0,0,0,0,0,,,,,,,,,,,,,,,,
1150.235,0,0,0,0,0,0,0,0,12,0,0,0,0,91,30,3,0,0,0,0,0,23,249,0,0,0,26,0,0,0,4,0,0,0,0,0,94,0,0,0,91,0,0,0,0,0,0,0,0,0,0,0,0,0,0,0,0,0,0,0,0,0,0,0,0,0,0,0,,,,,,,,,,,,,,,,
1150.804,0,0,0,0,0,0,0,0,12,0,0,0,0,91,30,3,0,0,0,0,0,23,249,0,0,0,26,0,0,0,4,0,0,0,0,0,94,0,0,0,91,0,0,0,0,0,0,0,0,0,0,0,0,0,0,0,0,0,0,0,0,0,0,0,0,0,0,0,,,,,,,,,,,,,,,,
1150.804,0,0,0,0,0,0,0,0,12,0,0,0,0,91,30,3,0,0,0,0,0,23,249,0,0,0,26,0,0,0,4,0,0,0,0,0,94,0,0,0,91,0,0,0,0,0,0,0,0,0,0,0,0,0,0,0,0,0,0,0,0,0,0,0,0,0,0,0,,,,,,,,,,,,,,,,
1150.804,0,0,0,0,0,0,0,0,12,0,0,0,0,91,30,3,0,0,0,0,0,23,249,0,0,0,26,0,0,0,4,0,0,0,0,0,94,0,0,0,91,0,0,0,0,0,0,0,0,0,0,0,0,0,0,0,0,0,0,0,0,0,0,0,0,0,0,0,,,,,,,,,,,,,,,,
1150.804,0,0,0,0,0,0,0,0,12,0,0,0,0,91,30,3,0,0,0,0,0,23,249,0,0,0,26,0,0,0,4,0,0,0,0,0,94,0,0,0,91,0,0,0,0,0,0,0,0,0,0,0,0,0,0,0,0,0,0,0,0,0,0,0,0,0,0,0,,,,,,,,,,,,,,,,
1151.370,0,0,0,0,0,0,0,0,12,0,0,0,0,91,30,3,0,0,0,0,0,23,249,0,0,0,26,0,0,0,4,0,0,0,0,0,94,0,0,0,91,0,0,0,0,0,0,0,0,0,0,0,0,0,0,0,0,0,0,0,0,0,0,0,0,0,0,0,,,,,,,,,,,,,,,,
1151.370,0,0,0,0,0,0,0,0,12,0,0,0,0,90,30,3,0,0,0,0,0,23,249,0,0,0,26,0,0,0,4,0,0,0,0,0,94,0,0,0,91,0,0,0,0,0,0,0,0,0,0,0,0,0,0,0,0,0,0,0,0,0,0,0,0,0,0,0,,,,,,,,,,,,,,,,
1151.370,0,0,0,0,0,0,0,0,12,0,0,0,0,90,30,3,0,0,0,0,0,23,249,0,0,0,26,0,0,0,4,0,0,0,0,0,94,0,0,0,91,0,0,0,0,0,0,0,0,0,0,0,0,0,0,0,0,0,0,0,0,0,0,0,0,0,0,0,,,,,,,,,,,,,,,,
1151.958,0,0,0,0,0,0,0,0,12,0,0,0,0,90,30,3,0,0,0,0,0,23,247,0,0,0,26,0,0,0,4,0,0,0,0,0,94,0,0,0,91,0,0,0,0,0,0,0,0,0,0,0,0,0,0,0,0,0,0,0,0,0,0,0,0,0,0,0,,,,,,,,,,,,,,,,
1151.958,0,0,0,0,0,0,0,0,12,0,0,0,0,90,30,3,0,0,0,0,0,23,247,0,0,0,26,0,0,0,4,0,0,0,0,0,94,0,0,0,91,0,0,0,0,0,0,0,0,0,0,0,0,0,0,0,0,0,0,0,0,0,0,0,0,0,0,0,,,,,,,,,,,,,,,,
1151.958,0,0,0,0,0,0,0,0,12,0,0,0,0,90,30,3,0,0,0,0,0,23,247,0,0,0,26,0,0,0,4,0,0,0,0,0,94,0,0,0,91,0,0,0,0,0,0,0,0,0,0,0,0,0,0,0,0,0,0,0,0,0,0,0,0,0,0,0,,,,,,,,,,,,,,,,
1152.526,0,0,0,0,0,0,0,0,12,0,0,0,0,90,30,3,0,0,0,0,0,23,247,0,0,0,26,0,0,0,4,0,0,0,0,0,94,0,0,0,91,0,0,0,0,0,0,0,0,0,0,0,0,0,0,0,0,0,0,0,0,0,0,0,0,0,0,0,,,,,,,,,,,,,,,,
1152.526,0,0,0,0,0,0,0,0,12,0,0,0,0,90,30,3,0,0,0,0,0,23,247,0,0,0,26,0,0,0,4,0,0,0,0,0,94,0,0,0,91,0,0,0,0,0,0,0,0,0,0,0,0,0,0,0,0,0,0,0,0,0,0,0,0,0,0,0,,,,,,,,,,,,,,,,
1152.526,0,0,0,0,0,0,0,0,12,0,0,0,0,90,30,3,0,0,0,0,0,23,247,0,0,0,26,0,0,0,4,0,0,0,0,0,94,0,0,0,91,0,0,0,0,0,0,0,0,0,0,0,0,0,0,0,0,0,0,0,0,0,0,0,0,0,0,0,,,,,,,,,,,,,,,,
1153.096,0,0,0,0,0,0,0,0,12,0,0,0,0,90,30,3,0,0,0,0,0,23,247,0,0,0,26,0,0,0,4,0,0,0,0,0,94,0,0,0,91,0,0,0,0,0,0,0,0,0,0,0,0,0,0,0,0,0,0,0,0,0,0,0,0,0,0,0,,,,,,,,,,,,,,,,
1153.096,0,0,0,0,0,0,0,0,12,0,0,0,0,90,30,3,0,0,0,0,0,23,247,0,0,0,26,0,0,0,4,0,0,0,0,0,94,0,0,0,91,0,0,0,0,0,0,0,0,0,0,0,0,0,0,0,0,0,0,0,0,0,0,0,0,0,0,0,,,,,,,,,,,,,,,,
1153.096,0,0,0,0,0,0,0,0,12,0,0,0,0,90,30,3,0,0,0,0,0,23,247,0,0,0,26,0,0,0,4,0,0,0,0,0,94,0,0,0,91,0,0,0,0,0,0,0,0,0,0,0,0,0,0,0,0,0,0,0,0,0,0,0,0,0,0,0,,,,,,,,,,,,,,,,
1153.952,0,0,0,0,0,0,0,0,12,0,0,0,0,90,30,3,0,0,0,0,0,23,244,0,0,0,26,0,0,0,4,0,0,0,0,0,94,0,0,0,91,0,0,0,0,0,0,0,0,0,0,0,0,0,0,0,0,0,0,0,0,0,0,0,0,0,0,0,,,,,,,,,,,,,,,,
1153.952,0,0,0,0,0,0,0,0,12,0,0,0,0,90,30,3,0,0,0,0,0,23,244,0,0,0,26,0,0,0,4,0,0,0,0,0,94,0,0,0,91,0,0,0,0,0,0,0,0,0,0,0,0,0,0,0,0,0,0,0,0,0,0,0,0,0,0,0,,,,,,,,,,,,,,,,
1153.952,0,0,0,0,0,0,0,0,12,0,0,0,0,90,30,3,0,0,0,0,0,23,244,0,0,0,26,0,0,0,4,0,0,0,0,0,94,0,0,0,91,0,0,0,0,0,0,0,0,0,0,0,0,0,0,0,0,0,0,0,0,0,0,0,0,0,0,0,,,,,,,,,,,,,,,,
1154.948,0,0,0,0,0,0,0,0,12,0,0,0,0,90,30,3,0,0,0,0,0,23,244,0,0,0,26,0,0,0,4,0,0,0,0,0,94,0,0,0,91,0,0,0,0,0,0,0,0,0,0,0,0,0,0,0,0,0,0,0,0,0,0,0,0,0,0,0,,,,,,,,,,,,,,,,
1154.948,0,0,0,0,0,0,0,0,12,0,0,0,0,90,30,3,0,0,0,0,0,23,244,0,0,0,26,0,0,0,4,0,0,0,0,0,94,0,0,0,91,0,0,0,0,0,0,0,0,0,0,0,0,0,0,0,0,0,0,0,0,0,0,0,0,0,0,0,,,,,,,,,,,,,,,,
1154.948,0,0,0,0,0,0,0,0,12,0,0,0,0,90,30,3,0,0,0,0,0,23,244,0,0,0,26,0,0,0,4,0,0,0,0,0,94,0,0,0,91,0,0,0,0,0,0,0,0,0,0,0,0,0,0,0,0,0,0,0,0,0,0,0,0,0,0,0,,,,,,,,,,,,,,,,
1155.518,0,0,0,0,0,0,0,0,12,0,0,0,0,90,30,3,0,0,0,0,0,23,244,0,0,0,26,0,0,0,4,0,0,0,0,0,94,0,0,0,91,0,0,0,0,0,0,0,0,0,0,0,0,0,0,0,0,0,0,0,0,0,0,0,0,0,0,0,,,,,,,,,,,,,,,,
1155.518,0,0,0,0,0,0,0,0,12,0,0,0,0,90,30,3,0,0,0,0,0,23,244,0,0,0,26,0,0,0,4,0,0,0,0,0,94,0,0,0,91,0,0,0,0,0,0,0,0,0,0,0,0,0,0,0,0,0,0,0,0,0,0,0,0,0,0,0,,,,,,,,,,,,,,,,
1155.518,0,0,0,0,0,0,0,0,12,0,0,0,0,90,30,3,0,0,0,0,0,23,244,0,0,0,26,0,0,0,4,0,0,0,0,0,94,0,0,0,91,0,0,0,0,0,0,0,0,0,0,0,0,0,0,0,0,0,0,0,0,0,0,0,0,0,0,0,,,,,,,,,,,,,,,,
1155.518,0,0,0,0,0,0,0,0,12,0,0,0,0,90,30,3,0,0,0,0,0,23,244,0,0,0,26,0,0,0,4,0,0,0,0,0,94,0,0,0,91,0,0,0,0,0,0,0,0,0,0,0,0,0,0,0,0,0,0,0,0,0,0,0,0,0,0,0,,,,,,,,,,,,,,,,
1156.092,0,0,0,0,0,0,0,0,12,0,0,0,0,90,30,3,0,0,0,0,0,23,242,0,0,0,26,0,0,0,4,0,0,0,0,0,94,0,0,0,91,0,0,0,0,0,0,0,0,0,0,0,0,0,0,0,0,0,0,0,0,0,0,0,0,0,0,0,,,,,,,,,,,,,,,,
1156.092,0,0,0,0,0,0,0,0,12,0,0,0,0,90,30,3,0,0,0,0,0,23,242,0,0,0,26,0,0,0,4,0,0,0,0,0,94,0,0,0,91,0,0,0,0,0,0,0,0,0,0,0,0,0,0,0,0,0,0,0,0,0,0,0,0,0,0,0,,,,,,,,,,,,,,,,
1156.092,0,0,0,0,0,0,0,0,12,0,0,0,0,90,30,3,0,0,0,0,0,23,242,0,0,0,26,0,0,0,4,0,0,0,0,0,94,0,0,0,91,0,0,0,0,0,0,0,0,0,0,0,0,0,0,0,0,0,0,0,0,0,0,0,0,0,0,0,,,,,,,,,,,,,,,,
1156.658,0,0,0,0,0,0,0,0,12,0,0,0,0,90,30,3,0,0,0,0,0,23,242,0,0,0,26,0,0,0,4,0,0,0,0,0,94,0,0,0,91,0,0,0,0,0,0,0,0,0,0,0,0,0,0,0,0,0,0,0,0,0,0,0,0,0,0,0,,,,,,,,,,,,,,,,
1156.658,0,0,0,0,0,0,0,0,12,0,0,0,0,90,30,3,0,0,0,0,0,23,242,0,0,0,26,0,0,0,4,0,0,0,0,0,94,0,0,0,91,0,0,0,0,0,0,0,0,0,0,0,0,0,0,0,0,0,0,0,0,0,0,0,0,0,0,0,,,,,,,,,,,,,,,,
1156.658,0,0,0,0,0,0,0,0,12,0,0,0,0,90,30,3,0,0,0,0,0,23,242,0,0,0,26,0,0,0,4,0,0,0,0,0,94,0,0,0,91,0,0,0,0,0,0,0,0,0,0,0,0,0,0,0,0,0,0,0,0,0,0,0,0,0,0,0,,,,,,,,,,,,,,,,
1157.228,0,0,0,0,0,0,0,0,12,0,0,0,0,90,30,3,0,0,0,0,0,23,242,0,0,0,26,0,0,0,4,0,0,0,0,0,94,0,0,0,91,0,0,0,0,0,0,0,0,0,0,0,0,0,0,0,0,0,0,0,0,0,0,0,0,0,0,0,,,,,,,,,,,,,,,,
1157.228,0,0,0,0,0,0,0,0,12,0,0,0,0,90,30,3,0,0,0,0,0,23,242,0,0,0,26,0,0,0,4,0,0,0,0,0,94,0,0,0,91,0,0,0,0,0,0,0,0,0,0,0,0,0,0,0,0,0,0,0,0,0,0,0,0,0,0,0,,,,,,,,,,,,,,,,
1157.228,0,0,0,0,0,0,0,0,12,0,0,0,0,90,30,3,0,0,0,0,0,23,242,0,0,0,26,0,0,0,4,0,0,0,0,0,94,0,0,0,91,0,0,0,0,0,0,0,0,0,0,0,0,0,0,0,0,0,0,0,0,0,0,0,0,0,0,0,,,,,,,,,,,,,,,,
1157.228,0,0,0,0,0,0,0,0,12,0,0,0,0,90,30,3,0,0,0,0,0,23,242,0,0,0,26,0,0,0,4,0,0,0,0,0,94,0,0,0,91,0,0,0,0,0,0,0,0,0,0,0,0,0,0,0,0,0,0,0,0,0,0,0,0,0,0,0,,,,,,,,,,,,,,,,
1157.804,0,0,0,0,0,0,0,0,12,0,0,0,0,90,30,3,0,0,0,0,0,23,242,0,0,0,26,0,0,0,4,0,0,0,0,0,94,0,0,0,91,0,0,0,0,0,0,0,0,0,0,0,0,0,0,0,0,0,0,0,0,0,0,0,0,0,0,0,,,,,,,,,,,,,,,,
1157.804,0,0,0,0,0,0,0,0,12,0,0,0,0,90,30,3,0,0,0,0,0,23,242,0,0,0,26,0,0,0,4,0,0,0,0,0,94,0,0,0,91,0,0,0,0,0,0,0,0,0,0,0,0,0,0,0,0,0,0,0,0,0,0,0,0,0,0,0,,,,,,,,,,,,,,,,
1157.804,0,0,0,0,0,0,0,0,12,0,0,0,0,90,30,3,0,0,0,0,0,23,242,0,0,0,26,0,0,0,4,0,0,0,0,0,94,0,0,0,91,0,0,0,0,0,0,0,0,0,0,0,0,0,0,0,0,0,0,0,0,0,0,0,0,0,0,0,,,,,,,,,,,,,,,,
1158.368,0,0,0,0,0,0,0,0,12,0,0,0,0,90,30,3,0,0,0,0,0,23,240,0,0,0,26,0,0,0,4,0,0,0,0,0,94,0,0,0,91,0,0,0,0,0,0,0,0,0,0,0,0,0,0,0,0,0,0,0,0,0,0,0,0,0,0,0,,,,,,,,,,,,,,,,
1158.368,0,0,0,0,0,0,0,0,12,0,0,0,0,90,30,3,0,0,0,0,0,23,240,0,0,0,26,0,0,0,4,0,0,0,0,0,94,0,0,0,91,0,0,0,0,0,0,0,0,0,0,0,0,0,0,0,0,0,0,0,0,0,0,0,0,0,0,0,,,,,,,,,,,,,,,,
1158.368,0,0,0,0,0,0,0,0,12,0,0,0,0,90,30,3,0,0,0,0,0,23,240,0,0,0,26,0,0,0,4,0,0,0,0,0,94,0,0,0,91,0,0,0,0,0,0,0,0,0,0,0,0,0,0,0,0,0,0,0,0,0,0,0,0,0,0,0,,,,,,,,,,,,,,,,
1158.956,0,0,0,0,0,0,0,0,12,0,0,0,0,90,30,3,0,0,0,0,0,23,240,0,0,0,26,0,0,0,4,0,0,0,0,0,94,0,0,0,91,0,0,0,0,0,0,0,0,0,0,0,0,0,0,0,0,0,0,0,0,0,0,0,0,0,0,0,,,,,,,,,,,,,,,,
1158.956,0,0,0,0,0,0,0,0,12,0,0,0,0,89,30,3,0,0,0,0,0,23,240,0,0,0,26,0,0,0,4,0,0,0,0,0,94,0,0,0,91,0,0,0,0,0,0,0,0,0,0,0,0,0,0,0,0,0,0,0,0,0,0,0,0,0,0,0,,,,,,,,,,,,,,,,
1158.956,0,0,0,0,0,0,0,0,12,0,0,0,0,89,30,3,0,0,0,0,0,23,240,0,0,0,26,0,0,0,4,0,0,0,0,0,94,0,0,0,91,0,0,0,0,0,0,0,0,0,0,0,0,0,0,0,0,0,0,0,0,0,0,0,0,0,0,0,,,,,,,,,,,,,,,,
1159.954,0,0,0,0,0,0,0,0,12,0,0,0,0,89,30,3,0,0,0,0,0,23,237,0,0,0,26,0,0,0,4,0,0,0,0,0,94,0,0,0,91,0,0,0,0,0,0,0,0,0,0,0,0,0,0,0,0,0,0,0,0,0,0,0,0,0,0,0,,,,,,,,,,,,,,,,
1159.954,0,0,0,0,0,0,0,0,12,0,0,0,0,89,30,3,0,0,0,0,0,23,237,0,0,0,26,0,0,0,4,0,0,0,0,0,94,0,0,0,91,0,0,0,0,0,0,0,0,0,0,0,0,0,0,0,0,0,0,0,0,0,0,0,0,0,0,0,,,,,,,,,,,,,,,,
1159.954,0,0,0,0,0,0,0,0,12,0,0,0,0,89,30,3,0,0,0,0,0,23,237,0,0,0,26,0,0,0,4,0,0,0,0,0,94,0,0,0,91,0,0,0,0,0,0,0,0,0,0,0,0,0,0,0,0,0,0,0,0,0,0,0,0,0,0,0,,,,,,,,,,,,,,,,
1160.520,0,0,0,0,0,0,0,0,12,0,0,0,0,89,30,3,0,0,0,0,0,23,237,0,0,0,26,0,0,0,4,0,0,0,0,0,94,0,0,0,91,0,0,0,0,0,0,0,0,0,0,0,0,0,0,0,0,0,0,0,0,0,0,0,0,0,0,0,,,,,,,,,,,,,,,,
1160.520,0,0,0,0,0,0,0,0,12,0,0,0,0,89,30,3,0,0,0,0,0,23,237,0,0,0,26,0,0,0,4,0,0,0,0,0,94,0,0,0,91,0,0,0,0,0,0,0,0,0,0,0,0,0,0,0,0,0,0,0,0,0,0,0,0,0,0,0,,,,,,,,,,,,,,,,
1160.520,0,0,0,0,0,0,0,0,12,0,0,0,0,89,30,3,0,0,0,0,0,23,237,0,0,0,26,0,0,0,4,0,0,0,0,0,94,0,0,0,91,0,0,0,0,0,0,0,0,0,0,0,0,0,0,0,0,0,0,0,0,0,0,0,0,0,0,0,,,,,,,,,,,,,,,,
1161.091,0,0,0,0,0,0,0,0,12,0,0,0,0,89,30,3,0,0,0,0,0,23,237,0,0,0,26,0,0,0,4,0,0,0,0,0,94,0,0,0,91,0,0,0,0,0,0,0,0,0,0,0,0,0,0,0,0,0,0,0,0,0,0,0,0,0,0,0,,,,,,,,,,,,,,,,
1161.091,0,0,0,0,0,0,0,0,12,0,0,0,0,89,30,3,0,0,0,0,0,23,237,0,0,0,26,0,0,0,4,0,0,0,0,0,94,0,0,0,91,0,0,0,0,0,0,0,0,0,0,0,0,0,0,0,0,0,0,0,0,0,0,0,0,0,0,0,,,,,,,,,,,,,,,,
1161.091,0,0,0,0,0,0,0,0,12,0,0,0,0,89,30,3,0,0,0,0,0,23,237,0,0,0,26,0,0,0,4,0,0,0,0,0,94,0,0,0,91,0,0,0,0,0,0,0,0,0,0,0,0,0,0,0,0,0,0,0,0,0,0,0,0,0,0,0,,,,,,,,,,,,,,,,
1161.091,0,0,0,0,0,0,0,0,12,0,0,0,0,89,30,3,0,0,0,0,0,23,237,0,0,0,26,0,0,0,4,0,0,0,0,0,94,0,0,0,91,0,0,0,0,0,0,0,0,0,0,0,0,0,0,0,0,0,0,0,0,0,0,0,0,0,0,0,,,,,,,,,,,,,,,,
1161.660,0,0,0,0,0,0,0,0,12,0,0,0,0,89,30,3,0,0,0,0,0,23,237,0,0,0,26,0,0,0,4,0,0,0,0,0,94,0,0,0,91,0,0,0,0,0,0,0,0,0,0,0,0,0,0,0,0,0,0,0,0,0,0,0,0,0,0,0,,,,,,,,,,,,,,,,
1161.660,0,0,0,0,0,0,0,0,12,0,0,0,0,89,30,3,0,0,0,0,0,23,237,0,0,0,26,0,0,0,4,0,0,0,0,0,94,0,0,0,91,0,0,0,0,0,0,0,0,0,0,0,0,0,0,0,0,0,0,0,0,0,0,0,0,0,0,0,,,,,,,,,,,,,,,,
1161.660,0,0,0,0,0,0,0,0,12,0,0,0,0,89,30,3,0,0,0,0,0,23,237,0,0,0,26,0,0,0,4,0,0,0,0,0,94,0,0,0,91,0,0,0,0,0,0,0,0,0,0,0,0,0,0,0,0,0,0,0,0,0,0,0,0,0,0,0,,,,,,,,,,,,,,,,
1162.235,0,0,0,0,0,0,0,0,12,0,0,0,0,89,30,3,0,0,0,0,0,23,235,0,0,0,26,0,0,0,4,0,0,0,0,0,94,0,0,0,91,0,0,0,0,0,0,0,0,0,0,0,0,0,0,0,0,0,0,0,0,0,0,0,0,0,0,0,,,,,,,,,,,,,,,,
1162.235,0,0,0,0,0,0,0,0,12,0,0,0,0,89,30,3,0,0,0,0,0,23,235,0,0,0,26,0,0,0,4,0,0,0,0,0,94,0,0,0,91,0,0,0,0,0,0,0,0,0,0,0,0,0,0,0,0,0,0,0,0,0,0,0,0,0,0,0,,,,,,,,,,,,,,,,
1162.235,0,0,0,0,0,0,0,0,12,0,0,0,0,89,30,3,0,0,0,0,0,23,235,0,0,0,26,0,0,0,4,0,0,0,0,0,94,0,0,0,91,0,0,0,0,0,0,0,0,0,0,0,0,0,0,0,0,0,0,0,0,0,0,0,0,0,0,0,,,,,,,,,,,,,,,,
1162.960,0,0,0,0,0,0,0,0,12,0,0,0,0,89,30,3,0,0,0,0,0,23,235,0,0,0,26,0,0,0,4,0,0,0,0,0,94,0,0,0,91,0,0,0,0,0,0,0,0,0,0,0,0,0,0,0,0,0,0,0,0,0,0,0,0,0,0,0,,,,,,,,,,,,,,,,
1162.960,0,0,0,0,0,0,0,0,12,0,0,0,0,89,30,3,0,0,0,0,0,23,235,0,0,0,26,0,0,0,4,0,0,0,0,0,94,0,0,0,91,0,0,0,0,0,0,0,0,0,0,0,0,0,0,0,0,0,0,0,0,0,0,0,0,0,0,0,,,,,,,,,,,,,,,,
1162.960,0,0,0,0,0,0,0,0,12,0,0,0,0,89,30,3,0,0,0,0,0,23,235,0,0,0,26,0,0,0,4,0,0,0,0,0,94,0,0,0,91,0,0,0,0,0,0,0,0,0,0,0,0,0,0,0,0,0,0,0,0,0,0,0,0,0,0,0,,,,,,,,,,,,,,,,
1163.956,0,0,0,0,0,0,0,0,12,0,0,0,0,89,30,3,0,0,0,0,0,23,235,0,0,0,26,0,0,0,4,0,0,0,0,0,94,0,0,0,91,0,0,0,0,0,0,0,0,0,0,0,0,0,0,0,0,0,0,0,0,0,0,0,0,0,0,0,,,,,,,,,,,,,,,,
1163.956,0,0,0,0,0,0,0,0,12,0,0,0,0,89,30,3,0,0,0,0,0,23,235,0,0,0,26,0,0,0,4,0,0,0,0,0,94,0,0,0,91,0,0,0,0,0,0,0,0,0,0,0,0,0,0,0,0,0,0,0,0,0,0,0,0,0,0,0,,,,,,,,,,,,,,,,
1163.956,0,0,0,0,0,0,0,0,12,0,0,0,0,89,30,3,0,0,0,0,0,23,235,0,0,0,26,0,0,0,4,0,0,0,0,0,94,0,0,0,91,0,0,0,0,0,0,0,0,0,0,0,0,0,0,0,0,0,0,0,0,0,0,0,0,0,0,0,,,,,,,,,,,,,,,,
1164.522,0,0,0,0,0,0,0,0,12,0,0,0,0,89,30,3,0,0,0,0,0,23,235,0,0,0,26,0,0,0,4,0,0,0,0,0,94,0,0,0,91,0,0,0,0,0,0,0,0,0,0,0,0,0,0,0,0,0,0,0,0,0,0,0,0,0,0,0,,,,,,,,,,,,,,,,
1164.522,0,0,0,0,0,0,0,0,12,0,0,0,0,89,30,3,0,0,0,0,0,23,235,0,0,0,26,0,0,0,4,0,0,0,0,0,94,0,0,0,91,0,0,0,0,0,0,0,0,0,0,0,0,0,0,0,0,0,0,0,0,0,0,0,0,0,0,0,,,,,,,,,,,,,,,,
1164.522,0,0,0,0,0,0,0,0,12,0,0,0,0,89,30,3,0,0,0,0,0,23,235,0,0,0,26,0,0,0,4,0,0,0,0,0,94,0,0,0,91,0,0,0,0,0,0,0,0,0,0,0,0,0,0,0,0,0,0,0,0,0,0,0,0,0,0,0,,,,,,,,,,,,,,,,
1164.522,0,0,0,0,0,0,0,0,12,0,0,0,0,89,30,3,0,0,0,0,0,23,235,0,0,0,26,0,0,0,4,0,0,0,0,0,94,0,0,0,91,0,0,0,0,0,0,0,0,0,0,0,0,0,0,0,0,0,0,0,0,0,0,0,0,0,0,0,,,,,,,,,,,,,,,,
1165.093,0,0,0,0,0,0,0,0,12,0,0,0,0,89,30,3,0,0,0,0,0,23,232,0,0,0,26,0,0,0,4,0,0,0,0,0,94,0,0,0,91,0,0,0,0,0,0,0,0,0,0,0,0,0,0,0,0,0,0,0,0,0,0,0,0,0,0,0,,,,,,,,,,,,,,,,
1165.093,0,0,0,0,0,0,0,0,12,0,0,0,0,89,30,3,0,0,0,0,0,23,232,0,0,0,26,0,0,0,4,0,0,0,0,0,94,0,0,0,91,0,0,0,0,0,0,0,0,0,0,0,0,0,0,0,0,0,0,0,0,0,0,0,0,0,0,0,,,,,,,,,,,,,,,,
1165.093,0,0,0,0,0,0,0,0,12,0,0,0,0,89,30,3,0,0,0,0,0,23,232,0,0,0,26,0,0,0,4,0,0,0,0,0,94,0,0,0,91,0,0,0,0,0,0,0,0,0,0,0,0,0,0,0,0,0,0,0,0,0,0,0,0,0,0,0,,,,,,,,,,,,,,,,
1165.664,0,0,0,0,0,0,0,0,12,0,0,0,0,89,30,3,0,0,0,0,0,23,232,0,0,0,26,0,0,0,4,0,0,0,0,0,94,0,0,0,91,0,0,0,0,0,0,0,0,0,0,0,0,0,0,0,0,0,0,0,0,0,0,0,0,0,0,0,,,,,,,,,,,,,,,,
1165.664,0,0,0,0,0,0,0,0,12,0,0,0,0,89,30,3,0,0,0,0,0,23,232,0,0,0,26,0,0,0,4,0,0,0,0,0,94,0,0,0,91,0,0,0,0,0,0,0,0,0,0,0,0,0,0,0,0,0,0,0,0,0,0,0,0,0,0,0,,,,,,,,,,,,,,,,
1165.664,0,0,0,0,0,0,0,0,12,0,0,0,0,89,30,3,0,0,0,0,0,23,232,0,0,0,26,0,0,0,4,0,0,0,0,0,94,0,0,0,91,0,0,0,0,0,0,0,0,0,0,0,0,0,0,0,0,0,0,0,0,0,0,0,0,0,0,0,,,,,,,,,,,,,,,,
1166.235,0,0,0,0,0,0,0,0,12,0,0,0,0,89,30,3,0,0,0,0,0,23,232,0,0,0,26,0,0,0,4,0,0,0,0,0,94,0,0,0,91,0,0,0,0,0,0,0,0,0,0,0,0,0,0,0,0,0,0,0,0,0,0,0,0,0,0,0,,,,,,,,,,,,,,,,
1166.235,0,0,0,0,0,0,0,0,12,0,0,0,0,89,30,3,0,0,0,0,0,23,232,0,0,0,26,0,0,0,4,0,0,0,0,0,94,0,0,0,91,0,0,0,0,0,0,0,0,0,0,0,0,0,0,0,0,0,0,0,0,0,0,0,0,0,0,0,,,,,,,,,,,,,,,,
1166.235,0,0,0,0,0,0,0,0,12,0,0,0,0,89,30,3,0,0,0,0,0,23,232,0,0,0,26,0,0,0,4,0,0,0,0,0,94,0,0,0,91,0,0,0,0,0,0,0,0,0,0,0,0,0,0,0,0,0,0,0,0,0,0,0,0,0,0,0,,,,,,,,,,,,,,,,
1166.235,0,0,0,0,0,0,0,0,12,0,0,0,0,89,30,3,0,0,0,0,0,23,232,0,0,0,26,0,0,0,4,0,0,0,0,0,94,0,0,0,91,0,0,0,0,0,0,0,0,0,0,0,0,0,0,0,0,0,0,0,0,0,0,0,0,0,0,0,,,,,,,,,,,,,,,,
1166.949,0,0,0,0,0,0,0,0,12,0,0,0,0,89,30,3,0,0,0,0,0,23,226,0,0,0,26,0,0,0,4,0,0,0,0,0,94,0,0,0,91,0,0,0,0,0,0,0,0,0,0,0,0,0,0,0,0,0,0,0,0,0,0,0,0,0,0,0,,,,,,,,,,,,,,,,
1166.949,0,0,0,0,0,0,0,0,12,0,0,0,0,89,30,3,0,0,0,0,0,23,226,0,0,0,26,0,0,0,4,0,0,0,0,0,94,0,0,0,91,0,0,0,0,0,0,0,0,0,0,0,0,0,0,0,0,0,0,0,0,0,0,0,0,0,0,0,,,,,,,,,,,,,,,,
1166.949,0,0,0,0,0,0,0,0,12,0,0,0,0,89,30,3,0,0,0,0,0,23,226,0,0,0,26,0,0,0,4,0,0,0,0,0,94,0,0,0,91,0,0,0,0,0,0,0,0,0,0,0,0,0,0,0,0,0,0,0,0,0,0,0,0,0,0,0,,,,,,,,,,,,,,,,
1167.518,0,0,0,0,0,0,0,0,12,0,0,0,0,89,30,3,0,0,0,0,0,23,226,0,0,0,26,0,0,0,4,0,0,0,0,0,94,0,0,0,91,0,0,0,0,0,0,0,0,0,0,0,0,0,0,0,0,0,0,0,0,0,0,0,0,0,0,0,,,,,,,,,,,,,,,,
1167.518,0,0,0,0,0,0,0,0,12,0,0,0,0,88,30,3,0,0,0,0,0,23,226,0,0,0,26,0,0,0,4,0,0,0,0,0,94,0,0,0,91,0,0,0,0,0,0,0,0,0,0,0,0,0,0,0,0,0,0,0,0,0,0,0,0,0,0,0,,,,,,,,,,,,,,,,
1167.518,0,0,0,0,0,0,0,0,12,0,0,0,0,88,30,3,0,0,0,0,0,23,226,0,0,0,26,0,0,0,4,0,0,0,0,0,94,0,0,0,91,0,0,0,0,0,0,0,0,0,0,0,0,0,0,0,0,0,0,0,0,0,0,0,0,0,0,0,,,,,,,,,,,,,,,,
1168.094,0,0,0,0,0,0,0,0,12,0,0,0,0,88,30,3,0,0,0,0,0,23,226,0,0,0,26,0,0,0,4,0,0,0,0,0,94,0,0,0,91,0,0,0,0,0,0,0,0,0,0,0,0,0,0,0,0,0,0,0,0,0,0,0,0,0,0,0,,,,,,,,,,,,,,,,
1168.094,0,0,0,0,0,0,0,0,12,0,0,0,0,88,30,3,0,0,0,0,0,23,226,0,0,0,26,0,0,0,4,0,0,0,0,0,94,0,0,0,91,0,0,0,0,0,0,0,0,0,0,0,0,0,0,0,0,0,0,0,0,0,0,0,0,0,0,0,,,,,,,,,,,,,,,,
1168.094,0,0,0,0,0,0,0,0,12,0,0,0,0,88,30,3,0,0,0,0,0,23,226,0,0,0,26,0,0,0,4,0,0,0,0,0,94,0,0,0,91,0,0,0,0,0,0,0,0,0,0,0,0,0,0,0,0,0,0,0,0,0,0,0,0,0,0,0,,,,,,,,,,,,,,,,
1168.954,0,0,0,0,0,0,0,0,12,0,0,0,0,88,30,3,0,0,0,0,0,23,218,0,0,0,26,0,0,0,4,0,0,0,0,0,94,0,0,0,91,0,0,0,0,0,0,0,0,0,0,0,0,0,0,0,0,0,0,0,0,0,0,0,0,0,0,0,,,,,,,,,,,,,,,,
1168.954,0,0,0,0,0,0,0,0,12,0,0,0,0,88,30,3,0,0,0,0,0,23,218,0,0,0,26,0,0,0,4,0,0,0,0,0,94,0,0,0,91,0,0,0,0,0,0,0,0,0,0,0,0,0,0,0,0,0,0,0,0,0,0,0,0,0,0,0,,,,,,,,,,,,,,,,
1168.954,0,0,0,0,0,0,0,0,12,0,0,0,0,88,30,3,0,0,0,0,0,23,218,0,0,0,26,0,0,0,4,0,0,0,0,0,94,0,0,0,91,0,0,0,0,0,0,0,0,0,0,0,0,0,0,0,0,0,0,0,0,0,0,0,0,0,0,0,,,,,,,,,,,,,,,,
1169.524,0,0,0,0,0,0,0,0,12,0,0,0,0,88,30,3,0,0,0,0,0,23,218,0,0,0,26,0,0,0,4,0,0,0,0,0,94,0,0,0,91,0,0,0,0,0,0,0,0,0,0,0,0,0,0,0,0,0,0,0,0,0,0,0,0,0,0,0,,,,,,,,,,,,,,,,
1169.524,0,0,0,0,0,0,0,0,12,0,0,0,0,88,30,3,0,0,0,0,0,23,218,0,0,0,26,0,0,0,4,0,0,0,0,0,94,0,0,0,91,0,0,0,0,0,0,0,0,0,0,0,0,0,0,0,0,0,0,0,0,0,0,0,0,0,0,0,,,,,,,,,,,,,,,,
1169.524,0,0,0,0,0,0,0,0,12,0,0,0,0,88,30,3,0,0,0,0,0,23,218,0,0,0,26,0,0,0,4,0,0,0,0,0,94,0,0,0,91,0,0,0,0,0,0,0,0,0,0,0,0,0,0,0,0,0,0,0,0,0,0,0,0,0,0,0,,,,,,,,,,,,,,,,
1170.094,0,0,0,0,0,0,0,0,12,0,0,0,0,88,30,3,0,0,0,0,0,23,218,0,0,0,26,0,0,0,4,0,0,0,0,0,94,0,0,0,91,0,0,0,0,0,0,0,0,0,0,0,0,0,0,0,0,0,0,0,0,0,0,0,0,0,0,0,,,,,,,,,,,,,,,,
1170.094,0,0,0,0,0,0,0,0,12,0,0,0,0,88,30,3,0,0,0,0,0,23,218,0,0,0,26,0,0,0,4,0,0,0,0,0,94,0,0,0,91,0,0,0,0,0,0,0,0,0,0,0,0,0,0,0,0,0,0,0,0,0,0,0,0,0,0,0,,,,,,,,,,,,,,,,
1170.094,0,0,0,0,0,0,0,0,12,0,0,0,0,88,30,3,0,0,0,0,0,23,218,0,0,0,26,0,0,0,4,0,0,0,0,0,94,0,0,0,91,0,0,0,0,0,0,0,0,0,0,0,0,0,0,0,0,0,0,0,0,0,0,0,0,0,0,0,,,,,,,,,,,,,,,,
1170.094,0,0,0,0,0,0,0,0,12,0,0,0,0,88,30,3,0,0,0,0,0,23,218,0,0,0,26,0,0,0,4,0,0,0,0,0,94,0,0,0,91,0,0,0,0,0,0,0,0,0,0,0,0,0,0,0,0,0,0,0,0,0,0,0,0,0,0,0,,,,,,,,,,,,,,,,
1170.950,0,0,0,0,0,0,0,0,12,0,0,0,0,88,30,3,0,0,0,0,0,23,213,0,0,0,26,0,0,0,4,0,0,0,0,0,94,0,0,0,91,0,0,0,0,0,0,0,0,0,0,0,0,0,0,0,0,0,0,0,0,0,0,0,0,0,0,0,,,,,,,,,,,,,,,,
1170.950,0,0,0,0,0,0,0,0,12,0,0,0,0,88,30,3,0,0,0,0,0,23,213,0,0,0,26,0,0,0,4,0,0,0,0,0,94,0,0,0,91,0,0,0,0,0,0,0,0,0,0,0,0,0,0,0,0,0,0,0,0,0,0,0,0,0,0,0,,,,,,,,,,,,,,,,
1170.950,0,0,0,0,0,0,0,0,12,0,0,0,0,88,30,3,0,0,0,0,0,23,213,0,0,0,26,0,0,0,4,0,0,0,0,0,94,0,0,0,91,0,0,0,0,0,0,0,0,0,0,0,0,0,0,0,0,0,0,0,0,0,0,0,0,0,0,0,,,,,,,,,,,,,,,,
1171.520,0,0,0,0,0,0,0,0,12,0,0,0,0,88,30,3,0,0,0,0,0,23,213,0,0,0,26,0,0,0,4,0,0,0,0,0,94,0,0,0,91,0,0,0,0,0,0,0,0,0,0,0,0,0,0,0,0,0,0,0,0,0,0,0,0,0,0,0,,,,,,,,,,,,,,,,
1171.520,0,0,0,0,0,0,0,0,12,0,0,0,0,88,30,3,0,0,0,0,0,23,213,0,0,0,26,0,0,0,4,0,0,0,0,0,94,0,0,0,91,0,0,0,0,0,0,0,0,0,0,0,0,0,0,0,0,0,0,0,0,0,0,0,0,0,0,0,,,,,,,,,,,,,,,,
1171.520,0,0,0,0,0,0,0,0,12,0,0,0,0,88,30,3,0,0,0,0,0,23,213,0,0,0,26,0,0,0,4,0,0,0,0,0,94,0,0,0,91,0,0,0,0,0,0,0,0,0,0,0,0,0,0,0,0,0,0,0,0,0,0,0,0,0,0,0,,,,,,,,,,,,,,,,
1172.093,0,0,0,0,0,0,0,0,12,0,0,0,0,88,30,3,0,0,0,0,0,23,213,0,0,0,26,0,0,0,4,0,0,0,0,0,94,0,0,0,91,0,0,0,0,0,0,0,0,0,0,0,0,0,0,0,0,0,0,0,0,0,0,0,0,0,0,0,,,,,,,,,,,,,,,,
1172.093,0,0,0,0,0,0,0,0,12,0,0,0,0,88,30,3,0,0,0,0,0,23,213,0,0,0,26,0,0,0,4,0,0,0,0,0,94,0,0,0,91,0,0,0,0,0,0,0,0,0,0,0,0,0,0,0,0,0,0,0,0,0,0,0,0,0,0,0,,,,,,,,,,,,,,,,
1172.093,0,0,0,0,0,0,0,0,12,0,0,0,0,88,30,3,0,0,0,0,0,23,213,0,0,0,26,0,0,0,4,0,0,0,0,0,94,0,0,0,91,0,0,0,0,0,0,0,0,0,0,0,0,0,0,0,0,0,0,0,0,0,0,0,0,0,0,0,,,,,,,,,,,,,,,,
1172.660,0,0,0,0,0,0,0,0,12,0,0,0,0,88,30,3,0,0,0,0,0,23,213,0,0,0,26,0,0,0,4,0,0,0,0,0,94,0,0,0,91,0,0,0,0,0,0,0,0,0,0,0,0,0,0,0,0,0,0,0,0,0,0,0,0,0,0,0,,,,,,,,,,,,,,,,
1172.660,0,0,0,0,0,0,0,0,12,0,0,0,0,88,30,3,0,0,0,0,0,23,213,0,0,0,26,0,0,0,4,0,0,0,0,0,94,0,0,0,91,0,0,0,0,0,0,0,0,0,0,0,0,0,0,0,0,0,0,0,0,0,0,0,0,0,0,0,,,,,,,,,,,,,,,,
1172.660,0,0,0,0,0,0,0,0,12,0,0,0,0,88,30,3,0,0,0,0,0,23,213,0,0,0,26,0,0,0,4,0,0,0,0,0,94,0,0,0,91,0,0,0,0,0,0,0,0,0,0,0,0,0,0,0,0,0,0,0,0,0,0,0,0,0,0,0,,,,,,,,,,,,,,,,
1172.660,0,0,0,0,0,0,0,0,12,0,0,0,0,88,30,3,0,0,0,0,0,23,213,0,0,0,26,0,0,0,4,0,0,0,0,0,94,0,0,0,91,0,0,0,0,0,0,0,0,0,0,0,0,0,0,0,0,0,0,0,0,0,0,0,0,0,0,0,,,,,,,,,,,,,,,,
1173.230,0,0,0,0,0,0,0,0,12,0,0,0,0,88,30,3,0,0,0,0,0,23,208,0,0,0,26,0,0,0,4,0,0,0,0,0,94,0,0,0,91,0,0,0,0,0,0,0,0,0,0,0,0,0,0,0,0,0,0,0,0,0,0,0,0,0,0,0,,,,,,,,,,,,,,,,
1173.230,0,0,0,0,0,0,0,0,12,0,0,0,0,88,30,3,0,0,0,0,0,23,208,0,0,0,26,0,0,0,4,0,0,0,0,0,94,0,0,0,91,0,0,0,0,0,0,0,0,0,0,0,0,0,0,0,0,0,0,0,0,0,0,0,0,0,0,0,,,,,,,,,,,,,,,,
1173.230,0,0,0,0,0,0,0,0,12,0,0,0,0,88,30,3,0,0,0,0,0,23,208,0,0,0,26,0,0,0,4,0,0,0,0,0,94,0,0,0,91,0,0,0,0,0,0,0,0,0,0,0,0,0,0,0,0,0,0,0,0,0,0,0,0,0,0,0,,,,,,,,,,,,,,,,
1173.804,0,0,0,0,0,0,0,0,12,0,0,0,0,88,30,3,0,0,0,0,0,23,208,0,0,0,26,0,0,0,4,0,0,0,0,0,94,0,0,0,91,0,0,0,0,0,0,0,0,0,0,0,0,0,0,0,0,0,0,0,0,0,0,0,0,0,0,0,,,,,,,,,,,,,,,,
1173.804,0,0,0,0,0,0,0,0,12,0,0,0,0,88,30,3,0,0,0,0,0,23,208,0,0,0,26,0,0,0,4,0,0,0,0,0,94,0,0,0,91,0,0,0,0,0,0,0,0,0,0,0,0,0,0,0,0,0,0,0,0,0,0,0,0,0,0,0,,,,,,,,,,,,,,,,
1173.804,0,0,0,0,0,0,0,0,12,0,0,0,0,88,30,3,0,0,0,0,0,23,208,0,0,0,26,0,0,0,4,0,0,0,0,0,94,0,0,0,91,0,0,0,0,0,0,0,0,0,0,0,0,0,0,0,0,0,0,0,0,0,0,0,0,0,0,0,,,,,,,,,,,,,,,,
1174.958,0,0,0,0,0,0,0,0,12,0,0,0,0,88,30,3,0,0,0,0,0,23,205,0,0,0,26,0,0,0,4,0,0,0,0,0,94,0,0,0,91,0,0,0,0,0,0,0,0,0,0,0,0,0,0,0,0,0,0,0,0,0,0,0,0,0,0,0,,,,,,,,,,,,,,,,
1174.958,0,0,0,0,0,0,0,0,12,0,0,0,0,88,30,3,0,0,0,0,0,23,205,0,0,0,26,0,0,0,4,0,0,0,0,0,94,0,0,0,91,0,0,0,0,0,0,0,0,0,0,0,0,0,0,0,0,0,0,0,0,0,0,0,0,0,0,0,,,,,,,,,,,,,,,,
1174.958,0,0,0,0,0,0,0,0,12,0,0,0,0,88,30,3,0,0,0,0,0,23,205,0,0,0,26,0,0,0,4,0,0,0,0,0,94,0,0,0,91,0,0,0,0,0,0,0,0,0,0,0,0,0,0,0,0,0,0,0,0,0,0,0,0,0,0,0,,,,,,,,,,,,,,,,
1175.527,0,0,0,0,0,0,0,0,12,0,0,0,0,88,30,3,0,0,0,0,0,23,205,0,0,0,26,0,0,0,4,0,0,0,0,0,94,0,0,0,91,0,0,0,0,0,0,0,0,0,0,0,0,0,0,0,0,0,0,0,0,0,0,0,0,0,0,0,,,,,,,,,,,,,,,,
1175.527,0,0,0,0,0,0,0,0,12,0,0,0,0,88,30,3,0,0,0,0,0,23,205,0,0,0,26,0,0,0,4,0,0,0,0,0,94,0,0,0,91,0,0,0,0,0,0,0,0,0,0,0,0,0,0,0,0,0,0,0,0,0,0,0,0,0,0,0,,,,,,,,,,,,,,,,
1175.527,0,0,0,0,0,0,0,0,12,0,0,0,0,88,30,3,0,0,0,0,0,23,205,0,0,0,26,0,0,0,4,0,0,0,0,0,94,0,0,0,91,0,0,0,0,0,0,0,0,0,0,0,0,0,0,0,0,0,0,0,0,0,0,0,0,0,0,0,,,,,,,,,,,,,,,,
1176.098,0,0,0,0,0,0,0,0,12,0,0,0,0,88,30,3,0,0,0,0,0,23,205,0,0,0,26,0,0,0,4,0,0,0,0,0,94,0,0,0,91,0,0,0,0,0,0,0,0,0,0,0,0,0,0,0,0,0,0,0,0,0,0,0,0,0,0,0,,,,,,,,,,,,,,,,
1176.098,0,0,0,0,0,0,0,0,12,0,0,0,0,88,30,3,0,0,0,0,0,23,205,0,0,0,26,0,0,0,4,0,0,0,0,0,94,0,0,0,91,0,0,0,0,0,0,0,0,0,0,0,0,0,0,0,0,0,0,0,0,0,0,0,0,0,0,0,,,,,,,,,,,,,,,,
1176.098,0,0,0,0,0,0,0,0,12,0,0,0,0,88,30,3,0,0,0,0,0,23,205,0,0,0,26,0,0,0,4,0,0,0,0,0,94,0,0,0,91,0,0,0,0,0,0,0,0,0,0,0,0,0,0,0,0,0,0,0,0,0,0,0,0,0,0,0,,,,,,,,,,,,,,,,
1176.098,0,0,0,0,0,0,0,0,12,0,0,0,0,88,30,3,0,0,0,0,0,23,205,0,0,0,26,0,0,0,4,0,0,0,0,0,94,0,0,0,91,0,0,0,0,0,0,0,0,0,0,0,0,0,0,0,0,0,0,0,0,0,0,0,0,0,0,0,,,,,,,,,,,,,,,,
1176.952,0,0,0,0,0,0,0,0,12,0,0,0,0,88,30,3,0,0,0,0,0,23,202,0,0,0,26,0,0,0,4,0,0,0,0,0,94,0,0,0,91,0,0,0,0,0,0,0,0,0,0,0,0,0,0,0,0,0,0,0,0,0,0,0,0,0,0,0,,,,,,,,,,,,,,,,
1176.952,0,0,0,0,0,0,0,0,12,0,0,0,0,88,30,3,0,0,0,0,0,23,202,0,0,0,26,0,0,0,4,0,0,0,0,0,94,0,0,0,91,0,0,0,0,0,0,0,0,0,0,0,0,0,0,0,0,0,0,0,0,0,0,0,0,0,0,0,,,,,,,,,,,,,,,,
1176.952,0,0,0,0,0,0,0,0,12,0,0,0,0,88,30,3,0,0,0,0,0,23,202,0,0,0,26,0,0,0,4,0,0,0,0,0,94,0,0,0,91,0,0,0,0,0,0,0,0,0,0,0,0,0,0,0,0,0,0,0,0,0,0,0,0,0,0,0,,,,,,,,,,,,,,,,
1177.522,0,0,0,0,0,0,0,0,12,0,0,0,0,88,30,3,0,0,0,0,0,23,202,0,0,0,26,0,0,0,4,0,0,0,0,0,94,0,0,0,91,0,0,0,0,0,0,0,0,0,0,0,0,0,0,0,0,0,0,0,0,0,0,0,0,0,0,0,,,,,,,,,,,,,,,,
1177.522,0,0,0,0,0,0,0,0,12,0,0,0,0,87,30,3,0,0,0,0,0,23,202,0,0,0,26,0,0,0,4,0,0,0,0,0,94,0,0,0,91,0,0,0,0,0,0,0,0,0,0,0,0,0,0,0,0,0,0,0,0,0,0,0,0,0,0,0,,,,,,,,,,,,,,,,
1177.522,0,0,0,0,0,0,0,0,12,0,0,0,0,87,30,3,0,0,0,0,0,23,202,0,0,0,26,0,0,0,4,0,0,0,0,0,94,0,0,0,91,0,0,0,0,0,0,0,0,0,0,0,0,0,0,0,0,0,0,0,0,0,0,0,0,0,0,0,,,,,,,,,,,,,,,,
1178.093,0,0,0,0,0,0,0,0,12,0,0,0,0,87,30,3,0,0,0,0,0,23,202,0,0,0,26,0,0,0,5,0,0,0,0,0,94,0,0,0,91,0,0,0,0,0,0,0,0,0,0,0,0,0,0,0,0,0,0,0,0,0,0,0,0,0,0,0,,,,,,,,,,,,,,,,
1178.093,0,0,0,0,0,0,0,0,12,0,0,0,0,87,30,3,0,0,0,0,0,23,202,0,0,0,26,0,0,0,5,0,0,0,0,0,94,0,0,0,91,0,0,0,0,0,0,0,0,0,0,0,0,0,0,0,0,0,0,0,0,0,0,0,0,0,0,0,,,,,,,,,,,,,,,,
1178.093,0,0,0,0,0,0,0,0,12,0,0,0,0,87,30,3,0,0,0,0,0,23,202,0,0,0,26,0,0,0,5,0,0,0,0,0,94,0,0,0,91,0,0,0,0,0,0,0,0,0,0,0,0,0,0,0,0,0,0,0,0,0,0,0,0,0,0,0,,,,,,,,,,,,,,,,
1178.949,0,0,0,0,0,0,0,0,12,0,0,0,0,87,30,3,0,0,0,0,0,23,199,0,0,0,26,0,0,0,5,0,0,0,0,0,94,0,0,0,91,0,0,0,0,0,0,0,0,0,0,0,0,0,0,0,0,0,0,0,0,0,0,0,0,0,0,0,,,,,,,,,,,,,,,,
1178.949,0,0,0,0,0,0,0,0,12,0,0,0,0,87,30,3,0,0,0,0,0,23,199,0,0,0,26,0,0,0,5,0,0,0,0,0,94,0,0,0,91,0,0,0,0,0,0,0,0,0,0,0,0,0,0,0,0,0,0,0,0,0,0,0,0,0,0,0,,,,,,,,,,,,,,,,
1178.949,0,0,0,0,0,0,0,0,12,0,0,0,0,87,30,3,0,0,0,0,0,23,199,0,0,0,26,0,0,0,5,0,0,0,0,0,94,0,0,0,91,0,0,0,0,0,0,0,0,0,0,0,0,0,0,0,0,0,0,0,0,0,0,0,0,0,0,0,,,,,,,,,,,,,,,,
1179.518,0,0,0,0,0,0,0,0,12,0,0,0,0,87,30,3,0,0,0,0,0,23,199,0,0,0,26,0,0,0,5,0,0,0,0,0,94,0,0,0,91,0,0,0,0,0,0,0,0,0,0,0,0,0,0,0,0,0,0,0,0,0,0,0,0,0,0,0,,,,,,,,,,,,,,,,
1179.518,0,0,0,0,0,0,0,0,12,0,0,0,0,87,30,3,0,0,0,0,0,23,199,0,0,0,26,0,0,0,5,0,0,0,0,0,94,0,0,0,91,0,0,0,0,0,0,0,0,0,0,0,0,0,0,0,0,0,0,0,0,0,0,0,0,0,0,0,,,,,,,,,,,,,,,,
1179.518,0,0,0,0,0,0,0,0,12,0,0,0,0,87,30,3,0,0,0,0,0,23,199,0,0,0,26,0,0,0,5,0,0,0,0,0,94,0,0,0,91,0,0,0,0,0,0,0,0,0,0,0,0,0,0,0,0,0,0,0,0,0,0,0,0,0,0,0,,,,,,,,,,,,,,,,
1180.093,0,0,0,0,0,0,0,0,12,0,0,0,0,87,30,3,0,0,0,0,0,23,199,0,0,0,26,0,0,0,5,0,0,0,0,0,94,0,0,0,91,0,0,0,0,0,0,0,0,0,0,0,0,0,0,0,0,0,0,0,0,0,0,0,0,0,0,0,,,,,,,,,,,,,,,,
1180.093,0,0,0,0,0,0,0,0,12,0,0,0,0,87,30,3,0,0,0,0,0,23,199,0,0,0,26,0,0,0,5,0,0,0,0,0,94,0,0,0,91,0,0,0,0,0,0,0,0,0,0,0,0,0,0,0,0,0,0,0,0,0,0,0,0,0,0,0,,,,,,,,,,,,,,,,
1180.093,0,0,0,0,0,0,0,0,12,0,0,0,0,87,30,3,0,0,0,0,0,23,199,0,0,0,26,0,0,0,5,0,0,0,0,0,94,0,0,0,91,0,0,0,0,0,0,0,0,0,0,0,0,0,0,0,0,0,0,0,0,0,0,0,0,0,0,0,,,,,,,,,,,,,,,,
1180.093,0,0,0,0,0,0,0,0,12,0,0,0,0,87,30,3,0,0,0,0,0,23,199,0,0,0,26,0,0,0,5,0,0,0,0,0,94,0,0,0,91,0,0,0,0,0,0,0,0,0,0,0,0,0,0,0,0,0,0,0,0,0,0,0,0,0,0,0,,,,,,,,,,,,,,,,
1180.661,0,0,0,0,0,0,0,0,12,0,0,0,0,87,30,3,0,0,0,0,0,23,199,0,0,0,26,0,0,0,5,0,0,0,0,0,94,0,0,0,91,0,0,0,0,0,0,0,0,0,0,0,0,0,0,0,0,0,0,0,0,0,0,0,0,0,0,0,,,,,,,,,,,,,,,,
1180.661,0,0,0,0,0,0,0,0,12,0,0,0,0,87,30,3,0,0,0,0,0,23,199,0,0,0,26,0,0,0,5,0,0,0,0,0,94,0,0,0,91,0,0,0,0,0,0,0,0,0,0,0,0,0,0,0,0,0,0,0,0,0,0,0,0,0,0,0,,,,,,,,,,,,,,,,
1180.661,0,0,0,0,0,0,0,0,12,0,0,0,0,87,30,3,0,0,0,0,0,23,199,0,0,0,26,0,0,0,5,0,0,0,0,0,94,0,0,0,91,0,0,0,0,0,0,0,0,0,0,0,0,0,0,0,0,0,0,0,0,0,0,0,0,0,0,0,,,,,,,,,,,,,,,,
1180.661,0,0,0,0,0,0,0,0,12,0,0,0,0,87,30,3,0,0,0,0,0,23,199,0,0,0,26,0,0,0,5,0,0,0,0,0,94,0,0,0,91,0,0,0,0,0,0,0,0,0,0,0,0,0,0,0,0,0,0,0,0,0,0,0,0,0,0,0,,,,,,,,,,,,,,,,
1181.228,0,0,0,0,0,0,0,0,12,0,0,0,0,87,30,3,0,0,0,0,0,23,196,0,0,0,26,0,0,0,5,0,0,0,0,0,94,0,0,0,91,0,0,0,0,0,0,0,0,0,0,0,0,0,0,0,0,0,0,0,0,0,0,0,0,0,0,0,,,,,,,,,,,,,,,,
1181.228,0,0,0,0,0,0,0,0,12,0,0,0,0,87,30,3,0,0,0,0,0,23,196,0,0,0,26,0,0,0,5,0,0,0,0,0,94,0,0,0,91,0,0,0,0,0,0,0,0,0,0,0,0,0,0,0,0,0,0,0,0,0,0,0,0,0,0,0,,,,,,,,,,,,,,,,
1181.228,0,0,0,0,0,0,0,0,12,0,0,0,0,87,30,3,0,0,0,0,0,23,196,0,0,0,26,0,0,0,5,0,0,0,0,0,94,0,0,0,91,0,0,0,0,0,0,0,0,0,0,0,0,0,0,0,0,0,0,0,0,0,0,0,0,0,0,0,,,,,,,,,,,,,,,,
1181.799,0,0,0,0,0,0,0,0,12,0,0,0,0,87,30,3,0,0,0,0,0,23,196,0,0,0,26,0,0,0,5,0,0,0,0,0,94,0,0,0,91,0,0,0,0,0,0,0,0,0,0,0,0,0,0,0,0,0,0,0,0,0,0,0,0,0,0,0,,,,,,,,,,,,,,,,
1181.799,0,0,0,0,0,0,0,0,12,0,0,0,0,87,30,3,0,0,0,0,0,23,196,0,0,0,26,0,0,0,5,0,0,0,0,0,94,0,0,0,91,0,0,0,0,0,0,0,0,0,0,0,0,0,0,0,0,0,0,0,0,0,0,0,0,0,0,0,,,,,,,,,,,,,,,,
1181.799,0,0,0,0,0,0,0,0,12,0,0,0,0,87,30,3,0,0,0,0,0,23,196,0,0,0,26,0,0,0,5,0,0,0,0,0,94,0,0,0,91,0,0,0,0,0,0,0,0,0,0,0,0,0,0,0,0,0,0,0,0,0,0,0,0,0,0,0,,,,,,,,,,,,,,,,
1182.368,0,0,0,0,0,0,0,0,12,0,0,0,0,87,30,3,0,0,0,0,0,23,196,0,0,0,26,0,0,0,5,0,0,0,0,0,94,0,0,0,91,0,0,0,0,0,0,0,0,0,0,0,0,0,0,0,0,0,0,0,0,0,0,0,0,0,0,0,,,,,,,,,,,,,,,,
1182.368,0,0,0,0,0,0,0,0,12,0,0,0,0,87,30,3,0,0,0,0,0,23,196,0,0,0,26,0,0,0,5,0,0,0,0,0,94,0,0,0,91,0,0,0,0,0,0,0,0,0,0,0,0,0,0,0,0,0,0,0,0,0,0,0,0,0,0,0,,,,,,,,,,,,,,,,
1182.368,0,0,0,0,0,0,0,0,12,0,0,0,0,87,30,3,0,0,0,0,0,23,196,0,0,0,26,0,0,0,5,0,0,0,0,0,94,0,0,0,91,0,0,0,0,0,0,0,0,0,0,0,0,0,0,0,0,0,0,0,0,0,0,0,0,0,0,0,,,,,,,,,,,,,,,,
1182.954,0,0,0,0,0,0,0,0,12,0,0,0,0,87,30,3,0,0,0,0,0,23,194,0,0,0,26,0,0,0,5,0,0,0,0,0,94,0,0,0,91,0,0,0,0,0,0,0,0,0,0,0,0,0,0,0,0,0,0,0,0,0,0,0,0,0,0,0,,,,,,,,,,,,,,,,
1182.954,0,0,0,0,0,0,0,0,12,0,0,0,0,87,30,3,0,0,0,0,0,23,194,0,0,0,26,0,0,0,5,0,0,0,0,0,94,0,0,0,91,0,0,0,0,0,0,0,0,0,0,0,0,0,0,0,0,0,0,0,0,0,0,0,0,0,0,0,,,,,,,,,,,,,,,,
1182.954,0,0,0,0,0,0,0,0,12,0,0,0,0,87,30,3,0,0,0,0,0,23,194,0,0,0,26,0,0,0,5,0,0,0,0,0,94,0,0,0,91,0,0,0,0,0,0,0,0,0,0,0,0,0,0,0,0,0,0,0,0,0,0,0,0,0,0,0,,,,,,,,,,,,,,,,
1183.524,0,0,0,0,0,0,0,0,12,0,0,0,0,87,30,3,0,0,0,0,0,23,194,0,0,0,26,0,0,0,5,0,0,0,0,0,94,0,0,0,91,0,0,0,0,0,0,0,0,0,0,0,0,0,0,0,0,0,0,0,0,0,0,0,0,0,0,0,,,,,,,,,,,,,,,,
1183.524,0,0,0,0,0,0,0,0,12,0,0,0,0,86,30,3,0,0,0,0,0,23,194,0,0,0,26,0,0,0,5,0,0,0,0,0,94,0,0,0,91,0,0,0,0,0,0,0,0,0,0,0,0,0,0,0,0,0,0,0,0,0,0,0,0,0,0,0,,,,,,,,,,,,,,,,
1183.524,0,0,0,0,0,0,0,0,12,0,0,0,0,86,30,3,0,0,0,0,0,23,194,0,0,0,26,0,0,0,5,0,0,0,0,0,94,0,0,0,91,0,0,0,0,0,0,0,0,0,0,0,0,0,0,0,0,0,0,0,0,0,0,0,0,0,0,0,,,,,,,,,,,,,,,,
1184.954,0,0,0,0,0,0,0,0,12,0,0,0,0,86,30,3,0,0,0,0,0,23,192,0,0,0,26,0,0,0,5,0,0,0,0,0,94,0,0,0,91,0,0,0,0,0,0,0,0,0,0,0,0,0,0,0,0,0,0,0,0,0,0,0,0,0,0,0,,,,,,,,,,,,,,,,
1184.954,0,0,0,0,0,0,0,0,12,0,0,0,0,86,30,3,0,0,0,0,0,23,192,0,0,0,26,0,0,0,5,0,0,0,0,0,94,0,0,0,91,0,0,0,0,0,0,0,0,0,0,0,0,0,0,0,0,0,0,0,0,0,0,0,0,0,0,0,,,,,,,,,,,,,,,,
1184.954,0,0,0,0,0,0,0,0,12,0,0,0,0,86,30,3,0,0,0,0,0,23,192,0,0,0,26,0,0,0,5,0,0,0,0,0,94,0,0,0,91,0,0,0,0,0,0,0,0,0,0,0,0,0,0,0,0,0,0,0,0,0,0,0,0,0,0,0,,,,,,,,,,,,,,,,
1185.520,0,0,0,0,0,0,0,0,12,0,0,0,0,86,30,3,0,0,0,0,0,23,192,0,0,0,26,0,0,0,5,0,0,0,0,0,94,0,0,0,91,0,0,0,0,0,0,0,0,0,0,0,0,0,0,0,0,0,0,0,0,0,0,0,0,0,0,0,,,,,,,,,,,,,,,,
1185.520,0,0,0,0,0,0,0,0,12,0,0,0,0,86,30,3,0,0,0,0,0,23,192,0,0,0,26,0,0,0,5,0,0,0,0,0,94,0,0,0,91,0,0,0,0,0,0,0,0,0,0,0,0,0,0,0,0,0,0,0,0,0,0,0,0,0,0,0,,,,,,,,,,,,,,,,
1185.520,0,0,0,0,0,0,0,0,12,0,0,0,0,86,30,3,0,0,0,0,0,23,192,0,0,0,26,0,0,0,5,0,0,0,0,0,94,0,0,0,91,0,0,0,0,0,0,0,0,0,0,0,0,0,0,0,0,0,0,0,0,0,0,0,0,0,0,0,,,,,,,,,,,,,,,,
1186.091,0,0,0,0,0,0,0,0,12,0,0,0,0,86,30,3,0,0,0,0,0,23,192,0,0,0,26,0,0,0,5,0,0,0,0,0,94,0,0,0,91,0,0,0,0,0,0,0,0,0,0,0,0,0,0,0,0,0,0,0,0,0,0,0,0,0,0,0,,,,,,,,,,,,,,,,
1186.091,0,0,0,0,0,0,0,0,12,0,0,0,0,86,30,3,0,0,0,0,0,23,192,0,0,0,26,0,0,0,5,0,0,0,0,0,94,0,0,0,91,0,0,0,0,0,0,0,0,0,0,0,0,0,0,0,0,0,0,0,0,0,0,0,0,0,0,0,,,,,,,,,,,,,,,,
1186.091,0,0,0,0,0,0,0,0,12,0,0,0,0,86,30,3,0,0,0,0,0,23,192,0,0,0,26,0,0,0,5,0,0,0,0,0,94,0,0,0,91,0,0,0,0,0,0,0,0,0,0,0,0,0,0,0,0,0,0,0,0,0,0,0,0,0,0,0,,,,,,,,,,,,,,,,
1186.660,0,0,0,0,0,0,0,0,12,0,0,0,0,86,30,3,0,0,0,0,0,23,192,0,0,0,26,0,0,0,5,0,0,0,0,0,94,0,0,0,91,0,0,0,0,0,0,0,0,0,0,0,0,0,0,0,0,0,0,0,0,0,0,0,0,0,0,0,,,,,,,,,,,,,,,,
1186.660,0,0,0,0,0,0,0,0,12,0,0,0,0,86,30,3,0,0,0,0,0,23,192,0,0,0,26,0,0,0,5,0,0,0,0,0,94,0,0,0,91,0,0,0,0,0,0,0,0,0,0,0,0,0,0,0,0,0,0,0,0,0,0,0,0,0,0,0,,,,,,,,,,,,,,,,
1186.660,0,0,0,0,0,0,0,0,12,0,0,0,0,86,30,3,0,0,0,0,0,23,192,0,0,0,26,0,0,0,5,0,0,0,0,0,94,0,0,0,91,0,0,0,0,0,0,0,0,0,0,0,0,0,0,0,0,0,0,0,0,0,0,0,0,0,0,0,,,,,,,,,,,,,,,,
1186.660,0,0,0,0,0,0,0,0,12,0,0,0,0,86,30,3,0,0,0,0,0,23,192,0,0,0,26,0,0,0,5,0,0,0,0,0,94,0,0,0,91,0,0,0,0,0,0,0,0,0,0,0,0,0,0,0,0,0,0,0,0,0,0,0,0,0,0,0,,,,,,,,,,,,,,,,
1187.235,0,0,0,0,0,0,0,0,12,0,0,0,0,86,30,3,0,0,0,0,0,23,192,0,0,0,26,0,0,0,5,0,0,0,0,0,94,0,0,0,91,0,0,0,0,0,0,0,0,0,0,0,0,0,0,0,0,0,0,0,0,0,0,0,0,0,0,0,,,,,,,,,,,,,,,,
1187.235,0,0,0,0,0,0,0,0,12,0,0,0,0,86,30,3,0,0,0,0,0,23,192,0,0,0,26,0,0,0,5,0,0,0,0,0,94,0,0,0,91,0,0,0,0,0,0,0,0,0,0,0,0,0,0,0,0,0,0,0,0,0,0,0,0,0,0,0,,,,,,,,,,,,,,,,
1187.235,0,0,0,0,0,0,0,0,12,0,0,0,0,86,30,3,0,0,0,0,0,23,192,0,0,0,26,0,0,0,5,0,0,0,0,0,94,0,0,0,91,0,0,0,0,0,0,0,0,0,0,0,0,0,0,0,0,0,0,0,0,0,0,0,0,0,0,0,,,,,,,,,,,,,,,,
1187.801,0,0,0,0,0,0,0,0,12,0,0,0,0,86,30,3,0,0,0,0,0,23,190,0,0,0,26,0,0,0,5,0,0,0,0,0,94,0,0,0,91,0,0,0,0,0,0,0,0,0,0,0,0,0,0,0,0,0,0,0,0,0,0,0,0,0,0,0,,,,,,,,,,,,,,,,
1187.801,0,0,0,0,0,0,0,0,12,0,0,0,0,86,30,3,0,0,0,0,0,23,190,0,0,0,26,0,0,0,5,0,0,0,0,0,94,0,0,0,91,0,0,0,0,0,0,0,0,0,0,0,0,0,0,0,0,0,0,0,0,0,0,0,0,0,0,0,,,,,,,,,,,,,,,,
1187.801,0,0,0,0,0,0,0,0,12,0,0,0,0,86,30,3,0,0,0,0,0,23,190,0,0,0,26,0,0,0,5,0,0,0,0,0,94,0,0,0,91,0,0,0,0,0,0,0,0,0,0,0,0,0,0,0,0,0,0,0,0,0,0,0,0,0,0,0,,,,,,,,,,,,,,,,
1188.370,0,0,0,0,0,0,0,0,12,0,0,0,0,86,30,3,0,0,0,0,0,23,190,0,0,0,26,0,0,0,5,0,0,0,0,0,94,0,0,0,91,0,0,0,0,0,0,0,0,0,0,0,0,0,0,0,0,0,0,0,0,0,0,0,0,0,0,0,,,,,,,,,,,,,,,,
1188.370,0,0,0,0,0,0,0,0,12,0,0,0,0,86,30,3,0,0,0,0,0,23,190,0,0,0,26,0,0,0,5,0,0,0,0,0,94,0,0,0,91,0,0,0,0,0,0,0,0,0,0,0,0,0,0,0,0,0,0,0,0,0,0,0,0,0,0,0,,,,,,,,,,,,,,,,
1188.370,0,0,0,0,0,0,0,0,12,0,0,0,0,86,30,3,0,0,0,0,0,23,190,0,0,0,26,0,0,0,5,0,0,0,0,0,94,0,0,0,91,0,0,0,0,0,0,0,0,0,0,0,0,0,0,0,0,0,0,0,0,0,0,0,0,0,0,0,,,,,,,,,,,,,,,,
1188.370,0,0,0,0,0,0,0,0,12,0,0,0,0,86,30,3,0,0,0,0,0,23,190,0,0,0,26,0,0,0,5,0,0,0,0,0,94,0,0,0,91,0,0,0,0,0,0,0,0,0,0,0,0,0,0,0,0,0,0,0,0,0,0,0,0,0,0,0,,,,,,,,,,,,,,,,
1188.947,0,0,0,0,0,0,0,0,12,0,0,0,0,86,30,3,0,0,0,0,0,23,190,0,0,0,26,0,0,0,5,0,0,0,0,0,94,0,0,0,91,0,0,0,0,0,0,0,0,0,0,0,0,0,0,0,0,0,0,0,0,0,0,0,0,0,0,0,,,,,,,,,,,,,,,,
1188.947,0,0,0,0,0,0,0,0,12,0,0,0,0,86,30,3,0,0,0,0,0,23,190,0,0,0,26,0,0,0,5,0,0,0,0,0,94,0,0,0,91,0,0,0,0,0,0,0,0,0,0,0,0,0,0,0,0,0,0,0,0,0,0,0,0,0,0,0,,,,,,,,,,,,,,,,
1188.947,0,0,0,0,0,0,0,0,12,0,0,0,0,86,30,3,0,0,0,0,0,23,190,0,0,0,26,0,0,0,5,0,0,0,0,0,94,0,0,0,91,0,0,0,0,0,0,0,0,0,0,0,0,0,0,0,0,0,0,0,0,0,0,0,0,0,0,0,,,,,,,,,,,,,,,,
1189.517,0,0,0,0,0,0,0,0,12,0,0,0,0,86,30,3,0,0,0,0,0,23,189,0,0,0,26,0,0,0,5,0,0,0,0,0,94,0,0,0,91,0,0,0,0,0,0,0,0,0,0,0,0,0,0,0,0,0,0,0,0,0,0,0,0,0,0,0,,,,,,,,,,,,,,,,
1189.517,0,0,0,0,0,0,0,0,12,0,0,0,0,86,30,3,0,0,0,0,0,23,189,0,0,0,26,0,0,0,5,0,0,0,0,0,94,0,0,0,91,0,0,0,0,0,0,0,0,0,0,0,0,0,0,0,0,0,0,0,0,0,0,0,0,0,0,0,,,,,,,,,,,,,,,,
1189.517,0,0,0,0,0,0,0,0,12,0,0,0,0,86,30,3,0,0,0,0,0,23,189,0,0,0,26,0,0,0,5,0,0,0,0,0,94,0,0,0,91,0,0,0,0,0,0,0,0,0,0,0,0,0,0,0,0,0,0,0,0,0,0,0,0,0,0,0,,,,,,,,,,,,,,,,
1190.087,0,0,0,0,0,0,0,0,12,0,0,0,0,86,30,3,0,0,0,0,0,23,189,0,0,0,26,0,0,0,5,0,0,0,0,0,94,0,0,0,91,0,0,0,0,0,0,0,0,0,0,0,0,0,0,0,0,0,0,0,0,0,0,0,0,0,0,0,,,,,,,,,,,,,,,,
1190.087,0,0,0,0,0,0,0,0,12,0,0,0,0,86,30,3,0,0,0,0,0,23,189,0,0,0,26,0,0,0,5,0,0,0,0,0,94,0,0,0,91,0,0,0,0,0,0,0,0,0,0,0,0,0,0,0,0,0,0,0,0,0,0,0,0,0,0,0,,,,,,,,,,,,,,,,
1190.087,0,0,0,0,0,0,0,0,12,0,0,0,0,86,30,3,0,0,0,0,0,23,189,0,0,0,26,0,0,0,5,0,0,0,0,0,94,0,0,0,91,0,0,0,0,0,0,0,0,0,0,0,0,0,0,0,0,0,0,0,0,0,0,0,0,0,0,0,,,,,,,,,,,,,,,,
1190.656,0,0,0,0,0,0,0,0,12,0,0,0,0,86,30,3,0,0,0,0,0,23,189,0,0,0,26,0,0,0,5,0,0,0,0,0,94,0,0,0,91,0,0,0,0,0,0,0,0,0,0,0,0,0,0,0,0,0,0,0,0,0,0,0,0,0,0,0,,,,,,,,,,,,,,,,
1190.657,0,0,0,0,0,0,0,0,12,0,0,0,0,86,30,3,0,0,0,0,0,23,189,0,0,0,26,0,0,0,5,0,0,0,0,0,94,0,0,0,91,0,0,0,0,0,0,0,0,0,0,0,0,0,0,0,0,0,0,0,0,0,0,0,0,0,0,0,,,,,,,,,,,,,,,,
1190.657,0,0,0,0,0,0,0,0,12,0,0,0,0,86,30,3,0,0,0,0,0,23,189,0,0,0,26,0,0,0,5,0,0,0,0,0,94,0,0,0,91,0,0,0,0,0,0,0,0,0,0,0,0,0,0,0,0,0,0,0,0,0,0,0,0,0,0,0,,,,,,,,,,,,,,,,
1190.657,0,0,0,0,0,0,0,0,12,0,0,0,0,86,30,3,0,0,0,0,0,23,189,0,0,0,26,0,0,0,5,0,0,0,0,0,94,0,0,0,91,0,0,0,0,0,0,0,0,0,0,0,0,0,0,0,0,0,0,0,0,0,0,0,0,0,0,0,,,,,,,,,,,,,,,,
1191.227,0,0,0,0,0,0,0,0,12,0,0,0,0,86,30,3,0,0,0,0,0,23,187,0,0,0,26,0,0,0,5,0,0,0,0,0,94,0,0,0,91,0,0,0,0,0,0,0,0,0,0,0,0,0,0,0,0,0,0,0,0,0,0,0,0,0,0,0,,,,,,,,,,,,,,,,
1191.227,0,0,0,0,0,0,0,0,12,0,0,0,0,86,30,3,0,0,0,0,0,23,187,0,0,0,26,0,0,0,5,0,0,0,0,0,94,0,0,0,91,0,0,0,0,0,0,0,0,0,0,0,0,0,0,0,0,0,0,0,0,0,0,0,0,0,0,0,,,,,,,,,,,,,,,,
1191.227,0,0,0,0,0,0,0,0,12,0,0,0,0,86,30,3,0,0,0,0,0,23,187,0,0,0,26,0,0,0,5,0,0,0,0,0,94,0,0,0,91,0,0,0,0,0,0,0,0,0,0,0,0,0,0,0,0,0,0,0,0,0,0,0,0,0,0,0,,,,,,,,,,,,,,,,
1191.797,0,0,0,0,0,0,0,0,12,0,0,0,0,86,30,3,0,0,0,0,0,23,187,0,0,0,26,0,0,0,5,0,0,0,0,0,94,0,0,0,91,0,0,0,0,0,0,0,0,0,0,0,0,0,0,0,0,0,0,0,0,0,0,0,0,0,0,0,,,,,,,,,,,,,,,,
1191.797,0,0,0,0,0,0,0,0,12,0,0,0,0,85,30,3,0,0,0,0,0,23,187,0,0,0,26,0,0,0,5,0,0,0,0,0,94,0,0,0,91,0,0,0,0,0,0,0,0,0,0,0,0,0,0,0,0,0,0,0,0,0,0,0,0,0,0,0,,,,,,,,,,,,,,,,
1191.797,0,0,0,0,0,0,0,0,12,0,0,0,0,85,30,3,0,0,0,0,0,23,187,0,0,0,26,0,0,0,5,0,0,0,0,0,94,0,0,0,91,0,0,0,0,0,0,0,0,0,0,0,0,0,0,0,0,0,0,0,0,0,0,0,0,0,0,0,,,,,,,,,,,,,,,,
1192.953,0,0,0,0,0,0,0,0,12,0,0,0,0,85,30,3,0,0,0,0,0,23,186,0,0,0,26,0,0,0,5,0,0,0,0,0,94,0,0,0,91,0,0,0,0,0,0,0,0,0,0,0,0,0,0,0,0,0,0,0,0,0,0,0,0,0,0,0,,,,,,,,,,,,,,,,
1192.953,0,0,0,0,0,0,0,0,12,0,0,0,0,85,30,3,0,0,0,0,0,23,186,0,0,0,26,0,0,0,5,0,0,0,0,0,94,0,0,0,91,0,0,0,0,0,0,0,0,0,0,0,0,0,0,0,0,0,0,0,0,0,0,0,0,0,0,0,,,,,,,,,,,,,,,,
1192.953,0,0,0,0,0,0,0,0,12,0,0,0,0,85,30,3,0,0,0,0,0,23,186,0,0,0,26,0,0,0,5,0,0,0,0,0,94,0,0,0,91,0,0,0,0,0,0,0,0,0,0,0,0,0,0,0,0,0,0,0,0,0,0,0,0,0,0,0,,,,,,,,,,,,,,,,
1193.523,0,0,0,0,0,0,0,0,12,0,0,0,0,85,30,3,0,0,0,0,0,23,186,0,0,0,26,0,0,0,5,0,0,0,0,0,94,0,0,0,91,0,0,0,0,0,0,0,0,0,0,0,0,0,0,0,0,0,0,0,0,0,0,0,0,0,0,0,,,,,,,,,,,,,,,,
1193.523,0,0,0,0,0,0,0,0,12,0,0,0,0,85,30,3,0,0,0,0,0,23,186,0,0,0,26,0,0,0,5,0,0,0,0,0,94,0,0,0,91,0,0,0,0,0,0,0,0,0,0,0,0,0,0,0,0,0,0,0,0,0,0,0,0,0,0,0,,,,,,,,,,,,,,,,
1193.523,0,0,0,0,0,0,0,0,12,0,0,0,0,85,30,3,0,0,0,0,0,23,186,0,0,0,26,0,0,0,5,0,0,0,0,0,94,0,0,0,91,0,0,0,0,0,0,0,0,0,0,0,0,0,0,0,0,0,0,0,0,0,0,0,0,0,0,0,,,,,,,,,,,,,,,,
1194.093,0,0,0,0,0,0,0,0,12,0,0,0,0,85,30,3,0,0,0,0,0,23,186,0,0,0,26,0,0,0,5,0,0,0,0,0,94,0,0,0,91,0,0,0,0,0,0,0,0,0,0,0,0,0,0,0,0,0,0,0,0,0,0,0,0,0,0,0,,,,,,,,,,,,,,,,
1194.093,0,0,0,0,0,0,0,0,12,0,0,0,0,85,30,3,0,0,0,0,0,23,186,0,0,0,26,0,0,0,5,0,0,0,0,0,94,0,0,0,91,0,0,0,0,0,0,0,0,0,0,0,0,0,0,0,0,0,0,0,0,0,0,0,0,0,0,0,,,,,,,,,,,,,,,,
1194.093,0,0,0,0,0,0,0,0,12,0,0,0,0,85,30,3,0,0,0,0,0,23,186,0,0,0,26,0,0,0,5,0,0,0,0,0,94,0,0,0,91,0,0,0,0,0,0,0,0,0,0,0,0,0,0,0,0,0,0,0,0,0,0,0,0,0,0,0,,,,,,,,,,,,,,,,
1194.949,0,0,0,0,0,0,0,0,12,0,0,0,0,85,30,3,0,0,0,0,0,23,184,0,0,0,26,0,0,0,5,0,0,0,0,0,94,0,0,0,91,0,0,0,0,0,0,0,0,0,0,0,0,0,0,0,0,0,0,0,0,0,0,0,0,0,0,0,,,,,,,,,,,,,,,,
1194.949,0,0,0,0,0,0,0,0,12,0,0,0,0,85,30,3,0,0,0,0,0,23,184,0,0,0,26,0,0,0,5,0,0,0,0,0,94,0,0,0,91,0,0,0,0,0,0,0,0,0,0,0,0,0,0,0,0,0,0,0,0,0,0,0,0,0,0,0,,,,,,,,,,,,,,,,
1194.949,0,0,0,0,0,0,0,0,12,0,0,0,0,85,30,3,0,0,0,0,0,23,184,0,0,0,26,0,0,0,5,0,0,0,0,0,94,0,0,0,91,0,0,0,0,0,0,0,0,0,0,0,0,0,0,0,0,0,0,0,0,0,0,0,0,0,0,0,,,,,,,,,,,,,,,,
1195.518,0,0,0,0,0,0,0,0,12,0,0,0,0,85,30,3,0,0,0,0,0,23,184,0,0,0,26,0,0,0,5,0,0,0,0,0,94,0,0,0,91,0,0,0,0,0,0,0,0,0,0,0,0,0,0,0,0,0,0,0,0,0,0,0,0,0,0,0,,,,,,,,,,,,,,,,
1195.518,0,0,0,0,0,0,0,0,12,0,0,0,0,85,30,3,0,0,0,0,0,23,184,0,0,0,26,0,0,0,5,0,0,0,0,0,94,0,0,0,91,0,0,0,0,0,0,0,0,0,0,0,0,0,0,0,0,0,0,0,0,0,0,0,0,0,0,0,,,,,,,,,,,,,,,,
1195.518,0,0,0,0,0,0,0,0,12,0,0,0,0,85,30,3,0,0,0,0,0,23,184,0,0,0,26,0,0,0,5,0,0,0,0,0,94,0,0,0,91,0,0,0,0,0,0,0,0,0,0,0,0,0,0,0,0,0,0,0,0,0,0,0,0,0,0,0,,,,,,,,,,,,,,,,
1196.088,0,0,0,0,0,0,0,0,12,0,0,0,0,85,30,3,0,0,0,0,0,23,184,0,0,0,26,0,0,0,5,0,0,0,0,0,94,0,0,0,91,0,0,0,0,0,0,0,0,0,0,0,0,0,0,0,0,0,0,0,0,0,0,0,0,0,0,0,,,,,,,,,,,,,,,,
1196.088,0,0,0,0,0,0,0,0,12,0,0,0,0,85,30,3,0,0,0,0,0,23,184,0,0,0,26,0,0,0,5,0,0,0,0,0,94,0,0,0,91,0,0,0,0,0,0,0,0,0,0,0,0,0,0,0,0,0,0,0,0,0,0,0,0,0,0,0,,,,,,,,,,,,,,,,
1196.088,0,0,0,0,0,0,0,0,12,0,0,0,0,85,30,3,0,0,0,0,0,23,184,0,0,0,26,0,0,0,5,0,0,0,0,0,94,0,0,0,91,0,0,0,0,0,0,0,0,0,0,0,0,0,0,0,0,0,0,0,0,0,0,0,0,0,0,0,,,,,,,,,,,,,,,,
1196.088,0,0,0,0,0,0,0,0,12,0,0,0,0,85,30,3,0,0,0,0,0,23,184,0,0,0,26,0,0,0,5,0,0,0,0,0,94,0,0,0,91,0,0,0,0,0,0,0,0,0,0,0,0,0,0,0,0,0,0,0,0,0,0,0,0,0,0,0,,,,,,,,,,,,,,,,
1196.955,0,0,0,0,0,0,0,0,12,0,0,0,0,85,30,3,0,0,0,0,0,23,183,0,0,0,26,0,0,0,5,0,0,0,0,0,94,0,0,0,91,0,0,0,0,0,0,0,0,0,0,0,0,0,0,0,0,0,0,0,0,0,0,0,0,0,0,0,,,,,,,,,,,,,,,,
1196.955,0,0,0,0,0,0,0,0,12,0,0,0,0,85,30,3,0,0,0,0,0,23,183,0,0,0,26,0,0,0,5,0,0,0,0,0,94,0,0,0,91,0,0,0,0,0,0,0,0,0,0,0,0,0,0,0,0,0,0,0,0,0,0,0,0,0,0,0,,,,,,,,,,,,,,,,
1196.955,0,0,0,0,0,0,0,0,12,0,0,0,0,85,30,3,0,0,0,0,0,23,183,0,0,0,26,0,0,0,5,0,0,0,0,0,94,0,0,0,91,0,0,0,0,0,0,0,0,0,0,0,0,0,0,0,0,0,0,0,0,0,0,0,0,0,0,0,,,,,,,,,,,,,,,,
1197.524,0,0,0,0,0,0,0,0,12,0,0,0,0,85,30,3,0,0,0,0,0,23,183,0,0,0,26,0,0,0,5,0,0,0,0,0,94,0,0,0,91,0,0,0,0,0,0,0,0,0,0,0,0,0,0,0,0,0,0,0,0,0,0,0,0,0,0,0,,,,,,,,,,,,,,,,
1197.524,0,0,0,0,0,0,0,0,12,0,0,0,0,85,30,3,0,0,0,0,0,23,183,0,0,0,26,0,0,0,5,0,0,0,0,0,94,0,0,0,91,0,0,0,0,0,0,0,0,0,0,0,0,0,0,0,0,0,0,0,0,0,0,0,0,0,0,0,,,,,,,,,,,,,,,,
1197.524,0,0,0,0,0,0,0,0,12,0,0,0,0,85,30,3,0,0,0,0,0,23,183,0,0,0,26,0,0,0,5,0,0,0,0,0,94,0,0,0,91,0,0,0,0,0,0,0,0,0,0,0,0,0,0,0,0,0,0,0,0,0,0,0,0,0,0,0,,,,,,,,,,,,,,,,
1198.094,0,0,0,0,0,0,0,0,12,0,0,0,0,85,30,3,0,0,0,0,0,23,183,0,0,0,26,0,0,0,5,0,0,0,0,0,94,0,0,0,91,0,0,0,0,0,0,0,0,0,0,0,0,0,0,0,0,0,0,0,0,0,0,0,0,0,0,0,,,,,,,,,,,,,,,,
1198.094,0,0,0,0,0,0,0,0,12,0,0,0,0,85,30,3,0,0,0,0,0,23,183,0,0,0,26,0,0,0,5,0,0,0,0,0,94,0,0,0,91,0,0,0,0,0,0,0,0,0,0,0,0,0,0,0,0,0,0,0,0,0,0,0,0,0,0,0,,,,,,,,,,,,,,,,
1198.094,0,0,0,0,0,0,0,0,12,0,0,0,0,85,30,3,0,0,0,0,0,23,183,0,0,0,26,0,0,0,5,0,0,0,0,0,94,0,0,0,91,0,0,0,0,0,0,0,0,0,0,0,0,0,0,0,0,0,0,0,0,0,0,0,0,0,0,0,,,,,,,,,,,,,,,,
1198.665,0,0,0,0,0,0,0,0,12,0,0,0,0,85,30,3,0,0,0,0,0,23,183,0,0,0,26,0,0,0,5,0,0,0,0,0,94,0,0,0,91,0,0,0,0,0,0,0,0,0,0,0,0,0,0,0,0,0,0,0,0,0,0,0,0,0,0,0,,,,,,,,,,,,,,,,
1198.665,0,0,0,0,0,0,0,0,12,0,0,0,0,85,30,3,0,0,0,0,0,23,183,0,0,0,26,0,0,0,5,0,0,0,0,0,94,0,0,0,91,0,0,0,0,0,0,0,0,0,0,0,0,0,0,0,0,0,0,0,0,0,0,0,0,0,0,0,,,,,,,,,,,,,,,,
1198.665,0,0,0,0,0,0,0,0,12,0,0,0,0,85,30,3,0,0,0,0,0,23,183,0,0,0,26,0,0,0,5,0,0,0,0,0,94,0,0,0,91,0,0,0,0,0,0,0,0,0,0,0,0,0,0,0,0,0,0,0,0,0,0,0,0,0,0,0,,,,,,,,,,,,,,,,
1198.665,0,0,0,0,0,0,0,0,12,0,0,0,0,85,30,3,0,0,0,0,0,23,183,0,0,0,26,0,0,0,5,0,0,0,0,0,94,0,0,0,91,0,0,0,0,0,0,0,0,0,0,0,0,0,0,0,0,0,0,0,0,0,0,0,0,0,0,0,,,,,,,,,,,,,,,,
1199.235,0,0,0,0,0,0,0,0,12,0,0,0,0,85,30,3,0,0,0,0,0,23,182,0,0,0,26,0,0,0,5,0,0,0,0,0,94,0,0,0,91,0,0,0,0,0,0,0,0,0,0,0,0,0,0,0,0,0,0,0,0,0,0,0,0,0,0,0,,,,,,,,,,,,,,,,
1199.235,0,0,0,0,0,0,0,0,12,0,0,0,0,85,30,3,0,0,0,0,0,23,182,0,0,0,26,0,0,0,5,0,0,0,0,0,94,0,0,0,91,0,0,0,0,0,0,0,0,0,0,0,0,0,0,0,0,0,0,0,0,0,0,0,0,0,0,0,,,,,,,,,,,,,,,,
1199.235,0,0,0,0,0,0,0,0,12,0,0,0,0,85,30,3,0,0,0,0,0,23,182,0,0,0,26,0,0,0,5,0,0,0,0,0,94,0,0,0,91,0,0,0,0,0,0,0,0,0,0,0,0,0,0,0,0,0,0,0,0,0,0,0,0,0,0,0,,,,,,,,,,,,,,,,
1199.805,0,0,0,0,0,0,0,0,12,0,0,0,0,85,30,3,0,0,0,0,0,23,182,0,0,0,26,0,0,0,5,0,0,0,0,0,94,0,0,0,91,0,0,0,0,0,0,0,0,0,0,0,0,0,0,0,0,0,0,0,0,0,0,0,0,0,0,0,,,,,,,,,,,,,,,,
1199.805,0,0,0,0,0,0,0,0,12,0,0,0,0,84,30,3,0,0,0,0,0,23,182,0,0,0,26,0,0,0,5,0,0,0,0,0,94,0,0,0,91,0,0,0,0,0,0,0,0,0,0,0,0,0,0,0,0,0,0,0,0,0,0,0,0,0,0,0,,,,,,,,,,,,,,,,
1199.805,0,0,0,0,0,0,0,0,12,0,0,0,0,84,30,3,0,0,0,0,0,23,182,0,0,0,26,0,0,0,5,0,0,0,0,0,94,0,0,0,91,0,0,0,0,0,0,0,0,0,0,0,0,0,0,0,0,0,0,0,0,0,0,0,0,0,0,0,,,,,,,,,,,,,,,,
1200.374,0,0,0,0,0,0,0,0,12,0,0,0,0,84,30,3,0,0,0,0,0,23,182,0,0,0,26,0,0,0,5,0,0,0,0,0,94,0,0,0,91,0,0,0,0,0,0,0,0,0,0,0,0,0,0,0,0,0,0,0,0,0,0,0,0,0,0,0,,,,,,,,,,,,,,,,
1200.374,0,0,0,0,0,0,0,0,12,0,0,0,0,84,30,3,0,0,0,0,0,23,182,0,0,0,26,0,0,0,5,0,0,0,0,0,94,0,0,0,91,0,0,0,0,0,0,0,0,0,0,0,0,0,0,0,0,0,0,0,0,0,0,0,0,0,0,0,,,,,,,,,,,,,,,,
1200.374,0,0,0,0,0,0,0,0,12,0,0,0,0,84,30,3,0,0,0,0,0,23,182,0,0,0,26,0,0,0,5,0,0,0,0,0,94,0,0,0,91,0,0,0,0,0,0,0,0,0,0,0,0,0,0,0,0,0,0,0,0,0,0,0,0,0,0,0,,,,,,,,,,,,,,,,
1200.374,0,0,0,0,0,0,0,0,12,0,0,0,0,84,30,3,0,0,0,0,0,23,182,0,0,0,26,0,0,0,5,0,0,0,0,0,94,0,0,0,91,0,0,0,0,0,0,0,0,0,0,0,0,0,0,0,0,0,0,0,0,0,0,0,0,0,0,0,,,,,,,,,,,,,,,,
1200.950,0,0,0,0,0,0,0,0,12,0,0,0,0,84,30,3,0,0,0,0,0,23,181,0,0,0,26,0,0,0,5,0,0,0,0,0,94,0,0,0,91,0,0,0,0,0,0,0,0,0,0,0,0,0,0,0,0,0,0,0,0,0,0,0,0,0,0,0,,,,,,,,,,,,,,,,
1200.950,0,0,0,0,0,0,0,0,12,0,0,0,0,84,30,3,0,0,0,0,0,23,181,0,0,0,26,0,0,0,5,0,0,0,0,0,94,0,0,0,91,0,0,0,0,0,0,0,0,0,0,0,0,0,0,0,0,0,0,0,0,0,0,0,0,0,0,0,,,,,,,,,,,,,,,,
1200.950,0,0,0,0,0,0,0,0,12,0,0,0,0,84,30,3,0,0,0,0,0,23,181,0,0,0,26,0,0,0,5,0,0,0,0,0,94,0,0,0,91,0,0,0,0,0,0,0,0,0,0,0,0,0,0,0,0,0,0,0,0,0,0,0,0,0,0,0,,,,,,,,,,,,,,,,
1201.521,0,0,0,0,0,0,0,0,12,0,0,0,0,84,30,3,0,0,0,0,0,23,181,0,0,0,26,0,0,0,5,0,0,0,0,0,94,0,0,0,91,0,0,0,0,0,0,0,0,0,0,0,0,0,0,0,0,0,0,0,0,0,0,0,0,0,0,0,,,,,,,,,,,,,,,,
1201.521,0,0,0,0,0,0,0,0,12,0,0,0,0,84,30,3,0,0,0,0,0,23,181,0,0,0,26,0,0,0,5,0,0,0,0,0,94,0,0,0,91,0,0,0,0,0,0,0,0,0,0,0,0,0,0,0,0,0,0,0,0,0,0,0,0,0,0,0,,,,,,,,,,,,,,,,
1201.521,0,0,0,0,0,0,0,0,12,0,0,0,0,84,30,3,0,0,0,0,0,23,181,0,0,0,26,0,0,0,5,0,0,0,0,0,94,0,0,0,91,0,0,0,0,0,0,0,0,0,0,0,0,0,0,0,0,0,0,0,0,0,0,0,0,0,0,0,,,,,,,,,,,,,,,,
1202.090,0,0,0,0,0,0,0,0,12,0,0,0,0,84,30,3,0,0,0,0,0,23,181,0,0,0,26,0,0,0,5,0,0,0,0,0,94,0,0,0,91,0,0,0,0,0,0,0,0,0,0,0,0,0,0,0,0,0,0,0,0,0,0,0,0,0,0,0,,,,,,,,,,,,,,,,
1202.090,0,0,0,0,0,0,0,0,12,0,0,0,0,84,30,3,0,0,0,0,0,23,181,0,0,0,26,0,0,0,5,0,0,0,0,0,94,0,0,0,91,0,0,0,0,0,0,0,0,0,0,0,0,0,0,0,0,0,0,0,0,0,0,0,0,0,0,0,,,,,,,,,,,,,,,,
1202.090,0,0,0,0,0,0,0,0,12,0,0,0,0,84,30,3,0,0,0,0,0,23,181,0,0,0,26,0,0,0,5,0,0,0,0,0,94,0,0,0,91,0,0,0,0,0,0,0,0,0,0,0,0,0,0,0,0,0,0,0,0,0,0,0,0,0,0,0,,,,,,,,,,,,,,,,
1202.946,0,0,0,0,0,0,0,0,12,0,0,0,0,84,30,3,0,0,0,0,0,23,180,0,0,0,26,0,0,0,5,0,0,0,0,0,94,0,0,0,91,0,0,0,0,0,0,0,0,0,0,0,0,0,0,0,0,0,0,0,0,0,0,0,0,0,0,0,,,,,,,,,,,,,,,,
1202.946,0,0,0,0,0,0,0,0,12,0,0,0,0,84,30,3,0,0,0,0,0,23,180,0,0,0,26,0,0,0,5,0,0,0,0,0,94,0,0,0,91,0,0,0,0,0,0,0,0,0,0,0,0,0,0,0,0,0,0,0,0,0,0,0,0,0,0,0,,,,,,,,,,,,,,,,
1202.946,0,0,0,0,0,0,0,0,12,0,0,0,0,84,30,3,0,0,0,0,0,23,180,0,0,0,26,0,0,0,5,0,0,0,0,0,94,0,0,0,91,0,0,0,0,0,0,0,0,0,0,0,0,0,0,0,0,0,0,0,0,0,0,0,0,0,0,0,,,,,,,,,,,,,,,,
1203.517,0,0,0,0,0,0,0,0,12,0,0,0,0,84,30,3,0,0,0,0,0,23,180,0,0,0,26,0,0,0,5,0,0,0,0,0,94,0,0,0,91,0,0,0,0,0,0,0,0,0,0,0,0,0,0,0,0,0,0,0,0,0,0,0,0,0,0,0,,,,,,,,,,,,,,,,
1203.517,0,0,0,0,0,0,0,0,12,0,0,0,0,84,30,3,0,0,0,0,0,23,180,0,0,0,26,0,0,0,5,0,0,0,0,0,94,0,0,0,91,0,0,0,0,0,0,0,0,0,0,0,0,0,0,0,0,0,0,0,0,0,0,0,0,0,0,0,,,,,,,,,,,,,,,,
1203.517,0,0,0,0,0,0,0,0,12,0,0,0,0,84,30,3,0,0,0,0,0,23,180,0,0,0,26,0,0,0,5,0,0,0,0,0,94,0,0,0,91,0,0,0,0,0,0,0,0,0,0,0,0,0,0,0,0,0,0,0,0,0,0,0,0,0,0,0,,,,,,,,,,,,,,,,
